step,lr,loss,true_loss,grad_norm,grad_norm_manual,grad_norm_post_clip,clipped,valid_tokens,dt_s,tok_per_s,probe_loss,gn_wte/lm_head,gn_wpe,gn_h.0,gn_h.1,gn_h.2,gn_h.3,gn_h.4,gn_h.5,gn_ln_f,run
1,2e-05,4.273699760437012,4.273699760437012,14.125073432922363,14.125073432922363,1.0,True,3495,0.1138822200000007,30689.601941373978,,2.5930023193359375,0.992326557636261,7.974447250366211,6.5705976486206055,5.551840305328369,4.8589558601379395,4.18644380569458,3.617204189300537,0.04389868304133415,correct
2,4e-05,3.9150002002716064,3.9150002002716064,9.710826873779297,9.710826873779297,0.9999998807907104,True,3693,0.042520271999997306,86852.68993576133,,2.396691083908081,0.5945263504981995,4.987306594848633,4.193624019622803,3.725979804992676,3.519214391708374,3.199389934539795,3.039274215698242,0.04209257289767265,correct
3,6e-05,3.6182332038879395,3.6182332038879395,5.088046550750732,5.088046550750732,0.9999998211860657,True,3714,0.03961492299999847,93752.54875543097,,1.7057523727416992,0.28734374046325684,2.3268532752990723,2.004767656326294,1.869033694267273,1.8782074451446533,1.8010445833206177,1.7879809141159058,0.033653371036052704,correct
4,8e-05,3.4449541568756104,3.4449541568756104,3.337604284286499,3.337604284286499,0.9999997019767761,True,3631,0.038942233000000215,93240.67266507239,,1.4082411527633667,0.19609004259109497,1.446243405342102,1.271677851676941,1.1945159435272217,1.194629430770874,1.1489784717559814,1.1109193563461304,0.03038397617638111,correct
5,0.0001,3.320777416229248,3.320777416229248,2.691558361053467,2.691558361053467,0.9999996423721313,True,3632,0.03976510699999736,91336.35677128295,,1.1060435771942139,0.20964106917381287,1.2522656917572021,1.0992246866226196,0.9834312200546265,0.9088650941848755,0.8596385717391968,0.8171571493148804,0.029036816209554672,correct
6,0.00012,3.2219157218933105,3.2219157218933105,2.902405023574829,2.902405023574829,0.9999997019767761,True,3639,0.03933796900000175,92506.04676616218,,1.2229729890823364,0.23765809834003448,1.3450649976730347,1.2093406915664673,1.0664360523223877,0.9559101462364197,0.9161268472671509,0.8417894244194031,0.03403528407216072,correct
7,0.00014000000000000001,3.13385272026062,3.13385272026062,4.207134246826172,4.207134246826172,0.9999997615814209,True,3693,0.039424821000000776,93671.95351375031,,1.3839311599731445,0.33372440934181213,2.0806777477264404,1.9616098403930664,1.6174206733703613,1.360818862915039,1.286683440208435,1.1712274551391602,0.03167698532342911,correct
8,0.00016,3.0894505977630615,3.0894505977630615,6.608009338378906,6.608009338378906,0.9999998807907104,True,3658,0.03985091799999907,91792.11379773197,,1.6630641222000122,0.6269875168800354,3.595609188079834,3.582045555114746,2.6393086910247803,1.9025474786758423,1.5692124366760254,1.302923321723938,0.041988804936409,correct
9,0.00018,2.982647180557251,2.982647180557251,2.654165506362915,2.654165506362915,0.9999995827674866,True,3822,0.03986836900000057,95865.47169762438,,1.0314056873321533,0.3019765019416809,1.5382801294326782,1.2077081203460693,0.8786329627037048,0.7089788913726807,0.6496635675430298,0.6058790683746338,0.03071192093193531,correct
10,0.0002,2.901690721511841,2.901690721511841,2.066912889480591,2.066912889480591,0.999999463558197,True,3745,0.04031610600000235,92890.9156057825,,0.987547755241394,0.21756549179553986,1.1384767293930054,0.8441306948661804,0.6416948437690735,0.5562947392463684,0.5204645395278931,0.4980136454105377,0.026839368045330048,correct
11,0.00021999999999999998,2.92893385887146,2.92893385887146,2.624232053756714,2.624232053756714,0.9999995827674866,True,3545,0.039993100000000226,88640.29045010214,,1.168800950050354,0.2859633266925812,1.51768159866333,1.1171809434890747,0.8035494685173035,0.6662195324897766,0.6401070356369019,0.6223388314247131,0.026255259290337563,correct
12,0.00024,2.822849750518799,2.822849750518799,2.3177995681762695,2.3177995681762695,0.999999463558197,True,3422,0.04010887200000113,85317.78206078455,,0.9816355109214783,0.28923115134239197,1.5248078107833862,0.9344794750213623,0.627121090888977,0.5243996381759644,0.4884294867515564,0.4683515131473541,0.02116216905415058,correct
13,0.00026000000000000003,2.7171943187713623,2.7171943187713623,2.2274672985076904,2.2274672985076904,0.9999996423721313,True,3814,0.039519282000000544,96509.85055851843,,1.1301841735839844,0.326774924993515,1.4002043008804321,0.8101070523262024,0.5510236024856567,0.4726983904838562,0.4706800878047943,0.4594244360923767,0.03140757605433464,correct
14,0.00028000000000000003,2.7026357650756836,2.7026357650756836,2.572143077850342,2.572143077850342,0.9999996423721313,True,3622,0.039832437999997694,90930.91414590816,,0.985331118106842,0.4144556224346161,1.8436092138290405,1.0526771545410156,0.645574688911438,0.483918160200119,0.4114842414855957,0.3812655210494995,0.02488693594932556,correct
15,0.0003,2.787323474884033,2.787323474884033,4.027313232421875,4.027313232421875,0.9999997615814209,True,3615,0.040007970999997866,90356.99411000355,,0.9740039706230164,0.9312350153923035,3.0271317958831787,1.7549748420715332,1.0631810426712036,0.7153546810150146,0.5533046722412109,0.4596683084964752,0.019442828372120857,correct
16,0.00032,2.6814584732055664,2.6814584732055664,1.994745135307312,1.994745135307312,0.9999995231628418,True,3619,0.04041111699999789,89554.5648985696,,0.9290416836738586,0.39051353931427,1.2738361358642578,0.75616854429245,0.5405333042144775,0.4308406412601471,0.3943052887916565,0.3673734664916992,0.02644936554133892,correct
17,0.00034,2.65820050239563,2.65820050239563,1.8191570043563843,1.8191570043563843,0.9999993443489075,True,3660,0.04015545300000056,91145.77788476073,,0.7834944128990173,0.485811322927475,1.2110344171524048,0.6873689889907837,0.4782291054725647,0.3622574210166931,0.3010813891887665,0.2630231976509094,0.02471024915575981,correct
18,0.00036,2.6411778926849365,2.6411778926849365,1.7148123979568481,1.7148123979568481,0.9999994039535522,True,3349,0.03925223799999955,85319.97589538814,,0.9105051755905151,0.35045114159584045,1.108044981956482,0.5611096024513245,0.3974722921848297,0.3291127383708954,0.30846747756004333,0.29007551074028015,0.02329741045832634,correct
19,0.00037999999999999997,2.6092429161071777,2.6092429161071777,1.6664825677871704,1.6664825677871704,0.9999993443489075,True,3604,0.040162763000001434,89734.8621159324,,0.8985730409622192,0.35427480936050415,1.0886871814727783,0.5094694495201111,0.3704807162284851,0.3076941668987274,0.2941302955150604,0.2837401330471039,0.021638059988617897,correct
20,0.0004,2.6714956760406494,2.6714956760406494,2.086113691329956,2.086113691329956,0.9999995231628418,True,3521,0.0395193220000003,89095.65806822226,,1.1466461420059204,0.5638604164123535,1.3112552165985107,0.634271502494812,0.45970046520233154,0.3835463225841522,0.3523254692554474,0.3383776843547821,0.01946128159761429,correct
21,0.00042,2.619187355041504,2.619187355041504,1.2281228303909302,1.2281228303909302,0.9999992251396179,True,3514,0.03971094500000305,88489.45800709931,,0.8095112442970276,0.22188086807727814,0.6588179469108582,0.348352313041687,0.2741711437702179,0.23901692032814026,0.23962116241455078,0.24137715995311737,0.019379733130335808,correct
22,0.00043999999999999996,2.559936285018921,2.559936285018921,1.1864455938339233,1.1864455938339233,0.9999992251396179,True,3588,0.03942108000000033,91017.29328572353,,0.697126030921936,0.348251074552536,0.7071044445037842,0.3493283689022064,0.2518332302570343,0.20966309309005737,0.19238713383674622,0.18329837918281555,0.019316507503390312,correct
23,0.00046,2.6197049617767334,2.6197049617767334,1.527679204940796,1.527679204940796,0.9999994039535522,True,3472,0.03914519599999977,88695.43021319961,,1.0047056674957275,0.2718054950237274,0.8458871841430664,0.43182173371315,0.32514485716819763,0.2839350700378418,0.284530371427536,0.284268856048584,0.019810331985354424,correct
24,0.00048,2.6108267307281494,2.6108267307281494,1.604295253753662,1.604295253753662,0.999999463558197,True,3495,0.039306128999999856,88917.4306632946,,0.98390132188797,0.37283971905708313,0.9548414945602417,0.47739821672439575,0.33928585052490234,0.28042638301849365,0.2611824572086334,0.25437068939208984,0.019648924469947815,correct
25,0.0005,2.5363121032714844,2.5363121032714844,1.450722575187683,1.450722575187683,0.9999992251396179,True,3714,0.03964907499999981,93671.79436090293,,0.8271929621696472,0.4353199303150177,0.8932774066925049,0.4264513850212097,0.29843124747276306,0.24720880389213562,0.22913089394569397,0.21939148008823395,0.015230907127261162,correct
26,0.0005200000000000001,2.5590438842773438,2.5590438842773438,1.0812134742736816,1.0812134742736816,0.9999991059303284,True,3658,0.039955829000000165,91551.09758828893,,0.7476343512535095,0.2087658941745758,0.5625903010368347,0.3038017153739929,0.22803670167922974,0.1973063349723816,0.1847791075706482,0.17995429039001465,0.01488349586725235,correct
27,0.00054,2.5304386615753174,2.5304386615753174,2.0106098651885986,2.0106098651885986,0.9999995827674866,True,3555,0.03957336399999889,89833.15140962238,,1.3037190437316895,0.3637731075286865,1.2541872262954712,0.48856571316719055,0.355411559343338,0.30913466215133667,0.2971761226654053,0.2967786192893982,0.024151118472218513,correct
28,0.0005600000000000001,2.4985313415527344,2.4985313415527344,1.303589105606079,1.303589105606079,0.9999993443489075,True,3855,0.04008617099999867,96167.82805222599,,0.9288051128387451,0.26063627004623413,0.673570454120636,0.32498255372047424,0.25373515486717224,0.22000910341739655,0.21752627193927765,0.22126205265522003,0.019069502130150795,correct
29,0.00058,2.4796082973480225,2.4796082973480225,0.8892538547515869,0.8892538547515869,0.8892538547515869,False,3857,0.03984977800000067,96788.49402874804,,0.6398482918739319,0.19985723495483398,0.4439156949520111,0.22186578810214996,0.17106835544109344,0.15037521719932556,0.1471910923719406,0.14624306559562683,0.014446365647017956,correct
30,0.0006,2.465183734893799,2.465183734893799,1.4916781187057495,1.4916781187057495,0.9999993443489075,True,3597,0.03935567000000262,91397.24974825128,,1.0662399530410767,0.2572367787361145,0.8280807137489319,0.33856523036956787,0.25250357389450073,0.22130431234836578,0.2256116420030594,0.24015001952648163,0.020369306206703186,correct
31,0.00062,2.4495742321014404,2.4495742321014404,1.1216503381729126,1.1216503381729126,0.9999991655349731,True,3726,0.039712595000001016,93824.13816069951,,0.7804003953933716,0.24545982480049133,0.6082308292388916,0.2817171514034271,0.21128250658512115,0.18151725828647614,0.17482440173625946,0.17647436261177063,0.014811739325523376,correct
32,0.00064,2.429872512817383,2.429872512817383,1.0531158447265625,1.0531158447265625,0.9999990463256836,True,3628,0.039766356999997754,91232.89820086374,,0.7686696648597717,0.2138013243675232,0.5225911736488342,0.2685898244380951,0.20369042456150055,0.1772121787071228,0.16474436223506927,0.16409598290920258,0.016874482855200768,correct
33,0.00066,2.4679760932922363,2.4679760932922363,1.1290589570999146,1.1290589570999146,0.9999991059303284,True,3465,0.03972032599999764,87234.93357028857,,0.8415259718894958,0.2584038972854614,0.5574371218681335,0.2523605525493622,0.19102829694747925,0.17047449946403503,0.16894081234931946,0.17629379034042358,0.015483993105590343,correct
34,0.00068,2.471219778060913,2.471219778060913,1.0957427024841309,1.0957427024841309,0.9999991059303284,True,3592,0.04013293199999879,89502.55615513236,,0.7269603610038757,0.34368404746055603,0.6123281121253967,0.2774774730205536,0.19177211821079254,0.15832354128360748,0.14214733242988586,0.1411401778459549,0.012376655824482441,correct
35,0.0007000000000000001,2.434783935546875,2.434783935546875,0.9791469573974609,0.9791469573974609,0.9791469573974609,False,3441,0.04010132199999816,85807.64494497607,,0.6236363053321838,0.2882028818130493,0.579362690448761,0.2492734044790268,0.17621897161006927,0.14922399818897247,0.1351615935564041,0.13113373517990112,0.012713737785816193,correct
36,0.00072,2.4328835010528564,2.4328835010528564,1.114258050918579,1.114258050918579,0.9999991655349731,True,3498,0.039634213999999446,88257.08010760725,,0.8384198546409607,0.24247317016124725,0.5623350739479065,0.2421192079782486,0.17943106591701508,0.1566825658082962,0.15252313017845154,0.15726715326309204,0.01569387875497341,correct
37,0.00074,2.4553611278533936,2.4553611278533936,1.3119174242019653,1.3119174242019653,0.9999992251396179,True,3617,0.03983273700000112,90804.70669138047,,0.9985055327415466,0.27060991525650024,0.6171027421951294,0.299572229385376,0.2384517788887024,0.2093622237443924,0.19944235682487488,0.19869939982891083,0.019352305680513382,correct
38,0.0007599999999999999,2.4385337829589844,2.4385337829589844,0.8570056557655334,0.8570056557655334,0.8570056557655334,False,3531,0.03981833599999973,88677.73881861924,,0.6267268657684326,0.22512120008468628,0.43421438336372375,0.19236628711223602,0.14518137276172638,0.1256762444972992,0.11863743513822556,0.11964350938796997,0.01356979738920927,correct
39,0.00078,2.449160575866699,2.449160575866699,0.9905872941017151,0.9905872941017151,0.9905872941017151,False,3764,0.03919753699999973,96026.44166137342,,0.7239881753921509,0.2625064551830292,0.5117537379264832,0.21332374215126038,0.16119147837162018,0.1391449272632599,0.13268277049064636,0.1329728215932846,0.012854798696935177,correct
40,0.0008,2.442042827606201,2.442042827606201,1.068108081817627,1.068108081817627,0.9999989867210388,True,3630,0.03887783100000064,93369.4063333919,,0.7970119118690491,0.30737653374671936,0.5359882116317749,0.20370806753635406,0.15500332415103912,0.13563649356365204,0.13624729216098785,0.1455446183681488,0.014011741615831852,correct
41,0.00082,2.4119374752044678,2.4119374752044678,1.3010281324386597,1.3010281324386597,0.9999992251396179,True,3633,0.039230436999996954,92606.66660430732,,0.9174476861953735,0.35194507241249084,0.7285934090614319,0.26868975162506104,0.19551588594913483,0.170225128531456,0.16502487659454346,0.1711345911026001,0.01823698729276657,correct
42,0.00084,2.417764186859131,2.417764186859131,1.232273817062378,1.232273817062378,0.9999992251396179,True,3514,0.03944394000000173,89088.46327217427,,0.8454508185386658,0.3299797475337982,0.7002771496772766,0.29504141211509705,0.20474302768707275,0.17008782923221588,0.15497468411922455,0.1492825597524643,0.015347219072282314,correct
43,0.0008600000000000001,2.392366409301758,2.392366409301758,0.9776636958122253,0.9776636958122253,0.9776636958122253,False,3614,0.03958345299999877,91300.77661491817,,0.7140082120895386,0.25502467155456543,0.5113145112991333,0.21280264854431152,0.156439870595932,0.1337698996067047,0.1263137012720108,0.12533648312091827,0.014878558926284313,correct
44,0.0008799999999999999,2.4166464805603027,2.4166464805603027,1.5720348358154297,1.5720348358154297,0.9999992847442627,True,3657,0.03978501699999981,91919.02569753879,,1.2291992902755737,0.3576049208641052,0.7782022953033447,0.27768969535827637,0.20781473815441132,0.1830003559589386,0.18344733119010925,0.19745995104312897,0.021249575540423393,correct
45,0.0009,2.4024834632873535,2.4024834632873535,1.2843856811523438,1.2843856811523438,0.9999992251396179,True,3725,0.039090554000001276,95291.5632763833,,0.9409815669059753,0.38775599002838135,0.6658772826194763,0.25223231315612793,0.18260808289051056,0.15619860589504242,0.15185844898223877,0.16053596138954163,0.01597738452255726,correct
46,0.00092,2.459315538406372,2.459315538406372,1.1855801343917847,1.1855801343917847,0.9999992251396179,True,3436,0.03951827199999869,86947.12157454947,,0.9523763656616211,0.3018268346786499,0.5041965246200562,0.23061919212341309,0.17258501052856445,0.15407134592533112,0.15050899982452393,0.15383046865463257,0.015504086390137672,correct
47,0.00094,2.426849603652954,2.426849603652954,0.7564060688018799,0.7564060688018799,0.7564060688018799,False,3558,0.038797920000000374,91705.94712293766,,0.5150272846221924,0.2440578043460846,0.4254048466682434,0.16627168655395508,0.11676547676324844,0.09795620292425156,0.08862236887216568,0.08679062128067017,0.0100563270971179,correct
48,0.00096,2.350022315979004,2.350022315979004,0.9612311124801636,0.9612311124801636,0.9612311124801636,False,3675,0.039414089999997515,93240.76745144266,,0.7119952440261841,0.2766155004501343,0.4912392795085907,0.19549278914928436,0.14164090156555176,0.11925171315670013,0.11374826729297638,0.11655404418706894,0.01310946885496378,correct
49,0.00098,2.351072072982788,2.351072072982788,1.076492190361023,1.076492190361023,0.9999992251396179,True,3748,0.03916115600000225,95707.08280418956,,0.7867116928100586,0.28955593705177307,0.5793731212615967,0.21104677021503448,0.15522164106369019,0.1327291876077652,0.12845617532730103,0.13204354047775269,0.01471169013530016,correct
50,0.001,2.3531084060668945,2.3531084060668945,0.9688102602958679,0.9688102602958679,0.9688102602958679,False,3833,0.03911768500000079,97986.37112599896,,0.7016093134880066,0.26889273524284363,0.5226457118988037,0.19562087953090668,0.14441901445388794,0.12262769043445587,0.11552327871322632,0.11483711749315262,0.013447162695229053,correct
51,0.0009999926589918926,2.436361789703369,2.436361789703369,1.1781485080718994,1.1781485080718994,0.9999991059303284,True,3573,0.040195932999999684,88889.58989955595,,0.8657247424125671,0.3072185218334198,0.6110297441482544,0.24911582469940186,0.18934406340122223,0.16167715191841125,0.15338312089443207,0.15167422592639923,0.015271353535354137,correct
52,0.000999970636207083,2.3557565212249756,2.3557565212249756,0.9820486307144165,0.9820486307144165,0.9820486307144165,False,3732,0.039314289,94927.31764778958,,0.6840056777000427,0.29442042112350464,0.549128532409668,0.2098901867866516,0.15202036499977112,0.12569105625152588,0.11299145221710205,0.11157917231321335,0.012286357581615448,correct
53,0.0009999339323641027,2.383646011352539,2.383646011352539,1.1573158502578735,1.1573158502578735,0.9999991059303284,True,3544,0.03926379800000035,90261.2630596757,,0.9256974458694458,0.2536616325378418,0.5443936586380005,0.19817940890789032,0.1518268585205078,0.1367880403995514,0.1372717171907425,0.14688536524772644,0.017296381294727325,correct
54,0.0009998825486604763,2.4333293437957764,2.4333293437957764,0.914602518081665,0.914602518081665,0.914602518081665,False,3585,0.039315638000001485,91185.09026865759,,0.694953441619873,0.23863179981708527,0.4528409540653229,0.18757584691047668,0.13560006022453308,0.11784066259860992,0.10804357379674911,0.1105874702334404,0.012880383059382439,correct
55,0.000999816486772685,2.437079668045044,2.437079668045044,1.3189456462860107,1.3189456462860107,0.9999992251396179,True,3819,0.0397171450000009,96154.94769324214,,1.0286920070648193,0.36096110939979553,0.6289689540863037,0.2361016869544983,0.17271405458450317,0.1501615196466446,0.14717260003089905,0.15922430157661438,0.019507721066474915,correct
56,0.0009997357488561104,2.3356053829193115,2.3356053829193115,1.1001805067062378,1.1001805067062378,0.9999991059303284,True,3552,0.03911245600000157,90815.0590185351,,0.7917976379394531,0.34115439653396606,0.5914695858955383,0.2172630876302719,0.15607933700084686,0.1310233324766159,0.11805453896522522,0.11979419738054276,0.014574634842574596,correct
57,0.0009996403375449646,2.399568557739258,2.399568557739258,0.9778068661689758,0.9778068661689758,0.9778068661689758,False,3471,0.038856130999999294,89329.53206277956,,0.7711312770843506,0.24143211543560028,0.45209917426109314,0.1908133327960968,0.14194448292255402,0.12299342453479767,0.11530490219593048,0.11647339910268784,0.015267356298863888,correct
58,0.0009995302559522039,2.3881702423095703,2.3881702423095703,0.8865422606468201,0.8865422606468201,0.8865422606468201,False,3803,0.03971312600000232,95761.78918778083,,0.6590160727500916,0.24363988637924194,0.4712491035461426,0.17045795917510986,0.12083006650209427,0.1016269251704216,0.09052252769470215,0.08897263556718826,0.011162642389535904,correct
59,0.0009994055076694276,2.3712921142578125,2.3712921142578125,0.8227345943450928,0.8227345943450928,0.8227345943450928,False,3763,0.039636074000000576,94938.76714429248,,0.6297651529312134,0.23266847431659698,0.4076717793941498,0.14713726937770844,0.10870925337076187,0.0960768535733223,0.09149739891290665,0.09348884969949722,0.012140447273850441,correct
60,0.000999266096766761,2.361537456512451,2.361537456512451,1.0546257495880127,1.0546257495880127,0.9999991655349731,True,3602,0.03916088700000131,91979.53049428834,,0.8549966216087341,0.22162945568561554,0.48451271653175354,0.18017418682575226,0.1360769122838974,0.12349668890237808,0.12200738489627838,0.12638071179389954,0.015973420813679695,correct
61,0.0009991120277927223,2.304964065551758,2.304964065551758,1.0416619777679443,1.0416619777679443,0.9999990463256836,True,3616,0.041087829000002074,88006.59679536287,,0.8340058326721191,0.22976182401180267,0.49061229825019836,0.183988556265831,0.1377362459897995,0.1204109862446785,0.11583604663610458,0.12226219475269318,0.01775169186294079,correct
62,0.0009989433057740738,2.3914742469787598,2.3914742469787598,0.9120415449142456,0.9120415449142456,0.9120415449142456,False,3633,0.03957057399999897,91810.64697216912,,0.7105861902236938,0.23666924238204956,0.43714630603790283,0.1734931468963623,0.1270974725484848,0.11008740961551666,0.10252620279788971,0.1034492626786232,0.013839545659720898,correct
63,0.0009987599362156587,2.3131556510925293,2.3131556510925293,0.8090980648994446,0.8090980648994446,0.8090980648994446,False,3645,0.03861901799999856,94383.549576536,,0.6126133799552917,0.23253855109214783,0.40258336067199707,0.15737637877464294,0.11510703712701797,0.09783287346363068,0.08929035812616348,0.08638405054807663,0.013182634487748146,correct
64,0.000998561925100221,2.3505210876464844,2.3505210876464844,0.7825882434844971,0.7825882434844971,0.7825882434844971,False,3676,0.03939559099999812,93309.93409897506,,0.5519068837165833,0.25367629528045654,0.4361605644226074,0.1520441621541977,0.10442108660936356,0.08585165441036224,0.07685154676437378,0.07663051038980484,0.009239007718861103,correct
65,0.000998349278888211,2.3258678913116455,2.3258678913116455,0.8973255157470703,0.8973255157470703,0.8973255157470703,False,3692,0.03831808300000006,96351.37540674972,,0.7454488277435303,0.18940149247646332,0.37975171208381653,0.15688689053058624,0.11809238791465759,0.10365675389766693,0.09914827346801758,0.10041628777980804,0.014034554362297058,correct
66,0.000998122004517573,2.3534178733825684,2.3534178733825684,0.769977867603302,0.769977867603302,0.769977867603302,False,3693,0.03878569999999826,95215.50468343141,,0.592990517616272,0.19962680339813232,0.38712769746780396,0.14367987215518951,0.10251198709011078,0.08535704761743546,0.08028867095708847,0.08053364604711533,0.011789966374635696,correct
67,0.0009978801094035206,2.3676230907440186,2.3676230907440186,0.8850483298301697,0.8850483298301697,0.8850483298301697,False,3476,0.03830457200000126,90746.34745951177,,0.6998596787452698,0.22300226986408234,0.4158688187599182,0.1676858514547348,0.12091480195522308,0.10182182490825653,0.09406881779432297,0.09316598623991013,0.013953335583209991,correct
68,0.0009976236014382933,2.3185172080993652,2.3185172080993652,0.888616681098938,0.888616681098938,0.888616681098938,False,3361,0.03939500099999904,85315.39318910238,,0.6859589219093323,0.22146494686603546,0.44704777002334595,0.1715008169412613,0.11992797255516052,0.10003479570150375,0.09013358503580093,0.09020192921161652,0.011787012219429016,correct
69,0.0009973524889909007,2.262460231781006,2.262460231781006,0.8473777770996094,0.8473777770996094,0.8473777770996094,False,3777,0.038751890000000344,97466.21390595315,,0.6742715835571289,0.2234087586402893,0.3952425718307495,0.14919573068618774,0.1078401580452919,0.09155059605836868,0.08580036461353302,0.08622325956821442,0.014569655060768127,correct
70,0.0009970667809068474,2.2871532440185547,2.2871532440185547,0.7323834896087646,0.7323834896087646,0.7323834896087646,False,3799,0.040179344000002004,94551.07081887177,,0.5701689124107361,0.18835760653018951,0.3637867271900177,0.1317910999059677,0.09554371237754822,0.07984383404254913,0.07243067026138306,0.07222723960876465,0.011750288307666779,correct
71,0.0009967664865078469,2.359137773513794,2.359137773513794,0.9899038076400757,0.9899038076400757,0.9899038076400757,False,3853,0.03944557200000176,97678.89790011989,,0.7685574293136597,0.2340024709701538,0.5111374258995056,0.16859860718250275,0.12269783765077591,0.10295121371746063,0.09698832780122757,0.09775304794311523,0.012989460490643978,correct
72,0.000996451615591515,2.3054866790771484,2.3054866790771484,0.9738343358039856,0.9738343358039856,0.9738343358039856,False,3631,0.03947540200000077,91981.33055110951,,0.7739660739898682,0.23037829995155334,0.47775372862815857,0.16264455020427704,0.11802756786346436,0.09944739192724228,0.09184875339269638,0.09548626840114594,0.013404486700892448,correct
73,0.0009961221784310513,2.30133056640625,2.30133056640625,0.9324917793273926,0.9324917793273926,0.9324917793273926,False,3683,0.03907965600000196,94243.4088979651,,0.7118794918060303,0.2500748336315155,0.4825601875782013,0.15927822887897491,0.11729050427675247,0.09963692724704742,0.09281511604785919,0.0974670797586441,0.014077097177505493,correct
74,0.000995778185774904,2.2934486865997314,2.2934486865997314,0.6751786470413208,0.6751786470413208,0.6751786470413208,False,3651,0.03989022899999739,91526.17298838367,,0.4974588453769684,0.191605344414711,0.36627620458602905,0.1270955204963684,0.08850991725921631,0.07341183722019196,0.06426242738962173,0.06284425407648087,0.008626244962215424,correct
75,0.0009954196488464197,2.271409273147583,2.271409273147583,0.9479662775993347,0.9479662775993347,0.9479662775993347,False,3694,0.040311525999999986,91636.32257434266,,0.760947585105896,0.210462749004364,0.455392062664032,0.1585468202829361,0.1184932217001915,0.09928341209888458,0.09376873075962067,0.09911453723907471,0.016464557498693466,correct
76,0.0009950465793434758,2.2568652629852295,2.2568652629852295,1.3476636409759521,1.3476636409759521,0.9999991655349731,True,3544,0.03845782400000175,92152.89975844287,,1.1525089740753174,0.2839233875274658,0.5323520302772522,0.2027687132358551,0.15576015412807465,0.131975919008255,0.1330050379037857,0.15147452056407928,0.02190799079835415,correct
77,0.0009946589894381,2.318866014480591,2.318866014480591,0.8083489537239075,0.8083489537239075,0.8083489537239075,False,3661,0.04036540599999938,90696.47410458491,,0.6334946155548096,0.21196810901165009,0.39410969614982605,0.1478535532951355,0.10484512895345688,0.08546005934476852,0.07596781849861145,0.07590800523757935,0.0130380280315876,correct
78,0.0009942568917760731,2.2925562858581543,2.2925562858581543,0.9098097681999207,0.9098097681999207,0.9098097681999207,False,3551,0.03985630800000095,89095.05617027837,,0.7433686852455139,0.20214936137199402,0.4211882948875427,0.14299166202545166,0.10604535043239594,0.09191366285085678,0.08812862634658813,0.09382109344005585,0.013544200919568539,correct
79,0.0009938402994765162,2.252086639404297,2.252086639404297,0.7296746373176575,0.7296746373176575,0.7296746373176575,False,3601,0.03979838599999752,90481.05619158084,,0.5720868110656738,0.18984867632389069,0.36115726828575134,0.1223636120557785,0.08735039085149765,0.07408161461353302,0.07036624103784561,0.07411300390958786,0.011378838680684566,correct
80,0.0009934092261314619,2.284564971923828,2.284564971923828,0.843985378742218,0.843985378742218,0.843985378742218,False,3631,0.03877723900000163,93637.40414834196,,0.646380603313446,0.21741344034671783,0.4505007565021515,0.1351146548986435,0.09336301684379578,0.07868731021881104,0.07228338718414307,0.07592269778251648,0.011420697905123234,correct
81,0.0009929636858054124,2.2881112098693848,2.2881112098693848,0.8943970203399658,0.8943970203399658,0.8943970203399658,False,3873,0.03922885700000123,98728.34174087404,,0.7461233735084534,0.19085200130939484,0.38658449053764343,0.13863050937652588,0.1047365590929985,0.0933210551738739,0.09195736050605774,0.09882407635450363,0.015953879803419113,correct
82,0.000992503693034879,2.2624685764312744,2.2624685764312744,0.8758417963981628,0.8758417963981628,0.8758417963981628,False,3460,0.03957172300000167,87436.17254168727,,0.686477541923523,0.22261546552181244,0.44622424244880676,0.1365852653980255,0.09702026098966599,0.08077225834131241,0.07662410289049149,0.08097530901432037,0.012366743758320808,correct
83,0.00099202926282791,2.277550220489502,2.277550220489502,1.0007675886154175,1.0007675886154175,0.9999989867210388,True,3735,0.03903022300000103,95695.07199587103,,0.8056455850601196,0.21494968235492706,0.4818527102470398,0.16815605759620667,0.12145141512155533,0.10191912949085236,0.09847647696733475,0.10367041081190109,0.01502794586122036,correct
84,0.0009915404106635977,2.319326400756836,2.319326400756836,0.7700257301330566,0.7700257301330566,0.7700257301330566,False,3650,0.03915724600000203,93213.90988528178,,0.6154557466506958,0.19304706156253815,0.36860036849975586,0.1246398389339447,0.08978886157274246,0.07685556262731552,0.07307765632867813,0.07769548892974854,0.011816637590527534,correct
85,0.000991037152491577,2.2545547485351562,2.2545547485351562,0.8614563345909119,0.8614563345909119,0.8614563345909119,False,3533,0.03956230199999666,89302.18469087814,,0.6854588389396667,0.21016286313533783,0.42067086696624756,0.1427520215511322,0.10161805152893066,0.08577433973550797,0.07906021177768707,0.08130188286304474,0.014097614213824272,correct
86,0.0009905195047315025,2.2601938247680664,2.2601938247680664,0.7818267941474915,0.7818267941474915,0.7818267941474915,False,3577,0.040456148000000525,88416.7222247643,,0.5828914642333984,0.2060961127281189,0.42744940519332886,0.137528195977211,0.09709479659795761,0.08008281141519547,0.07432537525892258,0.07673425227403641,0.011620155535638332,correct
87,0.0009899874842725135,2.272066116333008,2.272066116333008,0.7709094882011414,0.7709094882011414,0.7709094882011414,False,3777,0.04011083099999979,94164.09248664082,,0.6425269842147827,0.18716734647750854,0.3282354176044464,0.11980047821998596,0.08638014644384384,0.07435837388038635,0.07169488072395325,0.07783875614404678,0.012186188250780106,correct
88,0.0009894411084726835,2.31974458694458,2.31974458694458,0.8928468227386475,0.8928468227386475,0.8928468227386475,False,3847,0.03901537400000166,98602.15616540896,,0.7666781544685364,0.180553138256073,0.3574981987476349,0.12983456254005432,0.09536086022853851,0.08529853075742722,0.08309566229581833,0.09290675818920135,0.014582143165171146,correct
89,0.0009888803951584536,2.2782492637634277,2.2782492637634277,0.7790051698684692,0.7790051698684692,0.7790051698684692,False,3616,0.03950438100000042,91534.15161725889,,0.626408040523529,0.19891588389873505,0.36253032088279724,0.13191133737564087,0.09266704320907593,0.07740127295255661,0.07289046794176102,0.07745035737752914,0.013263513334095478,correct
90,0.00098830536262405,2.3020336627960205,2.3020336627960205,0.8001420497894287,0.8001420497894287,0.8001420497894287,False,3623,0.0394609509999988,91812.28298324869,,0.6286617517471313,0.2052636444568634,0.39362066984176636,0.13818365335464478,0.09892953932285309,0.08076145499944687,0.07646799832582474,0.080983467400074,0.011460415087640285,correct
91,0.0009877160296308885,2.2457709312438965,2.2457709312438965,0.7673701047897339,0.7673701047897339,0.7673701047897339,False,3550,0.03968343499999705,89457.98164902469,,0.5922679305076599,0.2172047197818756,0.387440025806427,0.13141770660877228,0.08998586237430573,0.0751524418592453,0.06885688751935959,0.07006553560495377,0.011021876707673073,correct
92,0.0009871124154069613,2.30275821685791,2.30275821685791,0.7724948525428772,0.7724948525428772,0.7724948525428772,False,3748,0.03963082399999962,94572.85066795573,,0.61151123046875,0.20984864234924316,0.3672869801521301,0.13427430391311646,0.09460082650184631,0.07830764353275299,0.0725158080458641,0.07341356575489044,0.01034518238157034,correct
93,0.0009864945396462102,2.2955925464630127,2.2955925464630127,0.8549233078956604,0.8549233078956604,0.8549233078956604,False,3706,0.038457314000002185,96366.58452017188,,0.6716178059577942,0.23163488507270813,0.42145949602127075,0.14309389889240265,0.09865575283765793,0.08095523715019226,0.07530724257230759,0.07725036144256592,0.011798233725130558,correct
94,0.000985862422507884,2.233487367630005,2.233487367630005,0.7095615863800049,0.7095615863800049,0.7095615863800049,False,3712,0.03868868800000058,95945.35746469212,,0.542553722858429,0.19760958850383759,0.3729791045188904,0.11190170049667358,0.07889090478420258,0.06591405719518661,0.0614563412964344,0.06309428811073303,0.010098491795361042,correct
95,0.0009852160846158808,2.2768568992614746,2.2768568992614746,0.7977504134178162,0.7977504134178162,0.7977504134178162,False,3735,0.038592595999997314,96780.2217814075,,0.6626641154289246,0.19612261652946472,0.3425217270851135,0.12188517302274704,0.08944623917341232,0.07720963656902313,0.07567434012889862,0.08230888843536377,0.013323242776095867,correct
96,0.0009845555470580746,2.292428970336914,2.292428970336914,0.8368613123893738,0.8368613123893738,0.8368613123893738,False,3692,0.04057109999999753,91000.736977805,,0.6569671034812927,0.2375105619430542,0.41101738810539246,0.13828600943088531,0.0936301052570343,0.0752418264746666,0.06994189321994781,0.06927280873060226,0.011957610957324505,correct
97,0.000983880831385628,2.2275094985961914,2.2275094985961914,0.9198380708694458,0.9198380708694458,0.9198380708694458,False,3666,0.03996197900000098,91737.19850060254,,0.7437445521354675,0.23021052777767181,0.4342443346977234,0.1401815414428711,0.10030998289585114,0.08304139226675034,0.08021204173564911,0.09016181528568268,0.014463110826909542,correct
98,0.0009831919596122887,2.2182059288024902,2.2182059288024902,0.8687537312507629,0.8687537312507629,0.8687537312507629,False,3799,0.03945109000000002,96296.4521385847,,0.7229483127593994,0.19595178961753845,0.38374611735343933,0.12922489643096924,0.09591396898031235,0.08100731670856476,0.07936331629753113,0.08626671135425568,0.014812622219324112,correct
99,0.0009824889542136713,2.2291057109832764,2.2291057109832764,0.7642444968223572,0.7642444968223572,0.7642444968223572,False,3641,0.03975159700000219,91593.80439482216,,0.6227993369102478,0.19432507455348969,0.35078221559524536,0.11660758405923843,0.08497029542922974,0.07009593397378922,0.06583481281995773,0.07187790423631668,0.012200985103845596,correct
100,0.000981771838126524,2.193013906478882,2.193013906478882,1.010392427444458,1.010392427444458,0.9999989867210388,True,3631,0.039103746000002104,92855.55404333398,,0.8286630511283875,0.22902417182922363,0.46633249521255493,0.16162165999412537,0.11212268471717834,0.09148027002811432,0.08624936640262604,0.09770132601261139,0.01568441465497017,correct
101,0.0009810406347479797,2.237365961074829,2.237365961074829,0.9014405012130737,0.9014405012130737,0.9014405012130737,False,3459,0.038617397999999525,89571.02702776718,,0.7295181751251221,0.20577529072761536,0.43353042006492615,0.14071157574653625,0.09890244901180267,0.08123181015253067,0.07730291783809662,0.08829061686992645,0.012453070841729641,correct
102,0.0009802953679347941,2.24607253074646,2.24607253074646,0.786808431148529,0.786808431148529,0.786808431148529,False,3572,0.03927639899999846,90945.2009589815,,0.6055434942245483,0.21843953430652618,0.40911319851875305,0.124910868704319,0.08656910061836243,0.07105540484189987,0.06525237113237381,0.06915879249572754,0.010418009012937546,correct
103,0.0009795360620025659,2.1874094009399414,2.1874094009399414,0.9178683161735535,0.9178683161735535,0.9178683161735535,False,3640,0.03885223199999999,93688.31113743996,,0.7591928839683533,0.2154298722743988,0.41439807415008545,0.13524910807609558,0.09663692116737366,0.08030913770198822,0.07743576169013977,0.08747489750385284,0.01561668049544096,correct
104,0.000978762741724944,2.300791025161743,2.300791025161743,0.7987192273139954,0.7987192273139954,0.7987192273139954,False,3748,0.03883884100000046,96501.33483643232,,0.6298416256904602,0.19693100452423096,0.39990055561065674,0.13244646787643433,0.09330033510923386,0.07676434516906738,0.06903094053268433,0.0742945671081543,0.01117534190416336,correct
105,0.0009779754323328191,2.2414627075195312,2.2414627075195312,0.8056882619857788,0.8056882619857788,0.8056882619857788,False,3700,0.039823177999998904,92910.71646768377,,0.6143511533737183,0.21236777305603027,0.42862942814826965,0.13377894461154938,0.09299208223819733,0.07619693875312805,0.06979918479919434,0.07428593188524246,0.011931905522942543,correct
106,0.0009771741595135006,2.2372567653656006,2.2372567653656006,0.8346812725067139,0.8346812725067139,0.8346812725067139,False,3806,0.03813630999999873,99799.90198317893,,0.6973985433578491,0.18818821012973785,0.3609650731086731,0.12717992067337036,0.09370774030685425,0.0811384990811348,0.07593784481287003,0.08401047438383102,0.015933409333229065,correct
107,0.0009763589494098789,2.2155356407165527,2.2155356407165527,0.7573825716972351,0.7573825716972351,0.7573825716972351,False,3635,0.039148036000000275,92852.67848430442,,0.597671389579773,0.18541474640369415,0.38069167733192444,0.11783065646886826,0.08472303301095963,0.0725095123052597,0.06909805536270142,0.07674907147884369,0.011304923333227634,correct
108,0.0009755298286195712,2.2084953784942627,2.2084953784942627,0.772525429725647,0.772525429725647,0.772525429725647,False,3632,0.04024047499999739,90257.3838902308,,0.6174904108047485,0.20652717351913452,0.3690689206123352,0.11837444454431534,0.08561985194683075,0.07403137534856796,0.06681083887815475,0.07205792516469955,0.012484021484851837,correct
109,0.0009746868241940555,2.2528700828552246,2.2528700828552246,0.8015124797821045,0.8015124797821045,0.8015124797821045,False,3591,0.03988594899999853,90031.70515010518,,0.6330310702323914,0.22502201795578003,0.39109647274017334,0.12736107409000397,0.08679962158203125,0.0730358436703682,0.0640535056591034,0.06912253797054291,0.011511881835758686,correct
110,0.0009738299636377862,2.2349843978881836,2.2349843978881836,0.6513517498970032,0.6513517498970032,0.6513517498970032,False,3570,0.039781977000000524,89739.12985772308,,0.48250266909599304,0.20741549134254456,0.35196930170059204,0.10413341224193573,0.07099562138319016,0.057108599692583084,0.050483740866184235,0.05278153344988823,0.008163978345692158,correct
111,0.000972959274907298,2.211890697479248,2.211890697479248,0.7970064878463745,0.7970064878463745,0.7970064878463745,False,3494,0.04052433000000022,86219.80918623408,,0.62662273645401,0.2115260809659958,0.39675623178482056,0.13062559068202972,0.08868627995252609,0.0724455788731575,0.06687576323747635,0.07478490471839905,0.01275523379445076,correct
112,0.0009720747864102934,2.2490148544311523,2.2490148544311523,0.7331399321556091,0.7331399321556091,0.7331399321556091,False,3728,0.04067609200000177,91650.88917587849,,0.576069712638855,0.19670787453651428,0.3698805868625641,0.11421269923448563,0.0756581723690033,0.06329970061779022,0.057391971349716187,0.06277421861886978,0.011057770811021328,correct
113,0.0009711765270047155,2.2155990600585938,2.2155990600585938,0.780758798122406,0.780758798122406,0.780758798122406,False,3731,0.04057478000000003,91953.67171430128,,0.6193467378616333,0.19683046638965607,0.3867488205432892,0.12481266260147095,0.08690748363733292,0.07108677178621292,0.06571205705404282,0.07108575850725174,0.011013331823050976,correct
114,0.000970264525997807,2.2022719383239746,2.2022719383239746,0.7259321212768555,0.7259321212768555,0.7259321212768555,False,3598,0.03970375600000153,90621.1492937812,,0.5604503750801086,0.2110835760831833,0.3654731810092926,0.11903087794780731,0.08375401049852371,0.06928455829620361,0.06312435120344162,0.06823082268238068,0.011061006225645542,correct
115,0.0009693388131451536,2.207453966140747,2.207453966140747,0.8371815085411072,0.8371815085411072,0.8371815085411072,False,3606,0.03950344200000089,91283.18489310169,,0.6731684803962708,0.20776107907295227,0.40369561314582825,0.13054920732975006,0.09182839840650558,0.07526173442602158,0.0676666870713234,0.07573092728853226,0.011330429464578629,correct
116,0.0009683994186497131,2.2184255123138428,2.2184255123138428,0.8030273914337158,0.8030273914337158,0.8030273914337158,False,3727,0.03966060500000168,93972.3435888041,,0.6153604388237,0.2152716964483261,0.4312002956867218,0.11797316372394562,0.08075238019227982,0.06608282029628754,0.06330795586109161,0.07052464038133621,0.011034888215363026,correct
117,0.0009674463731608307,2.207015037536621,2.207015037536621,0.8028185963630676,0.8028185963630676,0.8028185963630676,False,3652,0.039667184999998994,92066.02384313615,,0.6534859538078308,0.21233080327510834,0.37776681780815125,0.10855512320995331,0.07447335869073868,0.06381701678037643,0.059387363493442535,0.06789807230234146,0.011895568110048771,correct
118,0.000966479707773238,2.1983487606048584,2.1983487606048584,0.7663364410400391,0.7663364410400391,0.7663364410400391,False,3740,0.04003749099999965,93412.44684888054,,0.6123943328857422,0.1892855167388916,0.3803603947162628,0.11102094501256943,0.077959343791008,0.06783787906169891,0.06188875809311867,0.06908019632101059,0.011580846272408962,correct
119,0.0009654994540260396,2.202105760574341,2.202105760574341,0.7231705188751221,0.7231705188751221,0.7231705188751221,False,3785,0.03965650499999995,95444.61873279061,,0.5589565634727478,0.19556187093257904,0.3801754415035248,0.1079089492559433,0.07504139095544815,0.06104656308889389,0.055699706077575684,0.0598466657102108,0.008891666308045387,correct
120,0.0009645056439016826,2.1510303020477295,2.1510303020477295,0.7242595553398132,0.7242595553398132,0.7242595553398132,False,3520,0.039734606000003225,88587.76654283961,,0.5660823583602905,0.21172499656677246,0.3583925664424896,0.11357691138982773,0.0794125348329544,0.0649062842130661,0.0587872713804245,0.06187962368130684,0.011227724142372608,correct
121,0.0009634983098249147,2.1984434127807617,2.1984434127807617,0.9804075360298157,0.9804075360298157,0.9804075360298157,False,3646,0.03961895399999804,92026.65976492414,,0.7851277589797974,0.2362886220216751,0.49407416582107544,0.13418267667293549,0.09250342845916748,0.07635750621557236,0.07343655079603195,0.08279627561569214,0.013829691335558891,correct
122,0.0009624774846617254,2.217200994491577,2.217200994491577,0.7921182513237,0.7921182513237,0.7921182513237,False,3621,0.03933059900000302,92065.72216201747,,0.586635947227478,0.24667955935001373,0.4254645109176636,0.13042423129081726,0.08930180966854095,0.07428136467933655,0.0673682764172554,0.079124815762043,0.011684216558933258,correct
123,0.0009614432017182735,2.1719765663146973,2.1719765663146973,0.9834070205688477,0.9834070205688477,0.9834070205688477,False,3713,0.03908202499999902,95005.3125445801,,0.7940810918807983,0.26370003819465637,0.4651624262332916,0.14266610145568848,0.09771637618541718,0.08112692832946777,0.07655396312475204,0.08986885100603104,0.013789378106594086,correct
124,0.0009603954947398015,2.2046866416931152,2.2046866416931152,0.8522641658782959,0.8522641658782959,0.8522641658782959,False,3884,0.03961924499999725,98033.16544775828,,0.688525378704071,0.19867993891239166,0.40890955924987793,0.1416892558336258,0.09635645896196365,0.07685694843530655,0.0701005831360817,0.07263603061437607,0.012193191796541214,correct
125,0.0009593343979095333,2.185811758041382,2.185811758041382,0.8782466650009155,0.8782466650009155,0.8782466650009155,False,3717,0.03942184099999935,94287.83399537484,,0.7104495763778687,0.21884490549564362,0.4159509539604187,0.13560843467712402,0.09226017445325851,0.07712069898843765,0.07331909239292145,0.08513738960027695,0.014038302935659885,correct
126,0.0009582599458475597,2.1841742992401123,2.1841742992401123,0.9043360948562622,0.9043360948562622,0.9043360948562622,False,3695,0.03909082499999883,94523.45914930449,,0.7382001280784607,0.22013090550899506,0.43166589736938477,0.12436897307634354,0.08620337396860123,0.07222297042608261,0.06710122525691986,0.07292844355106354,0.012462755665183067,correct
127,0.0009571721736097088,2.207366704940796,2.207366704940796,0.8029395341873169,0.8029395341873169,0.8029395341873169,False,3789,0.040358776000001484,93882.92647923368,,0.6604607105255127,0.19240066409111023,0.3717287480831146,0.11483766883611679,0.07967086881399155,0.0662490725517273,0.06430323421955109,0.07144215703010559,0.011844776570796967,correct
128,0.0009560711166864019,2.1988778114318848,2.1988778114318848,0.9134679436683655,0.9134679436683655,0.9134679436683655,False,3793,0.03907669499999855,97065.52716395643,,0.7471580505371094,0.22691266238689423,0.42203542590141296,0.13689158856868744,0.09578858315944672,0.07874557375907898,0.07296131551265717,0.08360665291547775,0.012093175202608109,correct
129,0.0009549568110014961,2.195819139480591,2.195819139480591,0.8025784492492676,0.8025784492492676,0.8025784492492676,False,3822,0.039300559000000845,97250.52511339387,,0.6555306315422058,0.19841469824314117,0.3752184212207794,0.11537736654281616,0.08114461600780487,0.0691189244389534,0.06393683701753616,0.07316455990076065,0.011820424348115921,correct
130,0.0009538292929111113,2.2012810707092285,2.2012810707092285,1.1449989080429077,1.1449989080429077,0.9999991059303284,True,3912,0.03999061000000026,97822.96394078447,,0.9699345827102661,0.21584303677082062,0.4971734285354614,0.1756470650434494,0.12059983611106873,0.09626448899507523,0.09168189764022827,0.11427461355924606,0.018770627677440643,correct
131,0.0009526885992024454,2.1890721321105957,2.1890721321105957,0.8679613471031189,0.8679613471031189,0.8679613471031189,False,3670,0.03922489699999687,93563.02452496669,,0.7118654847145081,0.2148614525794983,0.400570273399353,0.12773951888084412,0.08989210426807404,0.07546181976795197,0.06725724786520004,0.07205625623464584,0.013205880299210548,correct
132,0.0009515347670925727,2.182870864868164,2.182870864868164,0.8445386290550232,0.8445386290550232,0.8445386290550232,False,3634,0.0394887120000007,92026.29855336723,,0.6592320203781128,0.22532618045806885,0.4371189773082733,0.12700234353542328,0.08371920138597488,0.06821636855602264,0.06220420449972153,0.07099680602550507,0.01057819277048111,correct
133,0.0009503678342272305,2.151547908782959,2.151547908782959,0.7468305230140686,0.7468305230140686,0.7468305230140686,False,3580,0.039580402999998654,90448.80114030476,,0.58447265625,0.21563227474689484,0.37150630354881287,0.11335320770740509,0.07960110157728195,0.06640366464853287,0.06020994111895561,0.06546465307474136,0.011300530284643173,correct
134,0.0009491878386795904,2.164259910583496,2.164259910583496,0.730423629283905,0.730423629283905,0.730423629283905,False,3561,0.0394951920000004,90162.87349609451,,0.5634660124778748,0.21364755928516388,0.3756578266620636,0.11163651943206787,0.07630043476819992,0.06006515026092529,0.05550898239016533,0.06449484080076218,0.011289317160844803,correct
135,0.0009479948189490164,2.187915563583374,2.187915563583374,0.7039799690246582,0.7039799690246582,0.7039799690246582,False,3734,0.03957903300000254,94342.88098953202,,0.5498720407485962,0.20235438644886017,0.35284224152565,0.10760068148374557,0.07549053430557251,0.061567023396492004,0.05555450916290283,0.05926050618290901,0.010877642780542374,correct
136,0.0009467888139598086,2.1628782749176025,2.1628782749176025,0.7790652513504028,0.7790652513504028,0.7790652513504028,False,3548,0.03989583899999971,88931.58005776056,,0.6273224353790283,0.19922730326652527,0.37194129824638367,0.11372074484825134,0.08013106137514114,0.06808999925851822,0.0650983601808548,0.08360011875629425,0.012685403227806091,correct
137,0.000945569863059933,2.1563422679901123,2.1563422679901123,0.7234772443771362,0.7234772443771362,0.7234772443771362,False,3687,0.03913230499999898,94218.83019669034,,0.58198082447052,0.19609008729457855,0.34391283988952637,0.10288757085800171,0.07378428429365158,0.06343020498752594,0.05832016468048096,0.0662928894162178,0.011873026378452778,correct
138,0.0009443380060197386,2.209266424179077,2.209266424179077,0.7156201601028442,0.7156201601028442,0.7156201601028442,False,3686,0.03965466500000048,92952.49373560351,,0.5649644732475281,0.19692106544971466,0.35188665986061096,0.1129390075802803,0.07710952311754227,0.06434353440999985,0.058637626469135284,0.06268711388111115,0.010770173743367195,correct
139,0.0009430932830306586,2.1148734092712402,2.1148734092712402,0.7369681000709534,0.7369681000709534,0.7369681000709534,False,3733,0.03960526300000211,94255.14987742415,,0.5527583956718445,0.23072326183319092,0.395469069480896,0.11070337146520615,0.07506868243217468,0.06106959655880928,0.055018067359924316,0.0565861351788044,0.01010915357619524,correct
140,0.0009418357347038997,2.1407876014709473,2.1407876014709473,0.7054407596588135,0.7054407596588135,0.7054407596588135,False,3627,0.03955536299999807,91694.2665903528,,0.531291663646698,0.21858474612236023,0.3748137950897217,0.10854264348745346,0.07380755245685577,0.05848901346325874,0.05387847125530243,0.05875229090452194,0.010317721404135227,correct
141,0.0009405654020691178,2.166541337966919,2.166541337966919,0.7989282608032227,0.7989282608032227,0.7989282608032227,False,3771,0.03932712900000013,95888.0064700372,,0.6387634873390198,0.21882948279380798,0.38429802656173706,0.12038848549127579,0.0835588201880455,0.06829454749822617,0.062325697392225266,0.06734082102775574,0.011719881556928158,correct
142,0.0009392823265730776,2.1620113849639893,2.1620113849639893,0.8524508476257324,0.8524508476257324,0.8524508476257324,False,3717,0.03989891799999867,93160.42104199727,,0.6386783123016357,0.24571792781352997,0.4795249104499817,0.11350975930690765,0.07365778833627701,0.05921410769224167,0.05327678471803665,0.06091338396072388,0.00871170125901699,correct
143,0.000937986550078302,2.138444662094116,2.138444662094116,0.6986461281776428,0.6986461281776428,0.6986461281776428,False,3601,0.038848981000001004,92692.26392321351,,0.5397092700004578,0.19956760108470917,0.36116909980773926,0.10452421754598618,0.07181943207979202,0.05966423079371452,0.0548999048769474,0.06149281933903694,0.010553421452641487,correct
144,0.0009366781148617056,2.150284767150879,2.150284767150879,0.7939685583114624,0.7939685583114624,0.7939685583114624,False,3651,0.03980833600000011,91714.45900175255,,0.6233067512512207,0.20750543475151062,0.40931782126426697,0.11900660395622253,0.0778626799583435,0.06213773787021637,0.055815938860177994,0.06302572041749954,0.010065392591059208,correct
145,0.0009353570636132151,2.1855969429016113,2.1855969429016113,0.7618340253829956,0.7618340253829956,0.7618340253829956,False,3656,0.039034984000000605,93659.57470355165,,0.5919089913368225,0.21833942830562592,0.3855492174625397,0.11919260025024414,0.08114292472600937,0.06845957040786743,0.06049639359116554,0.06669346988201141,0.011351557448506355,correct
146,0.0009340234394343769,2.1790082454681396,2.1790082454681396,0.7986904382705688,0.7986904382705688,0.7986904382705688,False,3591,0.04000257000000218,89769.2323268181,,0.629073977470398,0.21917188167572021,0.3951181173324585,0.12430576980113983,0.08433602005243301,0.06942415982484818,0.06466951966285706,0.07935889810323715,0.012388154864311218,correct
147,0.0009326772858369505,2.2349629402160645,2.2349629402160645,0.836503803730011,0.836503803730011,0.836503803730011,False,3542,0.03985707700000063,88867.53035100753,,0.6675422787666321,0.21380791068077087,0.4140375852584839,0.12295740842819214,0.08143506944179535,0.06789242476224899,0.06479323655366898,0.07914058864116669,0.012807107530534267,correct
148,0.0009313186467414891,2.127296209335327,2.127296209335327,0.8232491612434387,0.8232491612434387,0.8232491612434387,False,3678,0.03938429000000099,93387.49029117721,,0.665928840637207,0.21073181927204132,0.3871418833732605,0.12241456657648087,0.08622702956199646,0.07429659366607666,0.0691797286272049,0.08422829210758209,0.013061581179499626,correct
149,0.0009299475664759069,2.1697518825531006,2.1697518825531006,0.8155510425567627,0.8155510425567627,0.8155510425567627,False,3667,0.03953967200000008,92742.29690119818,,0.604560911655426,0.2516385018825531,0.44639289379119873,0.12480457127094269,0.08518057316541672,0.07015623152256012,0.06372470408678055,0.07148220390081406,0.010801061056554317,correct
150,0.0009285640897740315,2.133558750152588,2.133558750152588,0.7626157999038696,0.7626157999038696,0.7626157999038696,False,3723,0.04050033899999761,91925.15647832527,,0.590101420879364,0.20854157209396362,0.40170857310295105,0.1135249212384224,0.07516028732061386,0.0606684535741806,0.05376187711954117,0.05748279392719269,0.009566115215420723,correct
151,0.0009271682617741464,2.1069321632385254,2.1069321632385254,0.7758935689926147,0.7758935689926147,0.7758935689926147,False,3453,0.04033979600000137,85597.85478339758,,0.5899350643157959,0.23849034309387207,0.4031084477901459,0.12239645421504974,0.08209044486284256,0.06743505597114563,0.06108555942773819,0.06702008843421936,0.011087681166827679,correct
152,0.0009257601280175167,2.1307530403137207,2.1307530403137207,0.7860170006752014,0.7860170006752014,0.7860170006752014,False,3696,0.03855179600000014,95871.01986117552,,0.6062049865722656,0.2233460247516632,0.41227561235427856,0.11390777677297592,0.07604755461215973,0.06353036314249039,0.057311758399009705,0.06555913388729095,0.010321675799787045,correct
153,0.0009243397344469036,2.1444737911224365,2.1444737911224365,0.7901071310043335,0.7901071310043335,0.7901071310043335,False,3552,0.03896464299999991,91159.56740576343,,0.6140903830528259,0.22946475446224213,0.4072969853878021,0.1092582568526268,0.07589609920978546,0.06212073937058449,0.054699867963790894,0.06286589056253433,0.010799750685691833,correct
154,0.0009229071274050663,2.1928117275238037,2.1928117275238037,0.835017740726471,0.835017740726471,0.835017740726471,False,3625,0.03954794299999875,91660.89877291757,,0.6559328436851501,0.22396712005138397,0.4172087609767914,0.13422216475009918,0.09207714349031448,0.0757284089922905,0.06867605447769165,0.07541898638010025,0.012221863493323326,correct
155,0.0009214623536332483,2.0972962379455566,2.0972962379455566,0.7688197493553162,0.7688197493553162,0.7688197493553162,False,3690,0.03830821200000045,96323.99444797779,,0.6111990213394165,0.20246146619319916,0.38567915558815,0.10737323015928268,0.07224614918231964,0.05943085253238678,0.054941240698099136,0.0658879354596138,0.011844168417155743,correct
156,0.0009200054602696543,2.150855302810669,2.150855302810669,0.715893030166626,0.715893030166626,0.715893030166626,False,3748,0.039534122999999255,94804.17714084794,,0.5581169724464417,0.1983245462179184,0.36418694257736206,0.11509666591882706,0.07549431174993515,0.06031428277492523,0.05342242866754532,0.05921449884772301,0.00993728544563055,correct
157,0.0009185364948479108,2.151463270187378,2.151463270187378,0.8243544101715088,0.8243544101715088,0.8243544101715088,False,3498,0.03929167899999797,89026.48318999504,,0.6479140520095825,0.23690861463546753,0.40734684467315674,0.12726770341396332,0.08531714230775833,0.07079523056745529,0.062148567289114,0.072332963347435,0.011310308240354061,correct
158,0.0009170555052955158,2.1349997520446777,2.1349997520446777,0.8453056216239929,0.8453056216239929,0.8453056216239929,False,3663,0.03952656199999893,92671.85949539702,,0.6439417600631714,0.23480890691280365,0.4554644823074341,0.12530295550823212,0.08492274582386017,0.07033425569534302,0.06335027515888214,0.07270635664463043,0.011761132627725601,correct
159,0.0009155625399322753,2.100797653198242,2.100797653198242,0.8638968467712402,0.8638968467712402,0.8638968467712402,False,3646,0.03954395400000266,92201.19970804526,,0.7125380635261536,0.2198648452758789,0.39356759190559387,0.12001528590917587,0.08145381510257721,0.06770925968885422,0.06194407865405083,0.0758587047457695,0.012517630122601986,correct
160,0.0009140576474687263,2.1451802253723145,2.1451802253723145,0.8718020915985107,0.8718020915985107,0.8718020915985107,False,3544,0.03901306399999882,90841.36534367327,,0.6609792709350586,0.24796073138713837,0.47011590003967285,0.143720805644989,0.08738823980093002,0.06800063699483871,0.057814307510852814,0.06538926810026169,0.010821789503097534,correct
161,0.0009125408770045479,2.143218755722046,2.143218755722046,0.8900131583213806,0.8900131583213806,0.8900131583213806,False,3745,0.03957587400000051,94628.35868135096,,0.7135315537452698,0.24413156509399414,0.43212372064590454,0.12298908829689026,0.08299095183610916,0.06846657395362854,0.06372372806072235,0.07596100121736526,0.011522001586854458,correct
162,0.0009110122780269589,2.103245735168457,2.103245735168457,0.8287692666053772,0.8287692666053772,0.8287692666053772,False,3622,0.03919745700000021,92403.95365444192,,0.6653688549995422,0.21508686244487762,0.4030023217201233,0.1247325986623764,0.08202876895666122,0.06603077054023743,0.0612110011279583,0.07022856175899506,0.011985124088823795,correct
163,0.0009094719004091037,2.1014962196350098,2.1014962196350098,0.7173848152160645,0.7173848152160645,0.7173848152160645,False,3636,0.03895828299999948,93330.60186456493,,0.5741150975227356,0.18818312883377075,0.35211247205734253,0.1037258580327034,0.0700579285621643,0.05897124111652374,0.053305502980947495,0.05947989970445633,0.010612000711262226,correct
164,0.000907919794408425,2.186039924621582,2.186039924621582,0.8054063320159912,0.8054063320159912,0.8054063320159912,False,3548,0.04003045100000335,88632.52627355367,,0.6369386315345764,0.20808634161949158,0.3991173505783081,0.12775330245494843,0.08709697425365448,0.0722208172082901,0.06937964260578156,0.07923748344182968,0.013388488441705704,correct
165,0.0009063560106650239,2.1247618198394775,2.1247618198394775,0.7236664295196533,0.7236664295196533,0.7236664295196533,False,3583,0.03958318399999783,90518.23622880354,,0.5938299298286438,0.18564914166927338,0.3300956189632416,0.10535278171300888,0.07381592690944672,0.06148060783743858,0.05595129355788231,0.06358525156974792,0.011353801935911179,correct
166,0.0009047806002000074,2.0559890270233154,2.0559890270233154,0.716850757598877,0.716850757598877,0.716850757598877,False,3656,0.039825598000000184,91800.25369612737,,0.5702487826347351,0.19672681391239166,0.3467457592487335,0.10827621072530746,0.07610815018415451,0.06435344368219376,0.0589844174683094,0.06703678518533707,0.011254449374973774,correct
167,0.0009031936144138248,2.1164965629577637,2.1164965629577637,0.9357700943946838,0.9357700943946838,0.9357700943946838,False,3585,0.03979880800000046,90078.07470012565,,0.7325280904769897,0.23994429409503937,0.4869183301925659,0.14042723178863525,0.09093893319368362,0.07191464304924011,0.06856729835271835,0.08003420382738113,0.011713963001966476,correct
168,0.0009015951050845891,2.1226155757904053,2.1226155757904053,0.7296038269996643,0.7296038269996643,0.7296038269996643,False,3848,0.040498159000001976,95016.66483159919,,0.5537571907043457,0.20983710885047913,0.3980148732662201,0.1010919138789177,0.06725995987653732,0.054786697030067444,0.048678040504455566,0.05507873371243477,0.00888875499367714,correct
169,0.0008999851243663891,2.1139683723449707,2.1139683723449707,0.7365217804908752,0.7365217804908752,0.7365217804908752,False,3893,0.04000276100000022,97318.28260554261,,0.567120373249054,0.2076401263475418,0.38534682989120483,0.11014015972614288,0.07335575670003891,0.061301469802856445,0.05719247832894325,0.06779219210147858,0.009781958535313606,correct
170,0.0008983637247875872,2.06557559967041,2.06557559967041,0.6980668902397156,0.6980668902397156,0.6980668902397156,False,3667,0.04007588200000001,91501.41723643162,,0.5180705189704895,0.21130521595478058,0.38581418991088867,0.10350490361452103,0.06884130835533142,0.05702562630176544,0.052424971014261246,0.062150388956069946,0.009081386961042881,correct
171,0.0008967309592491052,2.085975408554077,2.085975408554077,0.6991123557090759,0.6991123557090759,0.6991123557090759,False,3768,0.03948303200000325,95433.40035283232,,0.5317631363868713,0.21147334575653076,0.3725645840167999,0.09723293781280518,0.06533048301935196,0.05536609888076782,0.049351371824741364,0.05599376559257507,0.01010819524526596,correct
172,0.0008950868810226989,2.107231855392456,2.107231855392456,0.7641720175743103,0.7641720175743103,0.7641720175743103,False,3560,0.04029622600000238,88345.74235313723,,0.6042550206184387,0.20532062649726868,0.3834463953971863,0.109735406935215,0.07535866647958755,0.06291449069976807,0.05735442414879799,0.06760161370038986,0.010417441837489605,correct
173,0.0008934315437492201,2.1215174198150635,2.1215174198150635,0.6922391653060913,0.6922391653060913,0.6922391653060913,False,3610,0.040011421000002656,90224.23872423227,,0.5018841028213501,0.2210119366645813,0.3919089436531067,0.10561946779489517,0.06866049766540527,0.0554458312690258,0.05030866712331772,0.05762310326099396,0.008551431819796562,correct
174,0.0008917650014368657,2.0848846435546875,2.0848846435546875,0.7122453451156616,0.7122453451156616,0.7122453451156616,False,3579,0.03919257700000145,91318.31264884336,,0.553573489189148,0.1953539252281189,0.36744067072868347,0.1082782968878746,0.07145249843597412,0.05930313840508461,0.05472135916352272,0.06503072381019592,0.010201407596468925,correct
175,0.0008900873084594163,2.0471737384796143,2.0471737384796143,0.7392775416374207,0.7392775416374207,0.7392775416374207,False,3574,0.038571417,92659.28705704538,,0.582987368106842,0.20527569949626923,0.36752980947494507,0.10866740345954895,0.07436005771160126,0.060851048678159714,0.05782940238714218,0.07026847451925278,0.010862314142286777,correct
176,0.0008883985195544617,2.104311227798462,2.104311227798462,0.71092289686203,0.71092289686203,0.71092289686203,False,3635,0.039361668999998045,92348.72637133808,,0.5621166825294495,0.2072061449289322,0.35096701979637146,0.09756125509738922,0.06948032975196838,0.057240791618824005,0.05035996809601784,0.055248238146305084,0.010639187879860401,correct
177,0.0008866986898216156,2.082669258117676,2.082669258117676,0.7542859315872192,0.7542859315872192,0.7542859315872192,False,3678,0.03942202100000003,93298.10868904964,,0.5797079205513,0.22210855782032013,0.3931831419467926,0.10879306495189667,0.07439886033535004,0.061761524528265,0.057590797543525696,0.06583867967128754,0.011127040721476078,correct
178,0.0008849878747207174,2.139862060546875,2.139862060546875,0.883874773979187,0.883874773979187,0.883874773979187,False,3823,0.039543371999997134,96678.65451636944,,0.6722457408905029,0.2465917319059372,0.4826085567474365,0.11646366119384766,0.08055498450994492,0.06856879591941833,0.06485619395971298,0.08044140785932541,0.013040448538959026,correct
179,0.0008832661300700226,2.1221065521240234,2.1221065521240234,0.8648105263710022,0.8648105263710022,0.8648105263710022,False,3755,0.03916614600000301,95873.6149326439,,0.663398027420044,0.25066784024238586,0.46082472801208496,0.11824427545070648,0.07689975202083588,0.06394296139478683,0.05883844941854477,0.07096618413925171,0.011150221340358257,correct
180,0.0008815335120443821,2.0927789211273193,2.0927789211273193,0.668119490146637,0.668119490146637,0.668119490146637,False,3725,0.040105061000001996,92881.04561167017,,0.5119643807411194,0.1980248987674713,0.35305923223495483,0.09238573908805847,0.06202828884124756,0.05215536803007126,0.04718811437487602,0.05471428111195564,0.009393025189638138,correct
181,0.0008797900771734094,2.0944597721099854,2.0944597721099854,0.9093109965324402,0.9093109965324402,0.9093109965324402,False,3697,0.0398631370000011,92742.32482004358,,0.752894937992096,0.20552510023117065,0.4146416187286377,0.13588440418243408,0.09353780746459961,0.0767059177160263,0.0710286796092987,0.0865330770611763,0.014028936624526978,correct
182,0.0008780358823396353,2.0685207843780518,2.0685207843780518,0.6639789342880249,0.6639789342880249,0.6639789342880249,False,3489,0.03928913799999734,88803.16997538191,,0.4768798053264618,0.21627536416053772,0.3751210868358612,0.1062164381146431,0.07060372084379196,0.05707601457834244,0.05087018758058548,0.06120350956916809,0.01022837683558464,correct
183,0.0008762709847766531,2.087707281112671,2.087707281112671,0.8692814111709595,0.8692814111709595,0.8692814111709595,False,3701,0.037877934999997365,97708.60000684456,,0.6747288703918457,0.22445064783096313,0.45581912994384766,0.13528349995613098,0.09175269305706024,0.07086289674043655,0.06594633311033249,0.07744831591844559,0.012372679077088833,correct
184,0.0008744954420672513,2.068235397338867,2.068235397338867,0.7191788554191589,0.7191788554191589,0.7191788554191589,False,3443,0.03948896099999999,87188.9235070024,,0.543974757194519,0.21944794058799744,0.3789680302143097,0.11100249737501144,0.07663767039775848,0.06355544179677963,0.05627308413386345,0.0633537545800209,0.010998987592756748,correct
185,0.0008727093121415337,2.1642260551452637,2.1642260551452637,0.958870530128479,0.958870530128479,0.958870530128479,False,3578,0.04010456199999979,89216.78286874243,,0.7552847862243652,0.2435562163591385,0.4954059422016144,0.13220997154712677,0.0933183953166008,0.0765862911939621,0.07086566090583801,0.08330754935741425,0.014682239852845669,correct
186,0.0008709126532750304,2.0462591648101807,2.0462591648101807,0.7899673581123352,0.7899673581123352,0.7899673581123352,False,3566,0.03885762099999823,91770.92956874952,,0.6263856887817383,0.21251323819160461,0.39707645773887634,0.10728024691343307,0.07564825564622879,0.06221861392259598,0.0566837340593338,0.0664527639746666,0.01122608408331871,correct
187,0.000869105524086796,2.0604076385498047,2.0604076385498047,0.89255690574646,0.89255690574646,0.89255690574646,False,3889,0.039691744999998946,97980.07117097279,,0.723036527633667,0.21844790875911713,0.43611618876457214,0.11862125992774963,0.08885360509157181,0.0701260194182396,0.06302228569984436,0.07046110183000565,0.011786280199885368,correct
188,0.0008672879835374975,2.0654232501983643,2.0654232501983643,0.831626832485199,0.831626832485199,0.831626832485199,False,3555,0.03967077399999752,89612.56969678035,,0.6535502076148987,0.22577092051506042,0.42377978563308716,0.11903427541255951,0.08242185413837433,0.06820013374090195,0.06138250604271889,0.06618338078260422,0.012316565029323101,correct
189,0.0008654600909274899,2.0685412883758545,2.0685412883758545,0.734176754951477,0.734176754951477,0.734176754951477,False,3532,0.04128867100000022,85544.04669503606,,0.5572171807289124,0.21195489168167114,0.39456936717033386,0.10984911024570465,0.07629848271608353,0.060527607798576355,0.05386009439826012,0.05785737931728363,0.010694623924791813,correct
190,0.0008636219058948822,2.0356192588806152,2.0356192588806152,0.8525612950325012,0.8525612950325012,0.8525612950325012,False,3458,0.03934136899999885,87897.29711744655,,0.6916784644126892,0.22260642051696777,0.4067036509513855,0.11474516987800598,0.08179634809494019,0.06841948628425598,0.06141413003206253,0.07061531394720078,0.013549884781241417,correct
191,0.0008617734884135905,2.0366969108581543,2.0366969108581543,0.6672501564025879,0.6672501564025879,0.6672501564025879,False,3623,0.03831075099999737,94568.7543426191,,0.48580166697502136,0.21408143639564514,0.37920400500297546,0.09256332367658615,0.06336406618356705,0.05077717825770378,0.04500570893287659,0.048130761831998825,0.009466792456805706,correct
192,0.0008599148987913828,2.0631277561187744,2.0631277561187744,0.9660101532936096,0.9660101532936096,0.9660101532936096,False,3742,0.04006014100000144,93409.55639671527,,0.7630208730697632,0.24202491343021393,0.5020471215248108,0.13066180050373077,0.08762264996767044,0.06986064463853836,0.0668501928448677,0.07796140760183334,0.013029764406383038,correct
193,0.0008580461976679099,2.062849998474121,2.062849998474121,0.8358618021011353,0.8358618021011353,0.8358618021011353,False,3624,0.039118816000002,92640.84066347546,,0.5992012619972229,0.27678173780441284,0.4789721369743347,0.12057004868984222,0.08182354271411896,0.06570787727832794,0.06122699752449989,0.06463232636451721,0.011157001368701458,correct
194,0.0008561674460127281,2.067178249359131,2.067178249359131,0.8742603659629822,0.8742603659629822,0.8742603659629822,False,3805,0.039396469999999795,96582.25724284485,,0.6831315159797668,0.24003395438194275,0.45245030522346497,0.12156979739665985,0.08114495873451233,0.06615771353244781,0.06077789142727852,0.07606081664562225,0.010733206756412983,correct
195,0.0008542787051233088,2.038280963897705,2.038280963897705,0.7428297996520996,0.7428297996520996,0.7428297996520996,False,3598,0.03838109399999823,93744.07097411466,,0.5388325452804565,0.24348124861717224,0.4191671311855316,0.1076449304819107,0.07548034191131592,0.0599604994058609,0.050611432641744614,0.0540965311229229,0.010174770839512348,correct
196,0.0008523800366230396,2.066983461380005,2.066983461380005,0.9173035621643066,0.9173035621643066,0.9173035621643066,False,3618,0.039605373999997084,91351.23935454483,,0.7401547431945801,0.235137477517128,0.44561445713043213,0.12343444675207138,0.08960756659507751,0.07175064086914062,0.06667342782020569,0.08213762938976288,0.012213215231895447,correct
197,0.0008504715024592132,2.0933923721313477,2.0933923721313477,0.7368210554122925,0.7368210554122925,0.7368210554122925,False,3612,0.03891427199999953,92819.41597160147,,0.5500304102897644,0.2313190996646881,0.4014344811439514,0.10202331840991974,0.07082998752593994,0.05921146646142006,0.054267268627882004,0.06110068038105965,0.010186776518821716,correct
198,0.0008485531649010063,2.0764682292938232,2.0764682292938232,0.9499968886375427,0.9499968886375427,0.9499968886375427,False,3668,0.03971877500000076,92349.2731082449,,0.7604607939720154,0.24484871327877045,0.4759056866168976,0.1271686553955078,0.08481868356466293,0.06767229735851288,0.06341560184955597,0.07477256655693054,0.01408418919891119,correct
199,0.0008466250865374482,2.0604074001312256,2.0604074001312256,0.8695219159126282,0.8695219159126282,0.8695219159126282,False,3696,0.03973315600000049,93020.54938701457,,0.6877465844154358,0.22161467373371124,0.44412267208099365,0.12307623028755188,0.08241811394691467,0.06747083365917206,0.061062488704919815,0.07975472509860992,0.011516846716403961,correct
200,0.0008446873302753783,2.0246431827545166,2.0246431827545166,0.7976270318031311,0.7976270318031311,0.7976270318031311,False,3670,0.039300409000002645,93383.2520674213,,0.6327250599861145,0.22169719636440277,0.39860615134239197,0.1059790626168251,0.07071742415428162,0.058062728494405746,0.055356938391923904,0.07073112577199936,0.012661081738770008,correct
201,0.0008427399593373941,2.0034120082855225,2.0034120082855225,1.0180186033248901,1.0180186033248901,0.9999989867210388,True,3754,0.038955803000000344,96365.61720984077,,0.8369215726852417,0.22807544469833374,0.48991698026657104,0.13284417986869812,0.09187517315149307,0.07352859526872635,0.07004540413618088,0.08533663302659988,0.014254314824938774,correct
202,0.0008407830372597884,2.071784257888794,2.071784257888794,0.7488606572151184,0.7488606572151184,0.7488606572151184,False,3693,0.040652691000001795,90842.69476772982,,0.5497812032699585,0.22948960959911346,0.4238359332084656,0.10881181061267853,0.07090382277965546,0.05753661319613457,0.05195382609963417,0.05708823353052139,0.009722177870571613,correct
203,0.0008388166278904759,2.0494139194488525,2.0494139194488525,0.7499862313270569,0.7499862313270569,0.7499862313270569,False,3684,0.03976574700000057,92642.54485147599,,0.546478807926178,0.24042893946170807,0.42148497700691223,0.10987430065870285,0.07136061042547226,0.05873800441622734,0.054004374891519547,0.0686156377196312,0.012046256102621555,correct
204,0.0008368407953869105,2.075456380844116,2.075456380844116,0.9632277488708496,0.9632277488708496,0.9632277488708496,False,3579,0.039479102000001376,90655.55746429783,,0.7540236711502075,0.23893176019191742,0.5118330121040344,0.13462184369564056,0.08478979021310806,0.0678270012140274,0.06247486546635628,0.07889892905950546,0.012392214499413967,correct
205,0.0008348556042139917,2.050015687942505,2.050015687942505,0.7120026350021362,0.7120026350021362,0.7120026350021362,False,3647,0.03996352999999786,91258.20466811104,,0.5299054980278015,0.2136729657649994,0.3953356444835663,0.10346390306949615,0.0696239024400711,0.0554230697453022,0.049230366945266724,0.055288687348365784,0.009851713664829731,correct
206,0.000832861119141962,2.0458731651306152,2.0458731651306152,0.8229805827140808,0.8229805827140808,0.8229805827140808,False,3700,0.03905916399999754,94728.08993045098,,0.6319904327392578,0.2271403670310974,0.44501715898513794,0.11321040987968445,0.07399290055036545,0.05910368636250496,0.052574120461940765,0.059986766427755356,0.010240888223052025,correct
207,0.0008308574052442928,1.9579150676727295,1.9579150676727295,0.7764443159103394,0.7764443159103394,0.7764443159103394,False,3641,0.03978829600000111,91509.32223887894,,0.5745506286621094,0.22300001978874207,0.44503119587898254,0.10652095079421997,0.06965033710002899,0.05612445995211601,0.049862056970596313,0.055338095873594284,0.008899440988898277,correct
208,0.0008288445278955615,2.0246479511260986,2.0246479511260986,0.7667751908302307,0.7667751908302307,0.7667751908302307,False,3546,0.04182224099999843,84787.4220800395,,0.5763333439826965,0.22656182944774628,0.4172588586807251,0.11482038348913193,0.07623086869716644,0.06470445543527603,0.056326571851968765,0.06218782067298889,0.011284076608717442,correct
209,0.0008268225527693193,2.009514808654785,2.009514808654785,0.749613881111145,0.749613881111145,0.749613881111145,False,3874,0.03991023900000101,97067.82262065385,,0.5594783425331116,0.21785952150821686,0.41227632761001587,0.11802088469266891,0.0751320943236351,0.062365517020225525,0.05778848007321358,0.06745670735836029,0.01083077397197485,correct
210,0.0008247915458359473,2.006690740585327,2.006690740585327,0.7131833434104919,0.7131833434104919,0.7131833434104919,False,3758,0.04034329699999972,93150.54245566558,,0.5399327874183655,0.20570160448551178,0.38567882776260376,0.10669346898794174,0.07082414627075195,0.05819762125611305,0.05345897376537323,0.05738222226500511,0.01023167371749878,correct
211,0.0008227515733605047,2.05229115486145,2.05229115486145,0.7570390701293945,0.7570390701293945,0.7570390701293945,False,3643,0.039379930999999146,92509.04985080037,,0.5690830945968628,0.2270258516073227,0.4084089696407318,0.1134309247136116,0.07597561925649643,0.06605441123247147,0.058098290115594864,0.06627534329891205,0.012001990340650082,correct
212,0.0008207027019005675,2.0146806240081787,2.0146806240081787,0.8852300047874451,0.8852300047874451,0.8852300047874451,False,3612,0.04040267699999944,89400.01673651599,,0.6877912878990173,0.2268611341714859,0.4749075770378113,0.12268415093421936,0.07788483798503876,0.06400380283594131,0.05966656282544136,0.06831208616495132,0.011471745558083057,correct
213,0.0008186449983040552,2.0035688877105713,2.0035688877105713,0.9541425108909607,0.9541425108909607,0.9541425108909607,False,3507,0.03950430200000099,88775.14150230808,,0.786835253238678,0.23479090631008148,0.44449058175086975,0.12691661715507507,0.0820666253566742,0.0712558925151825,0.06555914878845215,0.07839621603488922,0.014678257517516613,correct
214,0.0008165785297070515,2.0191493034362793,2.0191493034362793,0.8631153106689453,0.8631153106689453,0.8631153106689453,False,3672,0.04019759400000211,91348.75087299521,,0.6946166157722473,0.21673335134983063,0.42564359307289124,0.11875787377357483,0.08053964376449585,0.06635403633117676,0.06055847555398941,0.07407236099243164,0.013529110699892044,correct
215,0.000814503363531613,2.0193796157836914,2.0193796157836914,0.7313165664672852,0.7313165664672852,0.7313165664672852,False,3672,0.0395880840000018,92755.18360524427,,0.5569588541984558,0.20916062593460083,0.3906770348548889,0.1094164177775383,0.07223959267139435,0.061172548681497574,0.05743823200464249,0.06239438056945801,0.010917617939412594,correct
216,0.0008124195674835693,1.954857587814331,1.954857587814331,0.8184861540794373,0.8184861540794373,0.8184861540794373,False,3686,0.03984818700000048,92501.07162968181,,0.6561675667762756,0.21213923394680023,0.4036406874656677,0.11207674443721771,0.07523367553949356,0.06410224735736847,0.059464357793331146,0.07361458241939545,0.012219738215208054,correct
217,0.0008103272095503149,2.0256435871124268,2.0256435871124268,0.7412731647491455,0.7412731647491455,0.7412731647491455,False,3719,0.03947774199999898,94204.9826456664,,0.5471383929252625,0.22612333297729492,0.4134385287761688,0.11197506636381149,0.0738893374800682,0.059459175914525986,0.05355149880051613,0.05956319719552994,0.010642989538609982,correct
218,0.0008082263579985899,1.9792488813400269,1.9792488813400269,0.8111141324043274,0.8111141324043274,0.8111141324043274,False,3400,0.03921554699999774,86700.30791614855,,0.5888041853904724,0.24698644876480103,0.46509072184562683,0.12504294514656067,0.07889321446418762,0.06480737030506134,0.05769306793808937,0.0662185549736023,0.011441318318247795,correct
219,0.0008061170813722532,2.029202699661255,2.029202699661255,0.8127042651176453,0.8127042651176453,0.8127042651176453,False,3637,0.03922295699999978,92726.30821791483,,0.6116164922714233,0.23825670778751373,0.44422972202301025,0.11788719147443771,0.07775381952524185,0.06299124658107758,0.059736691415309906,0.06857886165380478,0.011166895739734173,correct
220,0.0008039994484900462,2.0165696144104004,2.0165696144104004,0.8276017904281616,0.8276017904281616,0.8276017904281616,False,3734,0.03919781700000158,95260.4069762316,,0.6230229139328003,0.2305237203836441,0.4564034938812256,0.13352936506271362,0.07642488181591034,0.06159152463078499,0.05749180167913437,0.0663982480764389,0.01197871658951044,correct
221,0.0008018735284433474,1.9949978590011597,1.9949978590011597,0.7507458925247192,0.7507458925247192,0.7507458925247192,False,3787,0.039857158000000226,95014.30081893894,,0.5546128749847412,0.2306126058101654,0.41524067521095276,0.1195378229022026,0.07541126757860184,0.05979336425662041,0.05505218356847763,0.06086692959070206,0.011405233293771744,correct
222,0.0007997393905939183,1.9741131067276,1.9741131067276,0.8648393750190735,0.8648393750190735,0.8648393750190735,False,3553,0.03904853499999916,90989.32904909432,,0.678175687789917,0.22584667801856995,0.4461858570575714,0.13106468319892883,0.08061498403549194,0.06678955256938934,0.06455104053020477,0.07378681749105453,0.013688979670405388,correct
223,0.0007975971045716397,2.0803303718566895,2.0803303718566895,0.7970964312553406,0.7970964312553406,0.7970964312553406,False,3736,0.03914346599999874,95443.77087098318,,0.5934538245201111,0.2368806153535843,0.44437626004219055,0.12376558035612106,0.07301723212003708,0.05761432275176048,0.051453374326229095,0.05377534031867981,0.009189927950501442,correct
224,0.0007954467402722411,2.0433199405670166,2.0433199405670166,0.8718109726905823,0.8718109726905823,0.8718109726905823,False,3521,0.03937455999999884,89423.22149123962,,0.6596985459327698,0.26520100235939026,0.465780645608902,0.1293957382440567,0.08356630802154541,0.06949935853481293,0.06342518329620361,0.06928987056016922,0.013724596239626408,correct
225,0.000793288367855019,2.016177177429199,2.016177177429199,0.8418883085250854,0.8418883085250854,0.8418883085250854,False,3573,0.03916340600000012,91233.12716978673,,0.6682127118110657,0.22113017737865448,0.4247179925441742,0.12083465605974197,0.07665732502937317,0.06387456506490707,0.060330651700496674,0.06798756867647171,0.012817797251045704,correct
226,0.0007911220577405485,2.0563318729400635,2.0563318729400635,0.7774626612663269,0.7774626612663269,0.7774626612663269,False,3579,0.04069193200000143,87953.5530532164,,0.5925523042678833,0.23267212510108948,0.41203054785728455,0.11067128926515579,0.07152645289897919,0.062317803502082825,0.059224843978881836,0.06753408163785934,0.010409930720925331,correct
227,0.0007889478806083859,1.9919413328170776,1.9919413328170776,0.9823074340820312,0.9823074340820312,0.9823074340820312,False,3645,0.03926533799999987,92829.96621600486,,0.7958933115005493,0.23780688643455505,0.4813094735145569,0.13634726405143738,0.08656249940395355,0.0711427554488182,0.06975913792848587,0.08403648436069489,0.014049296267330647,correct
228,0.0007867659073947619,2.0204756259918213,2.0204756259918213,0.8093603849411011,0.8093603849411011,0.8093603849411011,False,3655,0.039855738999996504,91705.73904050105,,0.6383458971977234,0.21652552485466003,0.4118768274784088,0.11015000939369202,0.07668419182300568,0.0656517744064331,0.06241234019398689,0.06843019276857376,0.012301440350711346,correct
229,0.0007845762092902678,2.0047318935394287,2.0047318935394287,0.8425907492637634,0.8425907492637634,0.8425907492637634,False,3434,0.039137307000004284,87742.3681705955,,0.6346482634544373,0.25099748373031616,0.45672607421875,0.12891758978366852,0.07955045998096466,0.06469491869211197,0.06093389540910721,0.06781993061304092,0.01167838554829359,correct
230,0.0007823788577375329,1.968218207359314,1.968218207359314,0.7266428470611572,0.7266428470611572,0.7266428470611572,False,3704,0.040001541000002305,92596.43272242403,,0.5437701940536499,0.2112775295972824,0.40223947167396545,0.10481913387775421,0.06882303953170776,0.05885297432541847,0.05447078496217728,0.06020231172442436,0.01049992348998785,correct
231,0.0007801739244288929,1.9797371625900269,1.9797371625900269,0.753807783126831,0.753807783126831,0.753807783126831,False,3619,0.04006374200000096,90331.05295056845,,0.5502700209617615,0.23126932978630066,0.43016931414604187,0.1115364283323288,0.07076042890548706,0.05781097710132599,0.05368358641862869,0.05588756501674652,0.010149532929062843,correct
232,0.0007779614813040513,2.029881238937378,2.029881238937378,0.8293913006782532,0.8293913006782532,0.8293913006782532,False,3628,0.03952680300000111,91785.8193590789,,0.6154685616493225,0.24540239572525024,0.4629078805446625,0.1207520142197609,0.08113998174667358,0.0670560672879219,0.06238655745983124,0.06990791112184525,0.01190965436398983,correct
233,0.0007757416005477322,1.9730321168899536,1.9730321168899536,0.8311507105827332,0.8311507105827332,0.8311507105827332,False,3547,0.03952195299999772,89747.58914368945,,0.6291500926017761,0.24246519804000854,0.45468395948410034,0.1120087057352066,0.07235413044691086,0.06151612848043442,0.05779755115509033,0.06644334644079208,0.011583708226680756,correct
234,0.0007735143545873251,1.9875775575637817,1.9875775575637817,0.7302814722061157,0.7302814722061157,0.7302814722061157,False,3861,0.039175677000002906,98556.05047998822,,0.5448743104934692,0.21586380898952484,0.4050256311893463,0.1088903546333313,0.06930777430534363,0.056379079818725586,0.05170249566435814,0.05618482455611229,0.010529283434152603,correct
235,0.0007712798160905218,2.0412204265594482,2.0412204265594482,0.8296875953674316,0.8296875953674316,0.8296875953674316,False,3760,0.03947227200000469,95256.74123849656,,0.6081758141517639,0.2373700737953186,0.48219034075737,0.11472661793231964,0.07354173809289932,0.061526451259851456,0.05691566690802574,0.06266707181930542,0.011358021758496761,correct
236,0.0007690380579629454,1.9268745183944702,1.9268745183944702,0.7659552693367004,0.7659552693367004,0.7659552693367004,False,3464,0.0395999639999971,87474.82699732388,,0.5570113062858582,0.23572666943073273,0.4414534270763397,0.11012918502092361,0.06840822100639343,0.05658594146370888,0.05065425857901573,0.05736114829778671,0.010555751621723175,correct
237,0.0007667891533457719,1.9251283407211304,1.9251283407211304,0.7576769590377808,0.7576769590377808,0.7576769590377808,False,3407,0.039543543000000625,86158.18769703934,,0.5050779581069946,0.2580147683620453,0.4740612804889679,0.11597920209169388,0.06993883103132248,0.058033980429172516,0.052754174917936325,0.05542806163430214,0.009955396875739098,correct
238,0.0007645331756133438,1.9683834314346313,1.9683834314346313,0.7381704449653625,0.7381704449653625,0.7381704449653625,False,3698,0.03935028000000074,93976.45963383059,,0.5137105584144592,0.2351922243833542,0.4465443789958954,0.10991359502077103,0.0685679018497467,0.05661693215370178,0.054116297513246536,0.0573124997317791,0.008859872817993164,correct
239,0.0007622701983707755,1.9752259254455566,1.9752259254455566,0.9721275568008423,0.9721275568008423,0.9721275568008423,False,3649,0.038904252000001804,93794.37496960051,,0.7762006521224976,0.23958930373191833,0.48927462100982666,0.1396026909351349,0.09137862920761108,0.07114893943071365,0.07382623106241226,0.08473347872495651,0.014852536842226982,correct
240,0.0007600002954515532,2.014198064804077,2.014198064804077,0.862064003944397,0.862064003944397,0.862064003944397,False,3950,0.038992024000002345,101302.76899705853,,0.6844539642333984,0.21927078068256378,0.4410252571105957,0.12093688547611237,0.07744315266609192,0.062303438782691956,0.05753093585371971,0.06455924361944199,0.010564244352281094,correct
241,0.0007577235409151243,1.97999906539917,1.97999906539917,0.7343515157699585,0.7343515157699585,0.7343515157699585,False,3619,0.03989042900000328,90723.51666109439,,0.5130312442779541,0.2541133463382721,0.43021535873413086,0.11309641599655151,0.06823663413524628,0.0547163151204586,0.05138014256954193,0.05701330676674843,0.008994788862764835,correct
242,0.0007554400090444822,1.9746013879776,1.9746013879776,0.8558701872825623,0.8558701872825623,0.8558701872825623,False,3628,0.039711776000004306,91358.29130380889,,0.651098906993866,0.24894529581069946,0.4606141746044159,0.12151561677455902,0.07880999147891998,0.0684872418642044,0.0632098913192749,0.06817170232534409,0.011593610979616642,correct
243,0.0007531497743437424,1.9302901029586792,1.9302901029586792,0.8573886156082153,0.8573886156082153,0.8573886156082153,False,3407,0.03989258899999726,85404.33412331885,,0.6429347991943359,0.2470613270998001,0.48212191462516785,0.11222135275602341,0.07304972410202026,0.060292527079582214,0.056016676127910614,0.05888114497065544,0.009964455850422382,correct
244,0.0007508529115357114,1.9778697490692139,1.9778697490692139,0.8238143920898438,0.8238143920898438,0.8238143920898438,False,3834,0.04014877299999853,95494.8237147905,,0.617264449596405,0.24951131641864777,0.4483862817287445,0.12039685994386673,0.07832655310630798,0.06654606759548187,0.06162888929247856,0.07317192852497101,0.011726384051144123,correct
245,0.0007485494955594495,1.958202600479126,1.958202600479126,0.8199674487113953,0.8199674487113953,0.8199674487113953,False,3764,0.038480644999999924,97815.40823964898,,0.6190203428268433,0.23803244531154633,0.43970638513565063,0.12553127110004425,0.08589905500411987,0.07489211112260818,0.06606687605381012,0.07660648971796036,0.013426609337329865,correct
246,0.000746239601567825,1.9364728927612305,1.9364728927612305,0.7390028834342957,0.7390028834342957,0.7390028834342957,False,3586,0.03792346599999519,94558.8675887498,,0.5308109521865845,0.24057507514953613,0.42578089237213135,0.10924811661243439,0.0678543969988823,0.055564191192388535,0.049365293234586716,0.05516082048416138,0.00963210966438055,correct
247,0.000743923304925062,1.9343338012695312,1.9343338012695312,0.867624044418335,0.867624044418335,0.867624044418335,False,3602,0.040030511000004765,89981.36446470971,,0.6582591533660889,0.2479623258113861,0.4681049585342407,0.1332615613937378,0.08180021494626999,0.07016181945800781,0.06197112426161766,0.07416146993637085,0.01207391545176506,correct
248,0.0007416006812042827,1.8709769248962402,1.8709769248962402,0.7888689637184143,0.7888689637184143,0.7888689637184143,False,3705,0.03964544499999789,93453.35889154977,,0.5804498195648193,0.24010661244392395,0.44268637895584106,0.12183362990617752,0.07599907368421555,0.06242702901363373,0.05761910229921341,0.06168582662940025,0.011330107226967812,correct
249,0.0007392718061850407,1.9999223947525024,1.9999223947525024,0.8147452473640442,0.8147452473640442,0.8147452473640442,False,3695,0.039415370999996924,93745.15338192017,,0.5884139537811279,0.2418755292892456,0.4708038866519928,0.13043217360973358,0.07989063113927841,0.06733252853155136,0.06281694769859314,0.07340507209300995,0.012477725744247437,correct
250,0.000736936755850849,1.9727815389633179,1.9727815389633179,0.8917505145072937,0.8917505145072937,0.8917505145072937,False,3671,0.03931032899999565,93385.12531910904,,0.6670587658882141,0.2480294555425644,0.5013871788978577,0.13502641022205353,0.0819854885339737,0.06709582358598709,0.06007421016693115,0.06429412961006165,0.012068725191056728,correct
251,0.0007345956063867004,1.9912097454071045,1.9912097454071045,0.8137392997741699,0.8137392997741699,0.8137392997741699,False,3730,0.03804079699999363,98052.62492267511,,0.6100606918334961,0.22812089323997498,0.45522600412368774,0.11894619464874268,0.07418663799762726,0.06163596361875534,0.05633561313152313,0.06314065307378769,0.010789593681693077,correct
252,0.0007322484341765824,2.0118966102600098,2.0118966102600098,0.8439959287643433,0.8439959287643433,0.8439959287643433,False,3643,0.03776029299999806,96477.00562069757,,0.6183618903160095,0.237849161028862,0.48558440804481506,0.1261160671710968,0.08102116733789444,0.06899122893810272,0.06522515416145325,0.07711390405893326,0.012762009166181087,correct
253,0.0007298953158009852,1.9775172472000122,1.9775172472000122,0.8335694074630737,0.8335694074630737,0.8335694074630737,False,3666,0.03957404300000178,92636.478916239,,0.6386017203330994,0.23371100425720215,0.45077359676361084,0.11504235863685608,0.07113775610923767,0.05919189751148224,0.05537140369415283,0.06476546823978424,0.012191949412226677,correct
254,0.0007275363280344022,1.933262586593628,1.933262586593628,0.8350340127944946,0.8350340127944946,0.8350340127944946,False,3568,0.03866867800000051,92271.06238284,,0.6379937529563904,0.21532070636749268,0.4561694860458374,0.1283310353755951,0.0796562060713768,0.06679463386535645,0.060477785766124725,0.06867258250713348,0.011968021281063557,correct
255,0.0007251715478428263,1.9821255207061768,1.9821255207061768,0.8619320392608643,0.8619320392608643,0.8619320392608643,False,3732,0.03940389099999919,94711.45882522303,,0.6519434452056885,0.24427329003810883,0.4736715257167816,0.12217152863740921,0.07736929506063461,0.06416252255439758,0.059816762804985046,0.07164287567138672,0.011086557991802692,correct
256,0.0007228010523812372,1.9012633562088013,1.9012633562088013,0.7146327495574951,0.7146327495574951,0.7146327495574951,False,3560,0.03959828299999657,89902.88796108429,,0.5047267079353333,0.2238556146621704,0.4278416335582733,0.10206754505634308,0.06494196504354477,0.05332706868648529,0.04734228551387787,0.05457990616559982,0.009586865082383156,correct
257,0.000720424918991086,1.9444122314453125,1.9444122314453125,0.7351346015930176,0.7351346015930176,0.7351346015930176,False,3490,0.04046071899999504,86256.499791821,,0.5056918859481812,0.23203302919864655,0.45395103096961975,0.10705775022506714,0.06768656522035599,0.05513642355799675,0.04988497123122215,0.055994752794504166,0.008992880582809448,correct
258,0.0007180432251977702,1.926523208618164,1.926523208618164,0.799319863319397,0.799319863319397,0.799319863319397,False,3675,0.04003466099999997,91795.45694167368,,0.6067101955413818,0.22339443862438202,0.4334087371826172,0.11796774715185165,0.07952173799276352,0.06615325808525085,0.058966536074876785,0.06951185315847397,0.011893723160028458,correct
259,0.0007156560487081052,1.9026715755462646,1.9026715755462646,0.8164729475975037,0.8164729475975037,0.8164729475975037,False,3540,0.039266347999998175,90153.53299472017,,0.6068597435951233,0.2362017035484314,0.45791277289390564,0.12241874635219574,0.07659002393484116,0.06435433775186539,0.05679928883910179,0.06717774271965027,0.01187555305659771,correct
260,0.0007132634674077885,1.9373738765716553,1.9373738765716553,0.7923595309257507,0.7923595309257507,0.7923595309257507,False,3629,0.03956856399999964,91714.22040992018,,0.5709598064422607,0.237164705991745,0.4630051553249359,0.11940988898277283,0.077374666929245,0.05820346251130104,0.054576028138399124,0.06701561063528061,0.010715523734688759,correct
261,0.000710865559358859,1.9070234298706055,1.9070234298706055,0.7550545930862427,0.7550545930862427,0.7550545930862427,False,3563,0.039496071999998605,90211.50255144679,,0.5544756650924683,0.23045256733894348,0.431620329618454,0.10314863175153732,0.06678833812475204,0.05477920547127724,0.048145852982997894,0.05250867083668709,0.009133768267929554,correct
262,0.0007084624027971498,1.9375683069229126,1.9375683069229126,0.7257238626480103,0.7257238626480103,0.7257238626480103,False,3627,0.0401267230000002,90388.64200298594,,0.5096251964569092,0.24126404523849487,0.4300375282764435,0.10307745635509491,0.06703973561525345,0.056066252291202545,0.04868509620428085,0.05556474253535271,0.009808779694139957,correct
263,0.0007060540761297353,1.9821783304214478,1.9821783304214478,0.9205528497695923,0.9205528497695923,0.9205528497695923,False,3826,0.03919400700000608,97616.9647568672,,0.6811844706535339,0.2662334740161896,0.5199708938598633,0.1409405916929245,0.08607298135757446,0.07315487414598465,0.06289368867874146,0.07330973446369171,0.014177556149661541,correct
264,0.0007036406579323739,1.8718457221984863,1.8718457221984863,0.8392201066017151,0.8392201066017151,0.8392201066017151,False,3527,0.039135545999997134,90122.6726209533,,0.6149562001228333,0.2427533119916916,0.4860629141330719,0.12057140469551086,0.0768662542104721,0.061244167387485504,0.05522638186812401,0.05983920022845268,0.01027549896389246,correct
265,0.0007012222269469436,1.9136366844177246,1.9136366844177246,0.8768726587295532,0.8768726587295532,0.8768726587295532,False,3610,0.039684284999999875,90967.99904546628,,0.6346725821495056,0.2641308307647705,0.514641523361206,0.12706857919692993,0.07344915717840195,0.05974385514855385,0.051981739699840546,0.05983242765069008,0.009101543575525284,correct
266,0.0006987988620788731,1.9371267557144165,1.9371267557144165,0.9328891038894653,0.9328891038894653,0.9328891038894653,False,3593,0.04136819299999672,86854.16837037781,,0.7163812518119812,0.24261532723903656,0.518152117729187,0.11883246153593063,0.07401064038276672,0.06085313856601715,0.05259400233626366,0.05970317870378494,0.010184169746935368,correct
267,0.0006963706423945674,1.9734961986541748,1.9734961986541748,0.8708864450454712,0.8708864450454712,0.8708864450454712,False,3654,0.039296129000000235,92986.25826477662,,0.6674854755401611,0.23597858846187592,0.46707865595817566,0.12753987312316895,0.08319640904664993,0.07263022661209106,0.06211261451244354,0.08113782852888107,0.012386553920805454,correct
268,0.0006939376471188285,1.9289095401763916,1.9289095401763916,0.7412552237510681,0.7412552237510681,0.7412552237510681,False,3689,0.0384472539999976,95949.63531076186,,0.5240782499313354,0.22744914889335632,0.44092079997062683,0.11194983124732971,0.0709148645401001,0.05910298973321915,0.05463514104485512,0.06738854944705963,0.008713435381650925,correct
269,0.0006914999556322696,1.8744866847991943,1.8744866847991943,0.7610636353492737,0.7610636353492737,0.7610636353492737,False,3793,0.04120218099999562,92058.23351924994,,0.5474154949188232,0.22815711796283722,0.44481152296066284,0.11354929208755493,0.07436441630125046,0.062365349382162094,0.0559493824839592,0.06407411396503448,0.009610717184841633,correct
270,0.0006890576474687264,1.971660852432251,1.971660852432251,0.7323344945907593,0.7323344945907593,0.7323344945907593,False,3692,0.0404371569999995,91302.16548112038,,0.5378423929214478,0.22446325421333313,0.41227036714553833,0.103276327252388,0.07060399651527405,0.060226716101169586,0.054996557533741,0.0654907375574112,0.00984271988272667,correct
271,0.000686610802312661,1.8977680206298828,1.8977680206298828,0.8259386420249939,0.8259386420249939,0.8259386420249939,False,3757,0.03964534499999672,94765.22401306662,,0.6280161738395691,0.2299090176820755,0.44654524326324463,0.11953939497470856,0.08001745492219925,0.07071948796510696,0.0641682893037796,0.07430703192949295,0.01329382136464119,correct
272,0.0006841594999965631,1.8847475051879883,1.8847475051879883,0.7817389369010925,0.7817389369010925,0.7817389369010925,False,3507,0.0393950899999993,89021.2460486843,,0.5483165979385376,0.23882977664470673,0.47232404351234436,0.12138202041387558,0.07179536670446396,0.05989493057131767,0.054787613451480865,0.06125820055603981,0.010255889035761356,correct
273,0.0006817038204983444,1.9247676134109497,1.9247676134109497,0.7547791004180908,0.7547791004180908,0.7547791004180908,False,3763,0.03889596100000148,96745.26360204487,,0.5530670881271362,0.23203250765800476,0.4303053915500641,0.10455326735973358,0.06795953214168549,0.056617096066474915,0.05105108022689819,0.057915251702070236,0.009522682055830956,correct
274,0.0006792438439387299,1.8972015380859375,1.8972015380859375,0.7784289717674255,0.7784289717674255,0.7784289717674255,False,3513,0.038297321999998246,91729.65148842942,,0.5635130405426025,0.24344642460346222,0.4456298053264618,0.11813634634017944,0.07311633974313736,0.06103450432419777,0.05641806870698929,0.06502191722393036,0.010698096826672554,correct
275,0.0006767796505786434,1.8850826025009155,1.8850826025009155,0.7141375541687012,0.7141375541687012,0.7141375541687012,False,3525,0.03822847099999649,92208.76241689928,,0.4916054308414459,0.2331823706626892,0.4323538839817047,0.1138395443558693,0.07091881334781647,0.05530639737844467,0.053085893392562866,0.05527422949671745,0.009572864510118961,correct
276,0.0006743113208165891,1.8898899555206299,1.8898899555206299,0.7796313762664795,0.7796313762664795,0.7796313762664795,False,3531,0.039633863999995356,89090.48080702941,,0.5743268728256226,0.2356289178133011,0.4395909607410431,0.11288576573133469,0.07466327399015427,0.06264503300189972,0.05659356713294983,0.060469020158052444,0.010536491870880127,correct
277,0.0006718389351860285,1.9332343339920044,1.9332343339920044,0.775481641292572,0.775481641292572,0.775481641292572,False,3655,0.03848966500000017,94960.55629478676,,0.5567460060119629,0.24764449894428253,0.44705337285995483,0.11686431616544724,0.07093489170074463,0.06018804758787155,0.05934537947177887,0.06528277695178986,0.011216848157346249,correct
278,0.0006693625743527519,1.8833566904067993,1.8833566904067993,0.7880735993385315,0.7880735993385315,0.7880735993385315,False,3535,0.038608746999997834,91559.56291459544,,0.5483469367027283,0.26284894347190857,0.4679555892944336,0.11924224346876144,0.07852708548307419,0.06302955001592636,0.05791378393769264,0.0669344812631607,0.010554179549217224,correct
279,0.0006668823191122488,1.9074070453643799,1.9074070453643799,0.9269351363182068,0.9269351363182068,0.9269351363182068,False,3702,0.039181466999998804,94483.44545139448,,0.6813189387321472,0.26764124631881714,0.5333643555641174,0.13251139223575592,0.08507848531007767,0.06920206546783447,0.06345676630735397,0.07185020297765732,0.011317884549498558,correct
280,0.0006643982503870692,1.8950940370559692,1.8950940370559692,0.7842666506767273,0.7842666506767273,0.7842666506767273,False,3710,0.0394269410000021,94098.09399110629,,0.5712160468101501,0.23945368826389313,0.44768884778022766,0.11627525091171265,0.07388712465763092,0.062892846763134,0.05964105576276779,0.06637440621852875,0.011210029013454914,correct
281,0.0006619104492241848,1.9094430208206177,1.9094430208206177,0.9397921562194824,0.9397921562194824,0.9397921562194824,False,3652,0.03850654499999706,94841.01988376986,,0.7100508213043213,0.25379958748817444,0.5185661911964417,0.1403779238462448,0.08880430459976196,0.0740894302725792,0.07121619582176208,0.08595287799835205,0.013077877461910248,correct
282,0.0006594189967923444,1.892045021057129,1.892045021057129,0.729432225227356,0.729432225227356,0.729432225227356,False,3581,0.03985732799999653,89845.46078955197,,0.4985979497432709,0.24082686007022858,0.4426534175872803,0.11491324007511139,0.0727238804101944,0.059899646788835526,0.05545910820364952,0.06549668312072754,0.009197608567774296,correct
283,0.000656923974379426,1.8849581480026245,1.8849581480026245,0.891978919506073,0.891978919506073,0.891978919506073,False,3765,0.039605463999997426,95062.6408517836,,0.660979688167572,0.24134762585163116,0.51270991563797,0.13246960937976837,0.08024893701076508,0.06611381471157074,0.06304839253425598,0.0716823861002922,0.011811482720077038,correct
284,0.0006544254633897843,1.8981839418411255,1.8981839418411255,0.9036124348640442,0.9036124348640442,0.9036124348640442,False,3745,0.03896899300000456,96102.04708136959,,0.6689497232437134,0.24417124688625336,0.516682505607605,0.13619127869606018,0.08738885074853897,0.06761441379785538,0.0659213587641716,0.08478135615587234,0.012301074340939522,correct
285,0.000651923545341594,1.9113930463790894,1.9113930463790894,0.7751099467277527,0.7751099467277527,0.7751099467277527,False,3673,0.0384637149999989,95492.5960739909,,0.5020169019699097,0.27654483914375305,0.4896453320980072,0.13156816363334656,0.07586678862571716,0.05901685357093811,0.05330824851989746,0.05556967481970787,0.008138221688568592,correct
286,0.0006494183018641919,1.8594284057617188,1.8594284057617188,0.9851281046867371,0.9851281046867371,0.9851281046867371,False,3642,0.039152156000000105,93021.69719593451,,0.7324187159538269,0.2590855360031128,0.5654627680778503,0.15686093270778656,0.08884324133396149,0.06915266811847687,0.06605751812458038,0.07357838749885559,0.010433308780193329,correct
287,0.0006469098146954119,1.8530223369598389,1.8530223369598389,0.8875495195388794,0.8875495195388794,0.8875495195388794,False,3597,0.04032766599999604,89194.35109387072,,0.6607710123062134,0.25101885199546814,0.4983638823032379,0.13657958805561066,0.0804109051823616,0.06560402363538742,0.06572286039590836,0.07645213603973389,0.01266846526414156,correct
288,0.0006443981656789193,1.9082143306732178,1.9082143306732178,0.8377140164375305,0.8377140164375305,0.8377140164375305,False,3717,0.0397847870000021,93427.6712352338,,0.5831724405288696,0.2586042881011963,0.5053184032440186,0.13752388954162598,0.08076068758964539,0.06779155135154724,0.06427237391471863,0.07197004556655884,0.010506298393011093,correct
289,0.0006418834367615395,1.852535605430603,1.852535605430603,0.8000952005386353,0.8000952005386353,0.8000952005386353,False,3397,0.0396546839999985,85664.5333499601,,0.5537860989570618,0.24608999490737915,0.48582789301872253,0.13396932184696198,0.07941615581512451,0.06555037200450897,0.06027470901608467,0.06780591607093811,0.010100309737026691,correct
290,0.0006393657099905854,1.8801647424697876,1.8801647424697876,0.8538893461227417,0.8538893461227417,0.8538893461227417,False,3755,0.039885038000001316,94145.5791016139,,0.6248513460159302,0.24153468012809753,0.4967149496078491,0.12177211046218872,0.07825864106416702,0.06427942216396332,0.061297573149204254,0.0681772530078888,0.011525357142090797,correct
291,0.0006368450675111802,1.903592586517334,1.903592586517334,0.8460139632225037,0.8460139632225037,0.8460139632225037,False,3708,0.03917262699999924,94657.93550174902,,0.6175556182861328,0.24641050398349762,0.48813122510910034,0.12116017192602158,0.07996133714914322,0.06612054258584976,0.06439001858234406,0.07515915483236313,0.011576519347727299,correct
292,0.0006343215915635762,1.8602946996688843,1.8602946996688843,0.7714155316352844,0.7714155316352844,0.7714155316352844,False,3781,0.04004275100000143,94424.08190186197,,0.5738347768783569,0.222544863820076,0.4371867775917053,0.10512221604585648,0.0671868622303009,0.05678770691156387,0.051820311695337296,0.05968625470995903,0.009985161945223808,correct
293,0.000631795364480473,1.8933731317520142,1.8933731317520142,0.8385202288627625,0.8385202288627625,0.8385202288627625,False,3810,0.03968284500000152,96011.26128935195,,0.6369999647140503,0.228990375995636,0.4575752317905426,0.11860062181949615,0.07938233017921448,0.06646307557821274,0.06402644515037537,0.08054744452238083,0.012777991592884064,correct
294,0.0006292664686843307,1.8363666534423828,1.8363666534423828,0.8509345054626465,0.8509345054626465,0.8509345054626465,False,3486,0.03933487900000188,88623.63603558647,,0.6221014261245728,0.255599707365036,0.48901692032814026,0.11774658411741257,0.07715702056884766,0.06349755078554153,0.05918039754033089,0.07152785360813141,0.011941114440560341,correct
295,0.0006267349866846808,1.8634921312332153,1.8634921312332153,0.783510148525238,0.783510148525238,0.783510148525238,False,3513,0.039036583999994434,89992.50549178435,,0.5377975106239319,0.24495553970336914,0.4853729009628296,0.1096152812242508,0.07466805726289749,0.06294765323400497,0.05872373655438423,0.06292194128036499,0.010533415712416172,correct
296,0.0006242010010754336,1.8894569873809814,1.8894569873809814,0.7955507636070251,0.7955507636070251,0.7955507636070251,False,3565,0.03969421500000436,89811.57581777617,,0.553821325302124,0.25355660915374756,0.4819656014442444,0.11557034403085709,0.07695312052965164,0.05996251478791237,0.05478500574827194,0.06034784018993378,0.009171541780233383,correct
297,0.0006216645945321841,1.9051190614700317,1.9051190614700317,0.8135046362876892,0.8135046362876892,0.8135046362876892,False,3732,0.03981505800000207,93733.38097359562,,0.5787556767463684,0.25268909335136414,0.485298216342926,0.11007654666900635,0.07206905633211136,0.05935085192322731,0.05372485890984535,0.06036614999175072,0.010091256350278854,correct
298,0.0006191258498095149,1.8761944770812988,1.8761944770812988,0.8447892665863037,0.8447892665863037,0.8447892665863037,False,3772,0.03970101499999856,95010.16535723675,,0.6087120771408081,0.2588626742362976,0.499784916639328,0.10810829699039459,0.07197333872318268,0.058303698897361755,0.054015208035707474,0.05552060529589653,0.00875444058328867,correct
299,0.000616584849738295,1.8641215562820435,1.8641215562820435,0.743281364440918,0.743281364440918,0.743281364440918,False,3680,0.039453241000003914,93274.97327785149,,0.5292311310768127,0.22952765226364136,0.4441429078578949,0.1043245792388916,0.06429123878479004,0.0522591657936573,0.04714473336935043,0.04892544075846672,0.008451191708445549,correct
300,0.0006140416772229784,1.813794732093811,1.813794732093811,0.7716014981269836,0.7716014981269836,0.7716014981269836,False,3604,0.03904551499999798,92302.53461889763,,0.5104575753211975,0.2568186819553375,0.48830166459083557,0.11662625521421432,0.07399129867553711,0.06085874140262604,0.0580485574901104,0.06429313868284225,0.01113875675946474,correct
301,0.0006114964152388986,1.8528838157653809,1.8528838157653809,0.8674893975257874,0.8674893975257874,0.8674893975257874,False,3583,0.0415422159999963,86249.6117202876,,0.6395914554595947,0.2469126135110855,0.5015501976013184,0.12068385630846024,0.07343684136867523,0.059846311807632446,0.057763561606407166,0.06300101429224014,0.009864568710327148,correct
302,0.0006089491468295619,1.8552780151367188,1.8552780151367188,0.867820143699646,0.867820143699646,0.867820143699646,False,3585,0.039322809000005066,91168.46154097328,,0.6268185377120972,0.26067018508911133,0.5106478929519653,0.12489882856607437,0.07550060749053955,0.059880103915929794,0.05521106719970703,0.058899082243442535,0.00985324289649725,correct
303,0.000606399955103937,1.8893954753875732,1.8893954753875732,0.7708234786987305,0.7708234786987305,0.7708234786987305,False,3897,0.03922563800000489,99348.28848416726,,0.5391958355903625,0.22726202011108398,0.4707673490047455,0.11375314742326736,0.07432190328836441,0.06179516762495041,0.05864192917943001,0.06600679457187653,0.009422474540770054,correct
304,0.0006038489232337446,1.8149789571762085,1.8149789571762085,0.8320742249488831,0.8320742249488831,0.8320742249488831,False,3610,0.040576999999998975,88966.65598738426,,0.6025723218917847,0.2471851259469986,0.48596593737602234,0.12494836002588272,0.07548447698354721,0.06095984950661659,0.055989205837249756,0.061195727437734604,0.009215173311531544,correct
305,0.0006012961344507433,1.8596117496490479,1.8596117496490479,0.7751835584640503,0.7751835584640503,0.7751835584640503,False,3754,0.03985568799999584,94189.81802548213,,0.53496253490448,0.24106140434741974,0.4739692807197571,0.12235215306282043,0.0735185444355011,0.0606500618159771,0.057938311249017715,0.06674601882696152,0.010094246827065945,correct
306,0.0005987416720440136,1.8064401149749756,1.8064401149749756,0.8329446911811829,0.8329446911811829,0.8329446911811829,False,3581,0.03984973800000091,89862.5732495385,,0.5830304622650146,0.26458850502967834,0.4991474449634552,0.12561610341072083,0.08212624490261078,0.06443819403648376,0.06121682748198509,0.0645943433046341,0.01098973024636507,correct
307,0.000596185619357241,1.891083002090454,1.891083002090454,0.8264625072479248,0.8264625072479248,0.8264625072479248,False,3644,0.04016835299999855,90718.18304325626,,0.5384887456893921,0.2620004117488861,0.5350881218910217,0.13844841718673706,0.07996530085802078,0.06614865362644196,0.059997543692588806,0.06682535260915756,0.010161615908145905,correct
308,0.0005936280597859967,1.810672402381897,1.810672402381897,0.7613002061843872,0.7613002061843872,0.7613002061843872,False,3534,0.03978518600000314,88827.03225265106,,0.5076376795768738,0.26326897740364075,0.4696682095527649,0.12255165725946426,0.07584812492132187,0.06259889155626297,0.05834878981113434,0.06170135736465454,0.009008485823869705,correct
309,0.0005910690767750163,1.826452612876892,1.826452612876892,0.7444120049476624,0.7444120049476624,0.7444120049476624,False,3579,0.039865708000000666,89776.40632896674,,0.4821228086948395,0.24848295748233795,0.4800235331058502,0.11791723966598511,0.07254499197006226,0.05988084152340889,0.055905167013406754,0.05970192700624466,0.009889227338135242,correct
310,0.000588508753815478,1.8415231704711914,1.8415231704711914,0.7383348345756531,0.7383348345756531,0.7383348345756531,False,3631,0.03958768400000423,91720.44517682854,,0.5080650448799133,0.24569590389728546,0.44551724195480347,0.11725407838821411,0.07179582864046097,0.0581863634288311,0.0528702586889267,0.0546739287674427,0.00910143181681633,correct
311,0.0005859471744422774,1.8655756711959839,1.8655756711959839,0.7528964281082153,0.7528964281082153,0.7528964281082153,False,3700,0.04024360500000057,91940.07346011739,,0.5010277628898621,0.25497883558273315,0.46997642517089844,0.11806603521108627,0.07448802143335342,0.05990317836403847,0.05613762140274048,0.060146182775497437,0.009316690266132355,correct
312,0.0005833844222313035,1.81470787525177,1.81470787525177,0.7878078818321228,0.7878078818321228,0.7878078818321228,False,3524,0.03822168099999601,92198.9799454495,,0.5393778681755066,0.25105011463165283,0.48214292526245117,0.12253288924694061,0.07810337841510773,0.06669855862855911,0.0595649778842926,0.0705094113945961,0.011922379955649376,correct
313,0.0005808205807967105,1.8679193258285522,1.8679193258285522,0.8554188013076782,0.8554188013076782,0.8554188013076782,False,3882,0.03865656800000039,100422.7793838284,,0.6208191514015198,0.2393815666437149,0.5078085064888,0.12164339423179626,0.07516995817422867,0.060817278921604156,0.05583401396870613,0.061584051698446274,0.00977389421314001,correct
314,0.0005782557337881911,1.842661738395691,1.842661738395691,0.7532138824462891,0.7532138824462891,0.7532138824462891,False,3532,0.0404942580000025,87222.24271894997,,0.4998660385608673,0.24704937636852264,0.47544270753860474,0.11627211421728134,0.07439373433589935,0.06190617009997368,0.05708703398704529,0.06441663950681686,0.009569517336785793,correct
315,0.0005756899648882457,1.7655055522918701,1.7655055522918701,0.823707103729248,0.823707103729248,0.823707103729248,False,3580,0.03962150400000297,90354.97491462543,,0.6039071679115295,0.2392534464597702,0.46928098797798157,0.12486780434846878,0.0792132169008255,0.07139808684587479,0.0636516809463501,0.07194188982248306,0.01145002618432045,correct
316,0.0005731233578094533,1.883244514465332,1.883244514465332,0.859060525894165,0.859060525894165,0.859060525894165,False,3780,0.03911155500000518,96646.63038837242,,0.6104965806007385,0.26394951343536377,0.5139838457107544,0.11824335157871246,0.07573490589857101,0.06485582888126373,0.058020561933517456,0.06369681656360626,0.009101558476686478,correct
317,0.0005705559962917404,1.8344720602035522,1.8344720602035522,0.9056650996208191,0.9056650996208191,0.9056650996208191,False,3599,0.03973537599999588,90574.20269536076,,0.6705949902534485,0.260693222284317,0.5184037685394287,0.1223636120557785,0.07821333408355713,0.06481048464775085,0.06218217685818672,0.06731338053941727,0.011833831667900085,correct
318,0.000567987964099648,1.8222256898880005,1.8222256898880005,0.782654345035553,0.782654345035553,0.782654345035553,False,3561,0.03944831200000465,90270.02220017882,,0.5331923365592957,0.26479747891426086,0.47758832573890686,0.11682185530662537,0.07684363424777985,0.06107804551720619,0.05684702470898628,0.05861914902925491,0.009741092100739479,correct
319,0.0005654193450195986,1.815973162651062,1.815973162651062,0.8136493563652039,0.8136493563652039,0.8136493563652039,False,3699,0.039471620999997015,93712.89818576946,,0.5745802521705627,0.2522643506526947,0.4853498041629791,0.12298457324504852,0.07620225101709366,0.06335149705410004,0.05976235121488571,0.0638803169131279,0.009129934944212437,correct
320,0.0005628502228571633,1.7854279279708862,1.7854279279708862,0.742547333240509,0.742547333240509,0.742547333240509,False,3731,0.038620258000001684,96607.32975941894,,0.4981563091278076,0.24744804203510284,0.46525487303733826,0.11187104880809784,0.06699401140213013,0.05570468679070473,0.049690086394548416,0.053685251623392105,0.008160126395523548,correct
321,0.0005602806814343274,1.8385926485061646,1.8385926485061646,0.7770497798919678,0.7770497798919678,0.7770497798919678,False,3570,0.03959017300000056,90173.89239496249,,0.5095683336257935,0.2815811336040497,0.48761123418807983,0.11594827473163605,0.06976094096899033,0.056193336844444275,0.05073440819978714,0.054698098450899124,0.0077265105210244656,correct
322,0.0005577108045867546,1.8063498735427856,1.8063498735427856,0.8436534404754639,0.8436534404754639,0.8436534404754639,False,3642,0.03806709799999908,95673.17161923109,,0.5699427127838135,0.27513837814331055,0.5267899632453918,0.12701110541820526,0.07645957171916962,0.06328674405813217,0.06134967878460884,0.06214725971221924,0.009925814345479012,correct
323,0.0005551406761610531,1.8565610647201538,1.8565610647201538,0.8668729066848755,0.8668729066848755,0.8668729066848755,False,3687,0.038591137000004494,95540.07180455892,,0.590792179107666,0.2662368416786194,0.5366290807723999,0.14577226340770721,0.08279504626989365,0.06974157691001892,0.06671185791492462,0.07781947404146194,0.010275296866893768,correct
324,0.0005525703800120388,1.8386726379394531,1.8386726379394531,0.7793024182319641,0.7793024182319641,0.7793024182319641,False,3565,0.03921390699999705,90911.62479679131,,0.5012378096580505,0.27320942282676697,0.4983695149421692,0.12624919414520264,0.07969910651445389,0.06411731988191605,0.05642024800181389,0.058305975049734116,0.008528482168912888,correct
325,0.00055,1.8153067827224731,1.8153067827224731,0.8683410286903381,0.8683410286903381,0.8683410286903381,False,3628,0.03942654099999743,92019.23141064383,,0.6107150316238403,0.252382755279541,0.5246556401252747,0.1460929960012436,0.08171908557415009,0.07094606757164001,0.062275175005197525,0.07104290276765823,0.01014283113181591,correct
326,0.0005474296199879612,1.7574079036712646,1.7574079036712646,0.7875199913978577,0.7875199913978577,0.7875199913978577,False,3600,0.03993111899999491,90155.24959369305,,0.5613564252853394,0.24267448484897614,0.46438106894493103,0.11446518450975418,0.0765388160943985,0.0639890804886818,0.05896024778485298,0.06220958009362221,0.011166069656610489,correct
327,0.000544859323838947,1.8415436744689941,1.8415436744689941,0.8239530920982361,0.8239530920982361,0.8239530920982361,False,3544,0.04042314800000213,87672.53851678778,,0.555506706237793,0.26525744795799255,0.5166263580322266,0.1255032867193222,0.07902751117944717,0.06436967104673386,0.05694687366485596,0.05964134633541107,0.010333801619708538,correct
328,0.0005422891954132453,1.80825936794281,1.80825936794281,0.9118483662605286,0.9118483662605286,0.9118483662605286,False,3554,0.03836256299999974,92642.40243802335,,0.6310133934020996,0.26957446336746216,0.5672336220741272,0.1341276615858078,0.08368095010519028,0.06825994700193405,0.06499185413122177,0.06984946131706238,0.010494591668248177,correct
329,0.0005397193185656727,1.7696759700775146,1.7696759700775146,0.8367398977279663,0.8367398977279663,0.8367398977279663,False,3583,0.03920629600000325,91388.38313110993,,0.5706590414047241,0.2641820013523102,0.5216548442840576,0.12329395115375519,0.07713966071605682,0.06372717767953873,0.05881195887923241,0.061745282262563705,0.00903363898396492,correct
330,0.0005371497771428367,1.8197853565216064,1.8197853565216064,0.7823421955108643,0.7823421955108643,0.7823421955108643,False,3892,0.04023641399999889,96728.30188098043,,0.5311508774757385,0.2587786018848419,0.48003819584846497,0.12162855267524719,0.07652612030506134,0.06527379900217056,0.05982926860451698,0.06284196674823761,0.0098007433116436,correct
331,0.0005345806549804015,1.8329442739486694,1.8329442739486694,0.8289057612419128,0.8289057612419128,0.8289057612419128,False,3837,0.0398509770000004,96283.7121910452,,0.56259685754776,0.2737140357494354,0.5111826658248901,0.12996359169483185,0.07796912640333176,0.06813318282365799,0.05712602660059929,0.057967960834503174,0.01034233532845974,correct
332,0.0005320120359003521,1.7242048978805542,1.7242048978805542,0.7711456418037415,0.7711456418037415,0.7711456418037415,False,3562,0.03884458099999932,91698.7623061261,,0.5062744617462158,0.24998964369297028,0.4982037842273712,0.1131933405995369,0.068109892308712,0.05879209190607071,0.056116584688425064,0.059098225086927414,0.010008523240685463,correct
333,0.0005294440037082595,1.8244128227233887,1.8244128227233887,0.8482310175895691,0.8482310175895691,0.8482310175895691,False,3780,0.03945545100000203,95804.25275077469,,0.5696417093276978,0.2710537910461426,0.5334928631782532,0.12262894958257675,0.08253106474876404,0.06803647428750992,0.06606601923704147,0.07730259746313095,0.010034898295998573,correct
334,0.0005268766421905466,1.8108444213867188,1.8108444213867188,0.7598269581794739,0.7598269581794739,0.7598269581794739,False,3776,0.03955651300000085,95458.36358224798,,0.4833293855190277,0.2624607980251312,0.49476516246795654,0.11777221411466599,0.07565046101808548,0.061910536140203476,0.05729714781045914,0.057284627109766006,0.007795312441885471,correct
335,0.0005243100351117544,1.7881908416748047,1.7881908416748047,0.8626388907432556,0.8626388907432556,0.8626388907432556,False,3607,0.03917194699999982,92081.20290778542,,0.5859650373458862,0.2523653507232666,0.5442863702774048,0.13989894092082977,0.08162017166614532,0.07016438245773315,0.064756378531456,0.07340560853481293,0.010793759487569332,correct
336,0.000521744266211809,1.7982133626937866,1.7982133626937866,0.7642732858657837,0.7642732858657837,0.7642732858657837,False,3824,0.03957831299999981,96618.56987183912,,0.518328845500946,0.23942914605140686,0.48037073016166687,0.11257787048816681,0.06979673355817795,0.05772019177675247,0.05523258075118065,0.05796107277274132,0.008910397067666054,correct
337,0.0005191794192032894,1.831708550453186,1.831708550453186,0.9784255623817444,0.9784255623817444,0.9784255623817444,False,3632,0.04000182999999424,90795.84609005445,,0.7219911217689514,0.26681211590766907,0.567039430141449,0.14088761806488037,0.08369049429893494,0.07256446033716202,0.07050483673810959,0.07810214161872864,0.011540543287992477,correct
338,0.0005166155777686966,1.7675033807754517,1.7675033807754517,0.814747154712677,0.814747154712677,0.814747154712677,False,3710,0.03858254600000066,96157.46975329042,,0.5603152513504028,0.2622138261795044,0.4965876042842865,0.12653453648090363,0.07648209482431412,0.063481405377388,0.06250603497028351,0.06793458014726639,0.009587657637894154,correct
339,0.0005140528255577225,1.7646970748901367,1.7646970748901367,0.8554619550704956,0.8554619550704956,0.8554619550704956,False,3618,0.0408796339999995,88503.72779756405,,0.5933088660240173,0.26460888981819153,0.5222858786582947,0.12963464856147766,0.08057765662670135,0.06721149384975433,0.06726762652397156,0.06742149591445923,0.010651582852005959,correct
340,0.0005114912461845222,1.766561508178711,1.766561508178711,0.8256794214248657,0.8256794214248657,0.8256794214248657,False,3700,0.04194815299999988,88204.12188350727,,0.5599325895309448,0.2731586992740631,0.5105016827583313,0.12714464962482452,0.07482387125492096,0.061802178621292114,0.058640819042921066,0.06219293922185898,0.01018958818167448,correct
341,0.0005089309232249838,1.8294777870178223,1.8294777870178223,0.9091147184371948,0.9091147184371948,0.9091147184371948,False,3801,0.03999324999999487,95041.03817520424,,0.6496133804321289,0.2691573202610016,0.5372281074523926,0.14219297468662262,0.08333968371152878,0.07133011519908905,0.07069113105535507,0.07784082740545273,0.01111507136374712,correct
342,0.0005063719402140034,1.7067903280258179,1.7067903280258179,0.8646737337112427,0.8646737337112427,0.8646737337112427,False,3619,0.03886436100000168,93118.7315803248,,0.5904587507247925,0.2676602303981781,0.5402295589447021,0.13111086189746857,0.07937819510698318,0.06587103754281998,0.06027968227863312,0.06280160695314407,0.011026407591998577,correct
343,0.000503814380642759,1.7829365730285645,1.7829365730285645,0.980391800403595,0.980391800403595,0.980391800403595,False,3717,0.04180352099999851,88915.95518951937,,0.7289490699768066,0.27134692668914795,0.5599606037139893,0.14058369398117065,0.0851786807179451,0.06922656297683716,0.06733487546443939,0.0780971422791481,0.013102550990879536,correct
344,0.0005012583279559865,1.77130126953125,1.77130126953125,0.8308173418045044,0.8308173418045044,0.8308173418045044,False,3578,0.040259683999998686,88873.027418698,,0.5814347267150879,0.2588149309158325,0.4999949336051941,0.12309832870960236,0.07883264124393463,0.06446052342653275,0.06480593234300613,0.07327771186828613,0.010893564671278,correct
345,0.0004987038655492567,1.7988097667694092,1.7988097667694092,0.8962456583976746,0.8962456583976746,0.8962456583976746,False,3733,0.0397573459999947,93894.59749150503,,0.668480396270752,0.25333020091056824,0.5001748204231262,0.13326603174209595,0.08793823421001434,0.07194323092699051,0.06862607598304749,0.08063725382089615,0.012589848600327969,correct
346,0.0004961510767662555,1.759027123451233,1.759027123451233,1.0147120952606201,1.0147120952606201,0.9999989867210388,True,3532,0.03978907700000178,88768.08074738305,,0.7595093250274658,0.2761893570423126,0.5814510583877563,0.1294786036014557,0.08444657176733017,0.06981872022151947,0.06549583375453949,0.07239051908254623,0.010931937955319881,correct
347,0.0004936000448960631,1.79788076877594,1.79788076877594,0.8481016755104065,0.8481016755104065,0.8481016755104065,False,3576,0.040098251999999945,89180.94484517691,,0.5770983695983887,0.2670878767967224,0.5265939235687256,0.12894171476364136,0.08412087708711624,0.06857369095087051,0.0668308287858963,0.06799060851335526,0.010152988135814667,correct
348,0.0004910508531704382,1.7938567399978638,1.7938567399978638,0.8615745902061462,0.8615745902061462,0.8615745902061462,False,3694,0.038935222999995744,94875.53211138418,,0.5770972371101379,0.2686918079853058,0.5495049953460693,0.12740063667297363,0.07950320839881897,0.06407862901687622,0.061442140489816666,0.06773450970649719,0.009881248697638512,correct
349,0.0004885035847611015,1.7553564310073853,1.7553564310073853,0.829057514667511,0.829057514667511,0.829057514667511,False,3799,0.03953799299999616,96084.7962110866,,0.5585765838623047,0.2735608220100403,0.5146812200546265,0.1258169263601303,0.0820312574505806,0.06704078614711761,0.06339237093925476,0.06640995293855667,0.01067199558019638,correct
350,0.00048595832277702173,1.7523682117462158,1.7523682117462158,0.8275385499000549,0.8275385499000549,0.8275385499000549,False,3647,0.039761787000003324,91721.22973244877,,0.5645958185195923,0.27530092000961304,0.5059313774108887,0.11923812329769135,0.0782095342874527,0.06782154738903046,0.06524763256311417,0.07052716612815857,0.011351036839187145,correct
351,0.00048341515026170516,1.8015261888504028,1.8015261888504028,0.8699808120727539,0.8699808120727539,0.8699808120727539,False,3847,0.04077255399999302,94352.68636840013,,0.6058065295219421,0.27149465680122375,0.5337321162223816,0.11979278922080994,0.0742824450135231,0.061757948249578476,0.0580395869910717,0.06430339813232422,0.009996918961405754,correct
352,0.0004808741501904853,1.7932542562484741,1.7932542562484741,0.8926528096199036,0.8926528096199036,0.8926528096199036,False,3517,0.03979523699999987,88377.41059313231,,0.6002808809280396,0.28043806552886963,0.5662487745285034,0.13092125952243805,0.083675317466259,0.06793109327554703,0.062705859541893,0.06650745868682861,0.009841588325798512,correct
353,0.00047833540546781604,1.7730350494384766,1.7730350494384766,0.8361173868179321,0.8361173868179321,0.8361173868179321,False,3664,0.03903322500000428,93868.7489952367,,0.5383703708648682,0.2819046080112457,0.5447930693626404,0.12322279065847397,0.07639104127883911,0.06290672719478607,0.060127925127744675,0.0655737817287445,0.009372027590870857,correct
354,0.00047579899892456653,1.7900094985961914,1.7900094985961914,0.8998056650161743,0.8998056650161743,0.8998056650161743,False,3838,0.03944808199999983,97292.43616964741,,0.6212512850761414,0.25954994559288025,0.5598822236061096,0.14265017211437225,0.08570154011249542,0.07022447884082794,0.0673409104347229,0.07469499111175537,0.01110610831528902,correct
355,0.0004732650133153193,1.6971490383148193,1.6971490383148193,0.8984186053276062,0.8984186053276062,0.8984186053276062,False,3708,0.04012213300000411,92417.81836473201,,0.6385826468467712,0.2728919982910156,0.5326221585273743,0.13500386476516724,0.08578579872846603,0.07363564521074295,0.06896625459194183,0.07278523594141006,0.012256734073162079,correct
356,0.00047073353131566923,1.7688982486724854,1.7688982486724854,0.779952347278595,0.779952347278595,0.779952347278595,False,3801,0.039813107999997044,95471.06947792879,,0.49871569871902466,0.2722717225551605,0.5063368082046509,0.11603379249572754,0.07271227240562439,0.060897476971149445,0.055954460054636,0.058578189462423325,0.008813277818262577,correct
357,0.000468204635519527,1.7615857124328613,1.7615857124328613,0.8831183910369873,0.8831183910369873,0.8831183910369873,False,3859,0.03905252499999534,98815.63356019772,,0.6186431646347046,0.26927995681762695,0.5332899689674377,0.13400685787200928,0.08287391066551208,0.0700807124376297,0.06644092500209808,0.07727709412574768,0.012066609226167202,correct
358,0.0004656784084364238,1.7484084367752075,1.7484084367752075,0.8177460432052612,0.8177460432052612,0.8177460432052612,False,3718,0.03987425899999408,93243.11205383281,,0.5415119528770447,0.2729519009590149,0.5162567496299744,0.12239543348550797,0.07957407832145691,0.06759846210479736,0.06163967773318291,0.06828732043504715,0.010239986702799797,correct
359,0.00046315493248882006,1.702580451965332,1.702580451965332,0.7268431782722473,0.7268431782722473,0.7268431782722473,False,3405,0.03919629700000371,86870.45105305937,,0.4582175612449646,0.2666803300380707,0.4688267707824707,0.11440280824899673,0.0705382376909256,0.05758833885192871,0.05359520763158798,0.05571274086833,0.008020618930459023,correct
360,0.0004606342900094146,1.8003737926483154,1.8003737926483154,0.8760601282119751,0.8760601282119751,0.8760601282119751,False,3865,0.03864858800000093,100003.65343230411,,0.580880343914032,0.28473925590515137,0.5503026843070984,0.14407312870025635,0.08833606541156769,0.07718652486801147,0.07162538170814514,0.07995409518480301,0.010441805236041546,correct
361,0.0004581165632384606,1.817643165588379,1.817643165588379,0.870108962059021,0.870108962059021,0.870108962059021,False,3457,0.03943771100000504,87657.2172254003,,0.5632472634315491,0.2866846024990082,0.5588295459747314,0.14019480347633362,0.09194159507751465,0.07765339314937592,0.07192561030387878,0.07690899074077606,0.011726184748113155,correct
362,0.0004556018343210809,1.7914410829544067,1.7914410829544067,0.8402193784713745,0.8402193784713745,0.8402193784713745,False,3818,0.03937739099999504,96959.19163360723,,0.559692919254303,0.26602673530578613,0.5283481478691101,0.13543333113193512,0.0889861211180687,0.07344186305999756,0.06981950253248215,0.0784284770488739,0.01049779262393713,correct
363,0.00045309018530458815,1.781603455543518,1.781603455543518,0.8533905744552612,0.8533905744552612,0.8533905744552612,False,3817,0.04010186299999674,95182.61034407081,,0.6045376658439636,0.25547945499420166,0.5089386105537415,0.13861136138439178,0.0801062062382698,0.06828629970550537,0.06085784360766411,0.06636111438274384,0.010993621312081814,correct
364,0.0004505816981358082,1.7163397073745728,1.7163397073745728,0.9877639412879944,0.9877639412879944,0.9877639412879944,False,3748,0.039677255000000855,94462.17990634481,,0.7430098652839661,0.259733110666275,0.5644623637199402,0.13041840493679047,0.08486957848072052,0.06830626726150513,0.06280547380447388,0.06781736761331558,0.010659376159310341,correct
365,0.000448076454658406,1.8028844594955444,1.8028844594955444,0.8862504363059998,0.8862504363059998,0.8862504363059998,False,3394,0.039481821000002526,85963.61348175361,,0.6031484007835388,0.2859667241573334,0.5436335206031799,0.1361818164587021,0.0865572914481163,0.07584966719150543,0.0755767971277237,0.0818813145160675,0.011408815160393715,correct
366,0.0004455745366102158,1.7270424365997314,1.7270424365997314,0.8650159239768982,0.8650159239768982,0.8650159239768982,False,3668,0.039032503999997914,93972.96161169153,,0.6082870960235596,0.27835944294929504,0.5184991359710693,0.12106402963399887,0.07543570548295975,0.06262577325105667,0.05880720168352127,0.06402724981307983,0.00933855026960373,correct
367,0.0004430760256205739,1.798075795173645,1.798075795173645,0.8837062120437622,0.8837062120437622,0.8837062120437622,False,3519,0.03951859300000393,89046.69252773371,,0.6096085906028748,0.2793245017528534,0.5411537885665894,0.13604283332824707,0.08368639647960663,0.06966133415699005,0.06220754235982895,0.06422899663448334,0.009252073243260384,correct
368,0.00044058100320765566,1.705457329750061,1.705457329750061,1.0243366956710815,1.0243366956710815,0.9999989867210388,True,3657,0.03931419799999958,93019.82962999879,,0.7443371415138245,0.28394314646720886,0.6136409640312195,0.13572967052459717,0.07975390553474426,0.06906364858150482,0.06139548495411873,0.0680038258433342,0.010094900615513325,correct
369,0.0004380895507758154,1.742114782333374,1.742114782333374,0.892189085483551,0.892189085483551,0.892189085483551,False,3521,0.03921320799999961,89791.174443061,,0.6116790175437927,0.2669254541397095,0.5572522282600403,0.13252954185009003,0.08450745046138763,0.07133230566978455,0.06748510152101517,0.07481638342142105,0.011191568337380886,correct
370,0.00043560174961293095,1.74828040599823,1.74828040599823,0.921227216720581,0.921227216720581,0.921227216720581,False,3769,0.04023095400000187,93684.08216220337,,0.6517362594604492,0.2632738947868347,0.5539747476577759,0.1417321264743805,0.09061640501022339,0.07771628350019455,0.07341088354587555,0.08819089829921722,0.013865611515939236,correct
371,0.00043311768088775124,1.8012630939483643,1.8012630939483643,0.9627278447151184,0.9627278447151184,0.9627278447151184,False,3724,0.03980483699999837,93556.46902913212,,0.665067195892334,0.27906662225723267,0.5993309020996094,0.14881400763988495,0.09008973091840744,0.07720421999692917,0.06841439753770828,0.08009820431470871,0.011676277033984661,correct
372,0.000430637425647248,1.7431093454360962,1.7431093454360962,0.8584670424461365,0.8584670424461365,0.8584670424461365,False,3699,0.03961832399999565,93365.88796639671,,0.5775383114814758,0.2643584907054901,0.5403625965118408,0.13587623834609985,0.08733654767274857,0.07271675765514374,0.06712333858013153,0.07440757751464844,0.010877376422286034,correct
373,0.00042816106481397166,1.7545310258865356,1.7545310258865356,0.8440788388252258,0.8440788388252258,0.8440788388252258,False,3543,0.03914407599999947,90511.78012223479,,0.5757790207862854,0.2646380662918091,0.5236272811889648,0.12474456429481506,0.08188468217849731,0.07100951671600342,0.06391912698745728,0.07233816385269165,0.010082017630338669,correct
374,0.00042568867918341087,1.7617405652999878,1.7617405652999878,1.0773043632507324,1.0773043632507324,0.9999991655349731,True,3506,0.040153343000000064,87315.27036242024,,0.7793601751327515,0.3012714385986328,0.6374699473381042,0.16181793808937073,0.09634929895401001,0.08504113554954529,0.07555842399597168,0.08661071211099625,0.01180550828576088,correct
375,0.0004232203494213566,1.7122275829315186,1.7122275829315186,0.9218499064445496,0.9218499064445496,0.9218499064445496,False,3558,0.039330628999998396,90463.84689144292,,0.6064808368682861,0.28534558415412903,0.5966657400131226,0.13901086151599884,0.08939144760370255,0.07769571244716644,0.07064029574394226,0.07792062312364578,0.011956608854234219,correct
376,0.0004207561560612702,1.7305930852890015,1.7305930852890015,1.0636439323425293,1.0636439323425293,0.9999991059303284,True,3701,0.03828290199999884,96675.01173239457,,0.7699692845344543,0.2882656455039978,0.6373182535171509,0.1501093953847885,0.09162283688783646,0.0775606632232666,0.07353868335485458,0.08189713954925537,0.012481005862355232,correct
377,0.0004182961795016556,1.7344037294387817,1.7344037294387817,0.8683152198791504,0.8683152198791504,0.8683152198791504,False,3580,0.03786444400000022,94547.80321084285,,0.5732057094573975,0.28049081563949585,0.5562177300453186,0.1296045482158661,0.08251631259918213,0.06947080045938492,0.06471730023622513,0.06811346113681793,0.009644689969718456,correct
378,0.0004158405000034371,1.6985225677490234,1.6985225677490234,0.8006932735443115,0.8006932735443115,0.8006932735443115,False,3686,0.04055454899999944,90889.9270461632,,0.5345392227172852,0.2516110837459564,0.5090648531913757,0.12411415576934814,0.07369572669267654,0.06271117925643921,0.05909984931349754,0.0675990879535675,0.009582163766026497,correct
379,0.0004133891976873391,1.717439889907837,1.717439889907837,0.8451445698738098,0.8451445698738098,0.8451445698738098,False,3524,0.03923754699999904,89811.93447184877,,0.553925633430481,0.28286588191986084,0.538064181804657,0.12810738384723663,0.08219078928232193,0.06856144964694977,0.06796592473983765,0.07298923283815384,0.009762056171894073,correct
380,0.0004109423525312737,1.7399084568023682,1.7399084568023682,0.9649085402488708,0.9649085402488708,0.9649085402488708,False,3804,0.03993917999999752,95244.8197484334,,0.6837953925132751,0.27292224764823914,0.5880728960037231,0.1348537653684616,0.09059970825910568,0.0739385113120079,0.07168495655059814,0.07782669365406036,0.009979731403291225,correct
381,0.0004085000443677304,1.7154573202133179,1.7154573202133179,0.8740284442901611,0.8740284442901611,0.8740284442901611,False,3624,0.03972722600000367,91222.07525890847,,0.5884494185447693,0.27439332008361816,0.5489435791969299,0.1317734569311142,0.08853405714035034,0.07493222504854202,0.06928102672100067,0.07265892624855042,0.011217770166695118,correct
382,0.0004060623528811716,1.747124195098877,1.747124195098877,0.923646867275238,0.923646867275238,0.923646867275238,False,3643,0.03923959700000523,92839.89333528359,,0.6462095379829407,0.2869373857975006,0.5611084699630737,0.1369737833738327,0.0798419862985611,0.06780517846345901,0.06180604174733162,0.06837358325719833,0.01148155052214861,correct
383,0.0004036293576054326,1.7486289739608765,1.7486289739608765,0.9209028482437134,0.9209028482437134,0.9209028482437134,False,3680,0.03861234699999727,95306.30189354354,,0.6577354669570923,0.2763441503047943,0.5487471222877502,0.13622310757637024,0.07947678864002228,0.0650995671749115,0.06256790459156036,0.06955903023481369,0.009598487988114357,correct
384,0.0004012011379211269,1.722206711769104,1.722206711769104,0.8326787352561951,0.8326787352561951,0.8326787352561951,False,3645,0.040434726999997395,90145.28526432822,,0.5664620995521545,0.2687736451625824,0.51421058177948,0.12496441602706909,0.08158893883228302,0.06877649575471878,0.06353548169136047,0.06833090633153915,0.010666260495781898,correct
385,0.00039877777305305636,1.7128782272338867,1.7128782272338867,0.963603138923645,0.963603138923645,0.963603138923645,False,3750,0.03795227500000209,98808.30595793779,,0.6949713230133057,0.27301183342933655,0.567529022693634,0.1434033364057541,0.09294945001602173,0.08025189489126205,0.07422854006290436,0.0870182141661644,0.013955960050225258,correct
386,0.00039635934206762606,1.6990915536880493,1.6990915536880493,0.9696382880210876,0.9696382880210876,0.9696382880210876,False,3538,0.037751513000003456,93718.09813290599,,0.6790633797645569,0.28256192803382874,0.5861121416091919,0.15717090666294098,0.09864545613527298,0.08164122700691223,0.07761868089437485,0.09158095717430115,0.01386041846126318,correct
387,0.00039394592387026483,1.7205793857574463,1.7205793857574463,0.8212393522262573,0.8212393522262573,0.8212393522262573,False,3773,0.0377467220000014,99955.69946444251,,0.5740577578544617,0.253164142370224,0.4958905577659607,0.1278647780418396,0.08226528018712997,0.06502946466207504,0.058392077684402466,0.06359025835990906,0.009646203368902206,correct
388,0.00039153759720285034,1.708128809928894,1.708128809928894,0.8750051259994507,0.8750051259994507,0.8750051259994507,False,3735,0.037643410999997684,99220.55150635073,,0.6250543594360352,0.2586614489555359,0.5162374377250671,0.13042990863323212,0.08860097080469131,0.0719599723815918,0.07096348702907562,0.07928891479969025,0.013087593950331211,correct
389,0.00038913444064114105,1.7115422487258911,1.7115422487258911,1.061486840248108,1.061486840248108,0.9999991655349731,True,3652,0.038578846000000055,94663.27738263593,,0.8176077604293823,0.2656588852405548,0.5820886492729187,0.14581583440303802,0.08918312191963196,0.07876015454530716,0.07412686198949814,0.08805374056100845,0.014238940551877022,correct
390,0.0003867365325922116,1.6646597385406494,1.6646597385406494,0.8564956784248352,0.8564956784248352,0.8564956784248352,False,3462,0.03774841199999912,91712.46726882394,,0.5714313983917236,0.2821651101112366,0.538584291934967,0.12916848063468933,0.08444702625274658,0.0691445991396904,0.06462842226028442,0.06690844893455505,0.01050952635705471,correct
391,0.0003843439512918949,1.7372121810913086,1.7372121810913086,0.7927390336990356,0.7927390336990356,0.7927390336990356,False,3766,0.03849136399999509,97840.12850260336,,0.5004287362098694,0.27484193444252014,0.518699586391449,0.12636466324329376,0.0772733986377716,0.0640910193324089,0.058089133352041245,0.06250455975532532,0.009527117013931274,correct
392,0.0003819567748022299,1.7028794288635254,1.7028794288635254,0.8742706179618835,0.8742706179618835,0.8742706179618835,False,3761,0.03956197299999786,95066.03727777184,,0.5835976600646973,0.281116783618927,0.5538582801818848,0.1341470181941986,0.08313506096601486,0.06808198988437653,0.0642092302441597,0.06485561281442642,0.010302433744072914,correct
393,0.0003795750810089141,1.6620510816574097,1.6620510816574097,0.893517017364502,0.893517017364502,0.893517017364502,False,3641,0.040058190999999965,90892.77146838716,,0.6294638514518738,0.2633671760559082,0.545487105846405,0.12732453644275665,0.0798482745885849,0.06636171787977219,0.06366799771785736,0.0639723688364029,0.009605281986296177,correct
394,0.0003771989476187629,1.7625747919082642,1.7625747919082642,0.8124784827232361,0.8124784827232361,0.8124784827232361,False,3758,0.03906836400000202,96190.36005704783,,0.5219163298606873,0.278999388217926,0.5239748358726501,0.12846912443637848,0.08071471005678177,0.06533431261777878,0.06118066608905792,0.06482821702957153,0.010039172135293484,correct
395,0.00037482845215717385,1.7116578817367554,1.7116578817367554,0.8009839653968811,0.8009839653968811,0.8009839653968811,False,3582,0.038833140000001265,92240.80257223298,,0.5036384463310242,0.2823653519153595,0.5242964029312134,0.12559309601783752,0.07922430336475372,0.06522384285926819,0.05874442309141159,0.058791883289813995,0.009752344340085983,correct
396,0.00037246367196559765,1.7835026979446411,1.7835026979446411,0.8793431520462036,0.8793431520462036,0.8793431520462036,False,3726,0.0390282039999974,95469.42001226211,,0.5872403383255005,0.267627477645874,0.5632258057594299,0.1339610368013382,0.08457651734352112,0.07180141657590866,0.06567931175231934,0.06976164877414703,0.010523675009608269,correct
397,0.0003701046841990149,1.6827720403671265,1.6827720403671265,0.8307390809059143,0.8307390809059143,0.8307390809059143,False,3548,0.03895817200000096,91072.03489937651,,0.538415789604187,0.28986847400665283,0.5295588970184326,0.12274901568889618,0.08377230167388916,0.06872814893722534,0.06476889550685883,0.06830695271492004,0.010483138263225555,correct
398,0.0003677515658234176,1.7028039693832397,1.7028039693832397,0.8351184129714966,0.8351184129714966,0.8351184129714966,False,3614,0.03911567599999444,92392.62540165518,,0.5466803908348083,0.2769218683242798,0.5349150896072388,0.12833774089813232,0.07868237048387527,0.06602761149406433,0.06128446385264397,0.06986837089061737,0.009220008738338947,correct
399,0.0003654043936132997,1.7214899063110352,1.7214899063110352,0.8772587180137634,0.8772587180137634,0.8772587180137634,False,3743,0.041172109000001456,90911.0582603351,,0.5897597670555115,0.28410986065864563,0.5428175926208496,0.14529560506343842,0.08965574204921722,0.07622839510440826,0.07264038920402527,0.07759439200162888,0.011818931438028812,correct
400,0.00036306324414915115,1.7020496129989624,1.7020496129989624,0.838014543056488,0.838014543056488,0.838014543056488,False,3686,0.04012134199999906,91871.30380634044,,0.5623767375946045,0.2803807258605957,0.5216070413589478,0.12679924070835114,0.08045880496501923,0.06622536480426788,0.06347066909074783,0.06522694230079651,0.009634854272007942,correct
401,0.0003607281938149593,1.6475491523742676,1.6475491523742676,0.8103887438774109,0.8103887438774109,0.8103887438774109,False,3546,0.040400886999997,87770.35019058526,,0.5357881188392639,0.27106180787086487,0.5121698975563049,0.12165024876594543,0.08074816316366196,0.06572209298610687,0.06120027229189873,0.0661737322807312,0.01027185283601284,correct
402,0.0003583993187957173,1.6553541421890259,1.6553541421890259,0.9209468960762024,0.9209468960762024,0.9209468960762024,False,3641,0.039956209999999714,91124.7588297295,,0.6345129609107971,0.2866322100162506,0.5664286613464355,0.13918447494506836,0.08857373893260956,0.0732683539390564,0.06781525909900665,0.07236996293067932,0.010713966563344002,correct
403,0.000356076695074938,1.6366642713546753,1.6366642713546753,0.9116721153259277,0.9116721153259277,0.9116721153259277,False,3709,0.0404003880000019,91806.04899140637,,0.6197214722633362,0.277459055185318,0.5724095702171326,0.14002642035484314,0.08851664513349533,0.07352498173713684,0.06724771857261658,0.0704318955540657,0.011121702380478382,correct
404,0.00035376039843217506,1.71365225315094,1.71365225315094,0.8424285650253296,0.8424285650253296,0.8424285650253296,False,3531,0.03994887000000347,88387.98193790446,,0.4923710227012634,0.29478684067726135,0.5837929248809814,0.14280541241168976,0.08374793082475662,0.06627167761325836,0.061350613832473755,0.06251644343137741,0.008480370976030827,correct
405,0.00035145050444055026,1.7203373908996582,1.7203373908996582,0.8946350812911987,0.8946350812911987,0.8946350812911987,False,3608,0.04043592800000084,89227.57998777535,,0.5808396339416504,0.2822369337081909,0.5795360803604126,0.15307311713695526,0.09415042400360107,0.07235851138830185,0.06840769201517105,0.07189930230379105,0.009840261191129684,correct
406,0.0003491470884642887,1.654313325881958,1.654313325881958,0.7994464635848999,0.7994464635848999,0.7994464635848999,False,3775,0.038762110000000405,97388.91923066006,,0.5191721320152283,0.27326053380966187,0.5112004280090332,0.1205366998910904,0.0794491171836853,0.06580794602632523,0.062136635184288025,0.06683939695358276,0.008795059286057949,correct
407,0.00034685022565625773,1.6712006330490112,1.6712006330490112,0.8840616345405579,0.8840616345405579,0.8840616345405579,False,3758,0.03993449000000027,94104.1190209259,,0.5676594972610474,0.2759012281894684,0.5819287300109863,0.1416255235671997,0.09039559960365295,0.07652658969163895,0.06924358755350113,0.0745992660522461,0.010955221019685268,correct
408,0.00034455999095551787,1.708516001701355,1.708516001701355,0.8282713294029236,0.8282713294029236,0.8282713294029236,False,3662,0.041933133000000566,87329.51100982487,,0.5245485305786133,0.274947851896286,0.5460590124130249,0.12643325328826904,0.08328153938055038,0.07146447151899338,0.06761883199214935,0.0665697455406189,0.008558811619877815,correct
409,0.0003422764590848759,1.646968126296997,1.646968126296997,0.7590150833129883,0.7590150833129883,0.7590150833129883,False,3697,0.040024140999996405,92369.252846684,,0.4733966886997223,0.27007991075515747,0.4997343420982361,0.11510384827852249,0.07338123023509979,0.061310697346925735,0.05761151388287544,0.05948565900325775,0.008464581333100796,correct
410,0.00033999970454844683,1.687764286994934,1.687764286994934,0.8152174353599548,0.8152174353599548,0.8152174353599548,False,3595,0.039840327999996816,90235.20087485945,,0.5130248069763184,0.276163250207901,0.5358580350875854,0.1283389776945114,0.08673365414142609,0.07022827118635178,0.06555763632059097,0.06829318404197693,0.009362507611513138,correct
411,0.0003377298016292246,1.644058346748352,1.644058346748352,0.8147926926612854,0.8147926926612854,0.8147926926612854,False,3619,0.039690716000002624,91180.01297834388,,0.5345407128334045,0.2652945816516876,0.5232430100440979,0.12484291195869446,0.07954401522874832,0.06601329892873764,0.060603540390729904,0.0629504844546318,0.009086922742426395,correct
412,0.0003354668243866563,1.6037367582321167,1.6037367582321167,0.7542080283164978,0.7542080283164978,0.7542080283164978,False,3379,0.03897288299999957,86701.30972861405,,0.4625409245491028,0.28095898032188416,0.4935890734195709,0.12382841855287552,0.07677245885133743,0.06394446641206741,0.05795581638813019,0.0597265362739563,0.008658377453684807,correct
413,0.0003332108466542281,1.6888762712478638,1.6888762712478638,0.7842668294906616,0.7842668294906616,0.7842668294906616,False,3748,0.03811179899999928,98342.24828904221,,0.4830317497253418,0.28332430124282837,0.5184460282325745,0.12628494203090668,0.07572559267282486,0.06387700140476227,0.057910703122615814,0.059390246868133545,0.007242142688483,correct
414,0.0003309619420370547,1.7076884508132935,1.7076884508132935,0.8531752228736877,0.8531752228736877,0.8531752228736877,False,3660,0.03918267800000308,93408.62306552177,,0.5466246008872986,0.2832036316394806,0.5596050024032593,0.1333514004945755,0.07769273221492767,0.06552118808031082,0.060497332364320755,0.06249931827187538,0.00833902694284916,correct
415,0.00032872018390947826,1.650048017501831,1.650048017501831,0.8355268239974976,0.8355268239974976,0.8355268239974976,False,3765,0.03991219899999976,94332.06123270789,,0.5393772721290588,0.26934707164764404,0.5454162955284119,0.13188017904758453,0.08239345997571945,0.06646957248449326,0.06448265165090561,0.0657736137509346,0.008192506618797779,correct
416,0.00032648564541267497,1.7140238285064697,1.7140238285064697,0.7954611778259277,0.7954611778259277,0.7954611778259277,False,3746,0.03939130999999918,95097.11659754596,,0.5155277848243713,0.28253471851348877,0.5030143857002258,0.11861909180879593,0.08208843320608139,0.06870710849761963,0.06396175175905228,0.06650692969560623,0.009815174154937267,correct
417,0.00032425839945226793,1.7144640684127808,1.7144640684127808,0.9263900518417358,0.9263900518417358,0.9263900518417358,False,3735,0.038795119999996075,96274.9954118038,,0.5524935126304626,0.3176317512989044,0.6329508423805237,0.15265849232673645,0.09963080286979675,0.08337251842021942,0.07238523662090302,0.07704346626996994,0.00869674887508154,correct
418,0.00032203851869594885,1.650935411453247,1.650935411453247,0.752287745475769,0.752287745475769,0.752287745475769,False,3740,0.03917508699999672,95468.83712090577,,0.4772244691848755,0.2674398422241211,0.4846705496311188,0.12013290077447891,0.0724160447716713,0.06310883909463882,0.05964215472340584,0.06681297719478607,0.009174986742436886,correct
419,0.0003198260755711073,1.6458252668380737,1.6458252668380737,0.9276056289672852,0.9276056289672852,0.9276056289672852,False,3752,0.039467612000002816,95065.29049692016,,0.6537408232688904,0.28771352767944336,0.5515137314796448,0.14278361201286316,0.08811891824007034,0.0745733380317688,0.07382664829492569,0.08255113661289215,0.012260491959750652,correct
420,0.0003176211422624672,1.6365748643875122,1.6365748643875122,0.8205814957618713,0.8205814957618713,0.8205814957618713,False,3595,0.03969393500000251,90567.99231418534,,0.4996896982192993,0.2902340590953827,0.5427832007408142,0.13776524364948273,0.09463346749544144,0.07823781669139862,0.06982706487178802,0.07604943960905075,0.009977249428629875,correct
421,0.0003154237907097321,1.7059298753738403,1.7059298753738403,0.9131183624267578,0.9131183624267578,0.9131183624267578,False,3616,0.03941707100000258,91736.90252123917,,0.6002013683319092,0.3004612922668457,0.5838823914527893,0.14204297959804535,0.08707559108734131,0.06914149969816208,0.06890959292650223,0.07045973092317581,0.00978774856775999,correct
422,0.0003132340926052382,1.698786735534668,1.698786735534668,0.8527635931968689,0.8527635931968689,0.8527635931968689,False,3563,0.03959614400000078,89983.50950536825,,0.5300354361534119,0.29949864745140076,0.5583875775337219,0.13847801089286804,0.09620324522256851,0.07558548450469971,0.07366769760847092,0.07142598927021027,0.009955826215445995,correct
423,0.0003110521193916142,1.6722501516342163,1.6722501516342163,0.8475210666656494,0.8475210666656494,0.8475210666656494,False,3732,0.038577766999999596,96739.65836332722,,0.5732414722442627,0.2819683849811554,0.5162898302078247,0.1342351734638214,0.09211784601211548,0.07748089730739594,0.07347630709409714,0.07491407543420792,0.010289142839610577,correct
424,0.0003088779422594514,1.638237714767456,1.638237714767456,0.9469031691551208,0.9469031691551208,0.9469031691551208,False,3614,0.03975798700000155,90899.97438753273,,0.6617120504379272,0.2955351173877716,0.5696393847465515,0.14152243733406067,0.09638921916484833,0.07822329550981522,0.07208212465047836,0.07830923050642014,0.012890176847577095,correct
425,0.00030671163214498126,1.6557623147964478,1.6557623147964478,0.7568386793136597,0.7568386793136597,0.7568386793136597,False,3518,0.04003961099999742,87862.99147612165,,0.45685556530952454,0.27227330207824707,0.5036373138427734,0.1287817507982254,0.08311361819505692,0.06720300018787384,0.06446544080972672,0.06389175355434418,0.007593343500047922,correct
426,0.00030455325972775904,1.7467284202575684,1.7467284202575684,0.8818559646606445,0.8818559646606445,0.8818559646606445,False,3683,0.040688721999998734,90516.48267547245,,0.5818206667900085,0.2915632724761963,0.5542802214622498,0.14105825126171112,0.09490019083023071,0.07840510457754135,0.07199219614267349,0.08112919330596924,0.010160566307604313,correct
427,0.0003024028954283603,1.6191829442977905,1.6191829442977905,0.8200188875198364,0.8200188875198364,0.8200188875198364,False,3571,0.039485511999998835,90438.23466187055,,0.5159693360328674,0.278828501701355,0.5382319688796997,0.133891761302948,0.08454031497240067,0.07051993161439896,0.06620188057422638,0.0651467815041542,0.009682116098701954,correct
428,0.0003002606094060819,1.6614400148391724,1.6614400148391724,0.7340146899223328,0.7340146899223328,0.7340146899223328,False,3807,0.03931234899999936,96839.79962632257,,0.4433751106262207,0.26546090841293335,0.487827867269516,0.12381594628095627,0.07990168035030365,0.06541459262371063,0.06105516850948334,0.0628993958234787,0.008528433740139008,correct
429,0.0002981264715566526,1.6517423391342163,1.6517423391342163,0.8298600912094116,0.8298600912094116,0.8298600912094116,False,3624,0.039413169999996,91948.96020798042,,0.5191947221755981,0.2878261208534241,0.5444194078445435,0.1339847594499588,0.08448993414640427,0.07194879651069641,0.06946886330842972,0.06851046532392502,0.009026791900396347,correct
430,0.00029600055150995396,1.6523274183273315,1.6523274183273315,0.8652337789535522,0.8652337789535522,0.8652337789535522,False,3715,0.03924492800000223,94661.91401853989,,0.5526013374328613,0.29060766100883484,0.5648430585861206,0.1347656399011612,0.08557610213756561,0.06933187693357468,0.06627368927001953,0.07064708322286606,0.009251805953681469,correct
431,0.00029388291862774687,1.7067937850952148,1.7067937850952148,0.8609452843666077,0.8609452843666077,0.8609452843666077,False,3642,0.03828034200000019,95140.21583192705,,0.5615177750587463,0.29551461338996887,0.5428107976913452,0.13897518813610077,0.08979218453168869,0.07525110244750977,0.07181918621063232,0.0751991868019104,0.009982515126466751,correct
432,0.00029177364200141015,1.6158021688461304,1.6158021688461304,0.8844050765037537,0.8844050765037537,0.8844050765037537,False,3687,0.03767432200000087,97865.06576017254,,0.6122446060180664,0.27533847093582153,0.5387589931488037,0.12914951145648956,0.08521860837936401,0.07318808138370514,0.07562573254108429,0.07827141880989075,0.010606561787426472,correct
433,0.00028967279044968513,1.6341068744659424,1.6341068744659424,0.886144757270813,0.886144757270813,0.886144757270813,False,3805,0.0400114500000015,95097.77826096922,,0.5611728429794312,0.29090794920921326,0.5856022834777832,0.14257921278476715,0.0858648419380188,0.07301101088523865,0.06657755374908447,0.07218655198812485,0.01021471619606018,correct
434,0.0002875804325164306,1.6556392908096313,1.6556392908096313,0.8056988716125488,0.8056988716125488,0.8056988716125488,False,3929,0.04061941100000155,96727.15342917824,,0.49473685026168823,0.2909291982650757,0.5341173410415649,0.12475691735744476,0.08138775825500488,0.0669666975736618,0.061022959649562836,0.06327328830957413,0.008047514595091343,correct
435,0.00028549663646838715,1.6680041551589966,1.6680041551589966,0.8271890878677368,0.8271890878677368,0.8271890878677368,False,3611,0.03914413599999733,92248.8109074689,,0.5223467350006104,0.28774866461753845,0.5392774343490601,0.12563548982143402,0.08536843210458755,0.07045414298772812,0.06811945140361786,0.07088576257228851,0.00867986585944891,correct
436,0.0002834214702929487,1.6212080717086792,1.6212080717086792,0.8332686424255371,0.8332686424255371,0.8332686424255371,False,3629,0.03980303699999865,91173.94735482428,,0.5189678072929382,0.2829412817955017,0.5491429567337036,0.1359851062297821,0.08921502530574799,0.07575772702693939,0.07325676828622818,0.0758708044886589,0.009040916338562965,correct
437,0.0002813550016959449,1.657371163368225,1.657371163368225,0.923508882522583,0.923508882522583,0.923508882522583,False,3654,0.039314858999993874,92941.95866251408,,0.6012903451919556,0.316397488117218,0.5868849754333496,0.13963596522808075,0.09107045084238052,0.07758187502622604,0.07442741841077805,0.08544978499412537,0.011181644164025784,correct
438,0.0002792972980994326,1.633594274520874,1.633594274520874,0.8305701613426208,0.8305701613426208,0.8305701613426208,False,3682,0.040205223999997486,91580.13893916448,,0.5062342286109924,0.29349976778030396,0.5580484867095947,0.1314879208803177,0.07902210205793381,0.06629554182291031,0.062042511999607086,0.06461676210165024,0.007756028324365616,correct
439,0.0002772484266394953,1.6814937591552734,1.6814937591552734,0.8301149010658264,0.8301149010658264,0.8301149010658264,False,3681,0.039861267999995675,92345.28113858293,,0.49485448002815247,0.29805630445480347,0.5605305433273315,0.14165960252285004,0.08612297475337982,0.07046201825141907,0.06641498953104019,0.06505238264799118,0.009246661327779293,correct
440,0.0002752084541640528,1.6308995485305786,1.6308995485305786,0.8723332285881042,0.8723332285881042,0.8723332285881042,False,3530,0.03945309100000571,89473.34443325337,,0.5435215830802917,0.2965943217277527,0.5766512751579285,0.14312797784805298,0.0910576656460762,0.07635241746902466,0.07174365222454071,0.07203590869903564,0.010563558898866177,correct
441,0.00027317744723068086,1.6003339290618896,1.6003339290618896,0.8342379331588745,0.8342379331588745,0.8342379331588745,False,3635,0.039304119000000526,92483.9455121727,,0.540635883808136,0.2618243992328644,0.5396639704704285,0.13415078818798065,0.09053659439086914,0.0770161896944046,0.0732671469449997,0.07903296500444412,0.011724531650543213,correct
442,0.0002711554721044385,1.6431244611740112,1.6431244611740112,0.9183986783027649,0.9183986783027649,0.9183986783027649,False,3703,0.039912228999995136,92778.58172242025,,0.6075730919837952,0.29767024517059326,0.585638701915741,0.13623414933681488,0.08807998895645142,0.0745164304971695,0.07139264792203903,0.07545926421880722,0.008321934379637241,correct
443,0.00026914259475570724,1.6165030002593994,1.6165030002593994,0.8863945007324219,0.8863945007324219,0.8863945007324219,False,3809,0.039356980000000874,96780.79974631986,,0.5798476338386536,0.29322487115859985,0.5604488253593445,0.1467972695827484,0.0931210145354271,0.07852030545473099,0.07512537389993668,0.08509328961372375,0.010821718722581863,correct
444,0.0002671388808580382,1.6170302629470825,1.6170302629470825,0.9753000140190125,0.9753000140190125,0.9753000140190125,False,3663,0.039495532000003664,92744.66792850544,,0.6636751890182495,0.3008051812648773,0.6177306771278381,0.1361212581396103,0.08424977958202362,0.06955478340387344,0.06411875784397125,0.06352796405553818,0.007644541095942259,correct
445,0.0002651443957860084,1.6377182006835938,1.6377182006835938,0.9118751287460327,0.9118751287460327,0.9118751287460327,False,3715,0.03901622400000093,95216.80006757987,,0.6195682287216187,0.3112804889678955,0.561337947845459,0.12858811020851135,0.08288297802209854,0.06731349974870682,0.06234157830476761,0.06138559430837631,0.008084344677627087,correct
446,0.0002631592046130896,1.5627925395965576,1.5627925395965576,0.8409950137138367,0.8409950137138367,0.8409950137138367,False,3566,0.03955466200000046,90153.72195570671,,0.4983265995979309,0.3006814420223236,0.5727449655532837,0.13603048026561737,0.08570738881826401,0.07178082317113876,0.06668440252542496,0.07040997594594955,0.00949668325483799,correct
447,0.00026118337210952425,1.6650092601776123,1.6650092601776123,0.9429555535316467,0.9429555535316467,0.9429555535316467,False,3704,0.03880082100000237,95461.89757169761,,0.6265186071395874,0.31624579429626465,0.590864896774292,0.14319579303264618,0.09499899297952652,0.08000195771455765,0.07439658045768738,0.07716355472803116,0.009367942810058594,correct
448,0.00025921696274021165,1.6917412281036377,1.6917412281036377,0.8737559914588928,0.8737559914588928,0.8737559914588928,False,3664,0.04020800400000013,91126.1349854618,,0.5265656113624573,0.3087073862552643,0.5923288464546204,0.14051303267478943,0.08605711162090302,0.07013218849897385,0.06356996297836304,0.06199000030755997,0.008508794941008091,correct
449,0.00025726004066260597,1.632830262184143,1.632830262184143,0.8409656286239624,0.8409656286239624,0.8409656286239624,False,3625,0.04039803700000277,89732.08277421379,,0.4946512281894684,0.29004451632499695,0.5820916891098022,0.13935993611812592,0.08543069660663605,0.06854786723852158,0.06358090043067932,0.06373050808906555,0.008021282963454723,correct
450,0.00025531266972462173,1.6540824174880981,1.6540824174880981,0.8768529891967773,0.8768529891967773,0.8768529891967773,False,3707,0.038816969999999174,95499.46840261048,,0.5423046350479126,0.2908896803855896,0.590185284614563,0.1427939385175705,0.08586391806602478,0.07188677042722702,0.06626273691654205,0.06669093668460846,0.008515841327607632,correct
451,0.0002533749134625518,1.6070080995559692,1.6070080995559692,0.9275873303413391,0.9275873303413391,0.9275873303413391,False,3828,0.039347888999998304,97286.03229515477,,0.6366602182388306,0.3007161021232605,0.5683935880661011,0.13536351919174194,0.08688196539878845,0.0741109848022461,0.06829087436199188,0.07375722378492355,0.010607660748064518,correct
452,0.0002514468350989937,1.6183791160583496,1.6183791160583496,0.8958371877670288,0.8958371877670288,0.8958371877670288,False,3570,0.0395236720000014,90325.61549442759,,0.5662152171134949,0.2996554970741272,0.5893011093139648,0.14776423573493958,0.0880468487739563,0.0737975463271141,0.06750287860631943,0.07188098877668381,0.009966250509023666,correct
453,0.0002495284975407868,1.5266149044036865,1.5266149044036865,0.8539935946464539,0.8539935946464539,0.8539935946464539,False,3352,0.039464952000002995,84936.1225626157,,0.5217552781105042,0.2965790927410126,0.5721349120140076,0.1383971869945526,0.08724789321422577,0.07412055879831314,0.06922375410795212,0.0679858848452568,0.010250813327729702,correct
454,0.0002476199633769605,1.6210235357284546,1.6210235357284546,0.8245254158973694,0.8245254158973694,0.8245254158973694,False,3653,0.03896174300000155,93758.63908346849,,0.5151997804641724,0.2879844009876251,0.541716992855072,0.12909480929374695,0.08386790007352829,0.07039984315633774,0.06766162812709808,0.06850369274616241,0.009628203697502613,correct
455,0.0002457212948766914,1.6158747673034668,1.6158747673034668,0.9205596446990967,0.9205596446990967,0.9205596446990967,False,3681,0.04268831599999601,86229.6840194011,,0.6025868654251099,0.2935594916343689,0.5919746160507202,0.143376424908638,0.09551435708999634,0.07843322306871414,0.07519026100635529,0.07817947119474411,0.010528812184929848,correct
456,0.00024383255398727205,1.627512812614441,1.627512812614441,0.8557271361351013,0.8557271361351013,0.8557271361351013,False,3708,0.040740952000000163,91014.07350520394,,0.5160019397735596,0.29953375458717346,0.5785807371139526,0.13793164491653442,0.08891681581735611,0.07217342406511307,0.06784158200025558,0.06873701512813568,0.00819216575473547,correct
457,0.00024195380233209008,1.6039049625396729,1.6039049625396729,0.8712140917778015,0.8712140917778015,0.8712140917778015,False,3572,0.04007947200000217,89122.93056155546,,0.5440862774848938,0.3035934269428253,0.57438063621521,0.13597309589385986,0.08709147572517395,0.07327251136302948,0.06802161782979965,0.0689435750246048,0.008909854106605053,correct
458,0.00024008510120861735,1.6646682024002075,1.6646682024002075,0.8087760210037231,0.8087760210037231,0.8087760210037231,False,3674,0.039702255000001685,92538.82430607139,,0.469601035118103,0.2970266044139862,0.5547763705253601,0.12859861552715302,0.08357197046279907,0.06991204619407654,0.06740755587816238,0.06762605905532837,0.008079411461949348,correct
459,0.00023822651158640954,1.6159273386001587,1.6159273386001587,1.0293083190917969,1.0293083190917969,0.9999991059303284,True,3662,0.0392306480000002,93345.3864947625,,0.6997048854827881,0.3050501048564911,0.6481789946556091,0.15467534959316254,0.10161832720041275,0.08597921580076218,0.08096561580896378,0.09123029559850693,0.013250848278403282,correct
460,0.000236378094105118,1.612414002418518,1.612414002418518,0.8790048360824585,0.8790048360824585,0.8790048360824585,False,3548,0.03994498899999854,88822.1548890683,,0.55433589220047,0.2987437844276428,0.5786052346229553,0.13335272669792175,0.09153763949871063,0.07203822582960129,0.07006743550300598,0.07051724195480347,0.00977648701518774,correct
461,0.00023453990907251006,1.6138430833816528,1.6138430833816528,0.8810597062110901,0.8810597062110901,0.8810597062110901,False,3726,0.040019841000003,93103.81817858099,,0.5856654047966003,0.2890753448009491,0.5528271794319153,0.139145165681839,0.08829351514577866,0.07652299851179123,0.0721258595585823,0.0759953111410141,0.009455917403101921,correct
462,0.0002327120164625024,1.5942716598510742,1.5942716598510742,1.0646132230758667,1.0646132230758667,0.9999991655349731,True,3621,0.04029788500000109,89855.83238425298,,0.8052527904510498,0.283819317817688,0.5895852446556091,0.15245048701763153,0.10077956318855286,0.08879998326301575,0.08253560215234756,0.09244614839553833,0.01279420591890812,correct
463,0.00023089447591320412,1.6558430194854736,1.6558430194854736,0.9083908200263977,0.9083908200263977,0.9083908200263977,False,3700,0.03954575299999874,93562.51226269778,,0.5728734135627747,0.30525076389312744,0.59186190366745,0.14710766077041626,0.100904181599617,0.0855327621102333,0.0816270262002945,0.08721938729286194,0.010152093134820461,correct
464,0.0002290873467249698,1.6252862215042114,1.6252862215042114,0.8914949893951416,0.8914949893951416,0.8914949893951416,False,3670,0.03979044700000145,92233.19356024993,,0.5774245262145996,0.2969958484172821,0.5696834325790405,0.14340387284755707,0.09919898957014084,0.08098556846380234,0.0773082822561264,0.07451702654361725,0.010262998752295971,correct
465,0.00022729068785846648,1.6480538845062256,1.6480538845062256,1.0636639595031738,1.0636639595031738,0.9999990463256836,True,3790,0.03975368699999393,95337.0689868484,,0.7554398775100708,0.31943458318710327,0.6302604675292969,0.1622827649116516,0.10611887276172638,0.0890078917145729,0.08577115088701248,0.09174822270870209,0.011449169367551804,correct
466,0.00022550455793274884,1.638663649559021,1.638663649559021,0.9548144340515137,0.9548144340515137,0.9548144340515137,False,3701,0.03973058599999746,93152.41411239786,,0.6314356327056885,0.30756229162216187,0.6123637557029724,0.14086882770061493,0.09225331991910934,0.07432832568883896,0.06912103295326233,0.06813426315784454,0.008733936585485935,correct
467,0.00022372901522334693,1.61735200881958,1.61735200881958,0.9208206534385681,0.9208206534385681,0.9208206534385681,False,3691,0.03992620900000077,92445.54122330845,,0.5681732296943665,0.3092241585254669,0.6169031858444214,0.1472531408071518,0.09518403559923172,0.08258599042892456,0.07326232641935349,0.07667028903961182,0.009543811902403831,correct
468,0.0002219641176603649,1.635079026222229,1.635079026222229,0.8464504480361938,0.8464504480361938,0.8464504480361938,False,3543,0.03986015800000331,88885.74902286402,,0.5135126709938049,0.2956177592277527,0.5685063600540161,0.13720309734344482,0.09130177646875381,0.07393500208854675,0.06901658326387405,0.0688251405954361,0.008159208111464977,correct
469,0.0002202099228265907,1.6265424489974976,1.6265424489974976,0.9453876614570618,0.9453876614570618,0.9453876614570618,False,3706,0.03888606200000311,95304.07064617919,,0.6497496962547302,0.29809531569480896,0.5770744681358337,0.15300029516220093,0.09661944210529327,0.07763891667127609,0.07307370007038116,0.0742991715669632,0.008663954213261604,correct
470,0.00021846648795561773,1.5824506282806396,1.5824506282806396,0.8828660249710083,0.8828660249710083,0.8828660249710083,False,3499,0.03818670999999796,91628.73680398722,,0.5790584087371826,0.3014736473560333,0.5582493543624878,0.1346837878227234,0.08743026107549667,0.07363896816968918,0.07030211389064789,0.07345739006996155,0.008383515290915966,correct
471,0.0002167338699299774,1.5987496376037598,1.5987496376037598,0.8339936137199402,0.8339936137199402,0.8339936137199402,False,3720,0.039857908000001885,93331.54163534685,,0.5351248383522034,0.2753678560256958,0.5420085191726685,0.12819716334342957,0.08788321912288666,0.07381407916545868,0.06963205337524414,0.0709817111492157,0.009620794095098972,correct
472,0.0002150121252792827,1.6119990348815918,1.6119990348815918,0.8615602254867554,0.8615602254867554,0.8615602254867554,False,3625,0.03939164999999889,92024.57881302515,,0.5265896320343018,0.2920007109642029,0.5784586071968079,0.1459854692220688,0.09428142011165619,0.07299838215112686,0.06828617304563522,0.06965769827365875,0.008122514933347702,correct
473,0.00021330131017838438,1.5323154926300049,1.5323154926300049,0.9117724895477295,0.9117724895477295,0.9117724895477295,False,3819,0.03901518400000015,97884.96704257464,,0.6428568959236145,0.28256097435951233,0.5454292893409729,0.1356019824743271,0.08863911032676697,0.07183703035116196,0.06778787076473236,0.06785767525434494,0.011185881681740284,correct
474,0.0002116014804455384,1.6154981851577759,1.6154981851577759,0.8710423707962036,0.8710423707962036,0.8710423707962036,False,3668,0.039181726999999,93615.06704388231,,0.5456278324127197,0.2920873463153839,0.573708176612854,0.14760738611221313,0.09287066012620926,0.07553913444280624,0.07159841060638428,0.07222646474838257,0.009319709613919258,correct
475,0.00020991269154058384,1.576440453529358,1.576440453529358,0.8901602029800415,0.8901602029800415,0.8901602029800415,False,3620,0.04008035199999682,90318.56806048728,,0.5501121878623962,0.30344510078430176,0.5879228711128235,0.14751221239566803,0.10068352520465851,0.08402814716100693,0.07830590754747391,0.08275216817855835,0.00958804041147232,correct
476,0.00020823499856313427,1.5881786346435547,1.5881786346435547,0.8646299242973328,0.8646299242973328,0.8646299242973328,False,3535,0.04024434400000132,87838.4301654882,,0.5330354571342468,0.30593356490135193,0.569419264793396,0.14217835664749146,0.09602490812540054,0.0765162780880928,0.07124145328998566,0.07205045223236084,0.008229215629398823,correct
477,0.00020656845625077985,1.605157732963562,1.605157732963562,0.8717750310897827,0.8717750310897827,0.8717750310897827,False,3759,0.03909511500000207,96150.1200341731,,0.5585604906082153,0.2945456802845001,0.5631488561630249,0.13910804688930511,0.0898645743727684,0.07669751346111298,0.07206044346094131,0.07428833842277527,0.00935313943773508,correct
478,0.00020491311897730097,1.629782795906067,1.629782795906067,0.9387418627738953,0.9387418627738953,0.9387418627738953,False,3751,0.04005176100000085,93653.80962899285,,0.5979338884353638,0.31212174892425537,0.6144487261772156,0.15097679197788239,0.09545595943927765,0.07979676127433777,0.07327881455421448,0.07095350325107574,0.008168729953467846,correct
479,0.00020326904075089488,1.5985361337661743,1.5985361337661743,0.8986985683441162,0.8986985683441162,0.8986985683441162,False,3545,0.0392729679999988,90265.65040870119,,0.5745187997817993,0.3049268126487732,0.5834086537361145,0.13895176351070404,0.09264488518238068,0.07704672962427139,0.07275208085775375,0.07098881900310516,0.009064906276762486,correct
480,0.00020163627521241288,1.6028636693954468,1.6028636693954468,0.8342703580856323,0.8342703580856323,0.8342703580856323,False,3821,0.04020875399999824,95029.05760273416,,0.5201804637908936,0.2805856466293335,0.5546717047691345,0.13261793553829193,0.08530349284410477,0.0715935006737709,0.06745292991399765,0.06653789430856705,0.007962862029671669,correct
481,0.0002000148756336109,1.636847734451294,1.636847734451294,0.8684114217758179,0.8684114217758179,0.8684114217758179,False,3571,0.03870817899999679,92254.40442445758,,0.5148428082466125,0.29867881536483765,0.5923054218292236,0.14580142498016357,0.09539838880300522,0.08130230009555817,0.07546122372150421,0.07940313965082169,0.008505787700414658,correct
482,0.00019840489491541115,1.5750435590744019,1.5750435590744019,0.829566240310669,0.829566240310669,0.829566240310669,False,3624,0.039046444000000236,92812.5490761714,,0.4897861182689667,0.3101290464401245,0.5605775117874146,0.13441559672355652,0.08471305668354034,0.06830710917711258,0.06333465874195099,0.06226643919944763,0.008024503476917744,correct
483,0.00019680638558617546,1.5462840795516968,1.5462840795516968,0.7635608911514282,0.7635608911514282,0.7635608911514282,False,3517,0.03908569500000425,89981.7695450885,,0.4254969358444214,0.2995488941669464,0.5281170606613159,0.12283569574356079,0.07886610925197601,0.06646152585744858,0.062090013176202774,0.06088627129793167,0.007249829359352589,correct
484,0.0001952193997999926,1.5809423923492432,1.5809423923492432,0.8354904651641846,0.8354904651641846,0.8354904651641846,False,3680,0.04006564099999821,91849.27304670264,,0.484941303730011,0.2927103340625763,0.5743958950042725,0.14483670890331268,0.0979614332318306,0.07862488180398941,0.07234006375074387,0.07213418185710907,0.008591464720666409,correct
485,0.00019364398933497626,1.5884473323822021,1.5884473323822021,0.8879247307777405,0.8879247307777405,0.8879247307777405,False,3541,0.04025081399999664,87973.37614092216,,0.563185453414917,0.3051380217075348,0.5737079381942749,0.14654147624969482,0.09707554429769516,0.0804898664355278,0.0751633420586586,0.07644178718328476,0.010624852031469345,correct
486,0.00019208020559157503,1.6069415807724,1.6069415807724,0.857776939868927,0.857776939868927,0.857776939868927,False,3601,0.04047340799999688,88971.99860215076,,0.5100623369216919,0.2940646708011627,0.5869214534759521,0.14372754096984863,0.09255015850067139,0.07537487149238586,0.07023224979639053,0.06900876760482788,0.008220063522458076,correct
487,0.00019052809959089643,1.6064246892929077,1.6064246892929077,0.8075483441352844,0.8075483441352844,0.8075483441352844,False,3912,0.03993739900000293,97953.29936232737,,0.48167622089385986,0.29113107919692993,0.5433875918388367,0.13795074820518494,0.08684517443180084,0.06872968375682831,0.06601555645465851,0.06609660387039185,0.008484131656587124,correct
488,0.0001889877219730412,1.5913143157958984,1.5913143157958984,0.8470955491065979,0.8470955491065979,0.8470955491065979,False,3776,0.04026512499999768,93778.4248776135,,0.5015419125556946,0.30192410945892334,0.5744280219078064,0.14681695401668549,0.09141698479652405,0.07406043261289597,0.06732606887817383,0.07001280039548874,0.008311834186315536,correct
489,0.00018745912299545216,1.589243769645691,1.589243769645691,0.8511821627616882,0.8511821627616882,0.8511821627616882,False,3701,0.03944009199999954,93838.52350040268,,0.49865323305130005,0.3031678795814514,0.5826661586761475,0.1408699005842209,0.09219667315483093,0.07716696709394455,0.07088752835988998,0.07089240849018097,0.009762528352439404,correct
490,0.00018594235253127368,1.5476510524749756,1.5476510524749756,0.7926713228225708,0.7926713228225708,0.7926713228225708,False,3846,0.040288954999994075,95460.4059599105,,0.4613678753376007,0.3096991181373596,0.5353044271469116,0.12243334203958511,0.07883379608392715,0.06563444435596466,0.06219597905874252,0.059664543718099594,0.007892965339124203,correct
491,0.00018443746006772477,1.6211603879928589,1.6211603879928589,0.8662109375,0.8662109375,0.8662109375,False,3692,0.03989143900000158,92551.18623321294,,0.5500417351722717,0.28708529472351074,0.5655893683433533,0.14223769307136536,0.09473394602537155,0.07629485428333282,0.06972052901983261,0.07414913922548294,0.008956524543464184,correct
492,0.00018294449470448423,1.6328363418579102,1.6328363418579102,0.8558114171028137,0.8558114171028137,0.8558114171028137,False,3651,0.04008462200000196,91082.3108173459,,0.5053518414497375,0.3081638216972351,0.5731013417243958,0.1538708657026291,0.10646703839302063,0.08245037496089935,0.0755310207605362,0.07755769044160843,0.009640159085392952,correct
493,0.00018146350515208936,1.5881297588348389,1.5881297588348389,0.8374205231666565,0.8374205231666565,0.8374205231666565,False,3517,0.03995945899999498,88014.20459672494,,0.4856927990913391,0.3076968789100647,0.5709388256072998,0.14693638682365417,0.09301994740962982,0.0730079784989357,0.06678822636604309,0.06811662018299103,0.007309683598577976,correct
494,0.0001799945397303458,1.6235811710357666,1.6235811710357666,0.8046760559082031,0.8046760559082031,0.8046760559082031,False,3813,0.03900427300000331,97758.51994471674,,0.4723019003868103,0.29841703176498413,0.5469416975975037,0.1286473572254181,0.08270816504955292,0.06959658861160278,0.06270328909158707,0.06338423490524292,0.007266522850841284,correct
495,0.0001785376463667517,1.6156169176101685,1.6156169176101685,0.8792380690574646,0.8792380690574646,0.8792380690574646,False,3628,0.038371792999996046,94548.61804347724,,0.5499733686447144,0.30653661489486694,0.573418915271759,0.1465473175048828,0.09560783952474594,0.077532559633255,0.07376693189144135,0.07513248920440674,0.010014349594712257,correct
496,0.00017709287259493387,1.5912046432495117,1.5912046432495117,0.7873252630233765,0.7873252630233765,0.7873252630233765,False,3524,0.03884140099999911,90727.93229060098,,0.46318337321281433,0.2852991819381714,0.5339732766151428,0.13145118951797485,0.08806836605072021,0.07160735875368118,0.06623649597167969,0.0648568794131279,0.007900993339717388,correct
497,0.00017566026555309634,1.5718915462493896,1.5718915462493896,0.8750470876693726,0.8750470876693726,0.8750470876693726,False,3379,0.039864538000003336,84762.05092354807,,0.5316120386123657,0.2971172332763672,0.5898216962814331,0.14509451389312744,0.0928574725985527,0.07773418724536896,0.07222434133291245,0.07678311318159103,0.009908424690365791,correct
498,0.00017423987198248337,1.580241322517395,1.580241322517395,0.7742676734924316,0.7742676734924316,0.7742676734924316,False,3737,0.04115969999999436,90792.69285248707,,0.44234517216682434,0.2829166054725647,0.5342657566070557,0.12926094233989716,0.08693788200616837,0.07217352092266083,0.06689197570085526,0.06577716767787933,0.00791540089994669,correct
499,0.00017283173822585357,1.5807676315307617,1.5807676315307617,0.7868067622184753,0.7868067622184753,0.7868067622184753,False,3534,0.04094224600000018,86316.71061719439,,0.46327951550483704,0.28745073080062866,0.5313271880149841,0.1324119120836258,0.08912798762321472,0.07171086221933365,0.06626146286725998,0.06653185933828354,0.00801774114370346,correct
500,0.0001714359102259684,1.6066317558288574,1.6066317558288574,0.8127821087837219,0.8127821087837219,0.8127821087837219,False,3733,0.041165370000001644,90683.01827482301,,0.5063362121582031,0.2875353693962097,0.5313655734062195,0.13100634515285492,0.08749282360076904,0.0731937438249588,0.06583063304424286,0.06813067942857742,0.007875630632042885,correct
501,0.00017005243352409332,1.5442813634872437,1.5442813634872437,0.7741515040397644,0.7741515040397644,0.7741515040397644,False,3630,0.0402122140000003,90271.08032400237,,0.44720953702926636,0.28682297468185425,0.5294981598854065,0.1286076456308365,0.08387690037488937,0.06948716193437576,0.06270245462656021,0.06548646837472916,0.007392622996121645,correct
502,0.00016868135325851088,1.5532326698303223,1.5532326698303223,0.9195383787155151,0.9195383787155151,0.9195383787155151,False,3778,0.03958008400000068,95452.04603405933,,0.6113197207450867,0.29771244525909424,0.5843207836151123,0.136684849858284,0.09257253259420395,0.07128044962882996,0.0678778737783432,0.06896838545799255,0.008848926052451134,correct
503,0.00016732271416304955,1.5937567949295044,1.5937567949295044,0.822199821472168,0.822199821472168,0.822199821472168,False,3692,0.04027579499999945,91667.96086830938,,0.47802111506462097,0.3171737492084503,0.550747811794281,0.13890953361988068,0.09285558015108109,0.07545100152492523,0.07089971005916595,0.06985051929950714,0.008324529975652695,correct
504,0.00016597656056562324,1.6014338731765747,1.6014338731765747,0.8618512749671936,0.8618512749671936,0.8618512749671936,False,3649,0.03806963899999971,95850.65936664195,,0.48552486300468445,0.32121482491493225,0.5972661375999451,0.14514081180095673,0.09613218903541565,0.07964654266834259,0.07273474335670471,0.07170435041189194,0.008044921793043613,correct
505,0.000164642936386785,1.6135399341583252,1.6135399341583252,0.8934241533279419,0.8934241533279419,0.8934241533279419,False,3822,0.038832550999998716,98422.58367213955,,0.5421240329742432,0.3108453154563904,0.6020432710647583,0.14285899698734283,0.0955408364534378,0.07625932991504669,0.0692545622587204,0.07084394991397858,0.007748709991574287,correct
506,0.00016332188513829444,1.6134965419769287,1.6134965419769287,0.8585500121116638,0.8585500121116638,0.8585500121116638,False,3825,0.03905161400000168,97947.29610919117,,0.5088788866996765,0.306497722864151,0.5822589993476868,0.14312447607517242,0.09348458051681519,0.07733290642499924,0.07075735181570053,0.06994890421628952,0.008959206752479076,correct
507,0.0001620134499216981,1.5797150135040283,1.5797150135040283,0.9326344728469849,0.9326344728469849,0.9326344728469849,False,3708,0.03986445800000382,93015.1866105804,,0.6148875951766968,0.29600581526756287,0.6000710129737854,0.1422574669122696,0.09102477133274078,0.07439209520816803,0.06991114467382431,0.07067722827196121,0.008716476149857044,correct
508,0.00016071767342692252,1.586997389793396,1.586997389793396,0.9087510108947754,0.9087510108947754,0.9087510108947754,False,3607,0.03987379799999502,90460.40710745564,,0.5899646282196045,0.3165428340435028,0.5756890773773193,0.1467571258544922,0.09295614808797836,0.07623028010129929,0.07119332998991013,0.07083908468484879,0.008756551891565323,correct
509,0.0001594345979308824,1.6254717111587524,1.6254717111587524,0.8647923469543457,0.8647923469543457,0.8647923469543457,False,3841,0.0399119890000037,96236.74730917679,,0.4978020489215851,0.3000136911869049,0.6039109230041504,0.14664645493030548,0.09397312253713608,0.07489190995693207,0.06916341930627823,0.0675773099064827,0.006870404351502657,correct
510,0.00015816426529610033,1.6091068983078003,1.6091068983078003,0.9588473439216614,0.9588473439216614,0.9588473439216614,False,3780,0.04055876999999697,93198.09254571286,,0.5782806873321533,0.3105719983577728,0.6500720977783203,0.1708802729845047,0.11328459531068802,0.09422435611486435,0.08158929646015167,0.09075785428285599,0.01120190043002367,correct
511,0.00015690671696934149,1.535195231437683,1.535195231437683,0.9000058174133301,0.9000058174133301,0.9000058174133301,False,3612,0.03922851700000507,92075.87429317129,,0.5575494170188904,0.30949413776397705,0.5965319275856018,0.14953924715518951,0.09534008800983429,0.0769544392824173,0.07141277194023132,0.07044725865125656,0.008713583461940289,correct
512,0.0001556619939802615,1.5402840375900269,1.5402840375900269,0.9482643008232117,0.9482643008232117,0.9482643008232117,False,3723,0.03829486200000076,97219.30842837156,,0.6095868349075317,0.3093869686126709,0.6151136159896851,0.15427903831005096,0.10154188424348831,0.08414282649755478,0.07495711743831635,0.08120188117027283,0.010903783142566681,correct
513,0.00015443013694006692,1.5614656209945679,1.5614656209945679,0.9527891278266907,0.9527891278266907,0.9527891278266907,False,3787,0.039048805000000186,96981.20083316203,,0.6453390717506409,0.29351648688316345,0.5985638499259949,0.14765171706676483,0.09221099317073822,0.07790583372116089,0.07082121074199677,0.07370760291814804,0.009612413123250008,correct
514,0.00015321118604019138,1.5925180912017822,1.5925180912017822,0.8455122709274292,0.8455122709274292,0.8455122709274292,False,3803,0.0382462910000001,99434.4784962283,,0.5177279114723206,0.2884766459465027,0.5623213648796082,0.14699146151542664,0.09508606791496277,0.07787157595157623,0.07174300402402878,0.07409101724624634,0.008738264441490173,correct
515,0.0001520051810509836,1.6136565208435059,1.6136565208435059,0.8892436623573303,0.8892436623573303,0.8892436623573303,False,3724,0.038905141999997284,95719.99505875753,,0.5324536561965942,0.3083057403564453,0.602594256401062,0.15159308910369873,0.0976339727640152,0.07854769378900528,0.07371759414672852,0.06993748247623444,0.008188468404114246,correct
516,0.00015081216132040956,1.599002718925476,1.599002718925476,0.9165443778038025,0.9165443778038025,0.9165443778038025,False,3767,0.039278879000001155,95903.95896990567,,0.5537227392196655,0.32155802845954895,0.6128683686256409,0.1594683676958084,0.10185643285512924,0.08375851809978485,0.0780719518661499,0.07373321056365967,0.009234141558408737,correct
517,0.00014963216577276958,1.5712944269180298,1.5712944269180298,0.8188216090202332,0.8188216090202332,0.8188216090202332,False,3796,0.038010907000000316,99866.07265119899,,0.4709325432777405,0.3020879328250885,0.5596680045127869,0.1412101536989212,0.09352807700634003,0.07575010508298874,0.07070430368185043,0.06868404150009155,0.007971728220582008,correct
518,0.00014846523290742736,1.5977504253387451,1.5977504253387451,0.8966819047927856,0.8966819047927856,0.8966819047927856,False,3596,0.038017977000002645,94586.83190848766,,0.5332779884338379,0.31814172863960266,0.6063858866691589,0.15400554239749908,0.09692621231079102,0.08089905232191086,0.0747409239411354,0.07369815558195114,0.007769187446683645,correct
519,0.00014731140079755464,1.5426298379898071,1.5426298379898071,0.903754472732544,0.903754472732544,0.903754472732544,False,3613,0.03802724799999879,95010.81961019411,,0.5741577744483948,0.29696473479270935,0.5885322093963623,0.1534757912158966,0.09932582825422287,0.085194893181324,0.07554017752408981,0.077904611825943,0.010130957700312138,correct
520,0.0001461707070888888,1.5845304727554321,1.5845304727554321,0.8942831158638,0.8942831158638,0.8942831158638,False,3609,0.038292281000003925,94248.75995242044,,0.494346559047699,0.3265499472618103,0.6292493343353271,0.15932776033878326,0.09919224679470062,0.08035118132829666,0.07271286100149155,0.0757623016834259,0.008148555643856525,correct
521,0.00014504318899850408,1.5504428148269653,1.5504428148269653,0.9115893244743347,0.9115893244743347,0.9115893244743347,False,3585,0.038055868000000714,94203.60612980717,,0.5541428923606873,0.2969985008239746,0.6215654015541077,0.1533932387828827,0.09573613107204437,0.07798437029123306,0.07172142714262009,0.07312510162591934,0.010070248506963253,correct
522,0.00014392888331359808,1.5624735355377197,1.5624735355377197,0.8600560426712036,0.8600560426712036,0.8600560426712036,False,3752,0.03870589799999635,96936.13102582851,,0.5003750324249268,0.29891741275787354,0.5924162864685059,0.15173396468162537,0.09576008468866348,0.07724922895431519,0.07333708554506302,0.07351237535476685,0.008340401574969292,correct
523,0.0001428278263902913,1.5499775409698486,1.5499775409698486,0.8620104789733887,0.8620104789733887,0.8620104789733887,False,3738,0.03901138399999837,95818.18476371297,,0.5104929804801941,0.3007805645465851,0.5842686295509338,0.1495457887649536,0.10063835978507996,0.0827530175447464,0.07358486205339432,0.07608651369810104,0.00873116496950388,correct
524,0.0001417400541524403,1.5598293542861938,1.5598293542861938,0.8188695907592773,0.8188695907592773,0.8188695907592773,False,3568,0.0397024359999989,89868.54106383042,,0.4645663797855377,0.3102504014968872,0.5634092688560486,0.13683836162090302,0.08958215266466141,0.0734337568283081,0.06809598952531815,0.0649084746837616,0.0069044907577335835,correct
525,0.0001406656020904667,1.6371190547943115,1.6371190547943115,0.9006081223487854,0.9006081223487854,0.9006081223487854,False,3550,0.04008061100000049,88571.50406215007,,0.5265286564826965,0.320829838514328,0.6109186410903931,0.1648186445236206,0.10165461897850037,0.08436575531959534,0.07920468598604202,0.08204104751348495,0.009414995089173317,correct
526,0.00013960450526019855,1.5362035036087036,1.5362035036087036,0.9809521436691284,0.9809521436691284,0.9809521436691284,False,3509,0.040349196000001086,86965.79728626825,,0.6435937881469727,0.3233129382133484,0.6265425086021423,0.1541280299425125,0.09793083369731903,0.08053189516067505,0.0743066594004631,0.07447263598442078,0.008277619257569313,correct
527,0.00013855679828172647,1.6071237325668335,1.6071237325668335,0.9175969362258911,0.9175969362258911,0.9175969362258911,False,3735,0.03987936900000477,93657.44979564629,,0.5366872549057007,0.3207659423351288,0.6358209848403931,0.14822161197662354,0.0943077802658081,0.07822355628013611,0.07028253376483917,0.0693306177854538,0.007932227104902267,correct
528,0.00013752251533827477,1.4927586317062378,1.4927586317062378,0.8930867314338684,0.8930867314338684,0.8930867314338684,False,3459,0.039685024999997154,87161.34108521408,,0.5463883876800537,0.3105413317680359,0.5960041284561157,0.1473218947649002,0.09476729482412338,0.07974765449762344,0.07161080837249756,0.07184426486492157,0.008535253815352917,correct
529,0.0001365016901750854,1.6051799058914185,1.6051799058914185,0.8762195706367493,0.8762195706367493,0.8762195706367493,False,3823,0.041426154999996356,92284.69308822739,,0.5446366667747498,0.3173215985298157,0.5680274963378906,0.1446518898010254,0.0977012887597084,0.08084925264120102,0.07236827164888382,0.07398280501365662,0.008151867426931858,correct
530,0.0001354943560983175,1.5254942178726196,1.5254942178726196,0.8391203880310059,0.8391203880310059,0.8391203880310059,False,3723,0.039942019000001494,93210.1103852527,,0.5037509799003601,0.2926467955112457,0.5655245184898376,0.14395512640476227,0.09104722738265991,0.07599512487649918,0.06847664713859558,0.07304191589355469,0.009259193204343319,correct
531,0.00013450054597396056,1.5629327297210693,1.5629327297210693,0.8852654695510864,0.8852654695510864,0.8852654695510864,False,3678,0.03953699299999869,93026.80150713844,,0.5246288776397705,0.3128959834575653,0.6037198901176453,0.1478702574968338,0.0950593426823616,0.0762832909822464,0.06796275824308395,0.06843755394220352,0.007360575255006552,correct
532,0.00013352029222676192,1.560410499572754,1.560410499572754,0.9170200228691101,0.9170200228691101,0.9170200228691101,False,3667,0.0393925010000018,93088.78357329564,,0.5382476449012756,0.3094426691532135,0.6311053037643433,0.16202354431152344,0.10496383905410767,0.08574851602315903,0.07665985822677612,0.08117322623729706,0.008886650204658508,correct
533,0.00013255362683916932,1.5994770526885986,1.5994770526885986,0.8823064565658569,0.8823064565658569,0.8823064565658569,False,3795,0.04070059200000031,93241.88699761347,,0.5444754362106323,0.3070884048938751,0.5829702019691467,0.1432572901248932,0.09454569220542908,0.08134090155363083,0.07530579715967178,0.07767010480165482,0.00849161110818386,correct
534,0.0001316005813502869,1.521364450454712,1.521364450454712,0.84135502576828,0.84135502576828,0.84135502576828,False,3722,0.040017491000000405,93009.3293455095,,0.4973527789115906,0.2992132604122162,0.571019172668457,0.14434444904327393,0.09264883399009705,0.07569339126348495,0.06788788735866547,0.07136523723602295,0.008754124864935875,correct
535,0.00013066118685484647,1.577448844909668,1.577448844909668,0.8897426724433899,0.8897426724433899,0.8897426724433899,False,3565,0.03936228999999969,90568.91761124742,,0.5204232931137085,0.315253347158432,0.6064848303794861,0.1600082814693451,0.10054141283035278,0.08138235658407211,0.0753125324845314,0.07426069676876068,0.008493633009493351,correct
536,0.000129735474002193,1.5504554510116577,1.5504554510116577,0.8238419890403748,0.8238419890403748,0.8238419890403748,False,3820,0.03862877699999956,98890.00627692779,,0.48095762729644775,0.3003510534763336,0.561089813709259,0.13955900073051453,0.09045226126909256,0.07350409030914307,0.0686768889427185,0.0672675371170044,0.007760582957416773,correct
537,0.00012882347299528446,1.4912540912628174,1.4912540912628174,0.9238365292549133,0.9238365292549133,0.9238365292549133,False,3516,0.03877647000000195,90673.5450648247,,0.5598905682563782,0.3045152723789215,0.6312546730041504,0.15180769562721252,0.09471652656793594,0.07947412878274918,0.07203782349824905,0.07204858958721161,0.008431952446699142,correct
538,0.00012792521358970656,1.5893373489379883,1.5893373489379883,0.8769237995147705,0.8769237995147705,0.8769237995147705,False,3599,0.03818660000000307,94247.72040453224,,0.5042309165000916,0.31972527503967285,0.601882815361023,0.1504293829202652,0.09647943824529648,0.0815228521823883,0.07717445492744446,0.07525402307510376,0.007551446091383696,correct
539,0.00012704072509270206,1.5915640592575073,1.5915640592575073,0.8178142309188843,0.8178142309188843,0.8178142309188843,False,3901,0.03779876399999438,103204.43282221028,,0.45695576071739197,0.2985466718673706,0.5694949626922607,0.14930546283721924,0.0937642976641655,0.07771488279104233,0.06920518726110458,0.06774662435054779,0.007385986391454935,correct
540,0.00012617003636221393,1.5640430450439453,1.5640430450439453,0.9908522367477417,0.9908522367477417,0.9908522367477417,False,3675,0.037940765999998405,96861.51302269845,,0.6171166896820068,0.32440170645713806,0.658008337020874,0.17237421870231628,0.11056900024414062,0.08704671263694763,0.08114919066429138,0.08101681619882584,0.008903374895453453,correct
541,0.00012531317580594462,1.5769990682601929,1.5769990682601929,0.8708747029304504,0.8708747029304504,0.8708747029304504,False,3689,0.03785959399999683,97438.97412107242,,0.5042160153388977,0.3170050382614136,0.5961959958076477,0.14822758734226227,0.09446100145578384,0.08005210757255554,0.07462454587221146,0.07285996526479721,0.008190963417291641,correct
542,0.00012447017138042884,1.5474640130996704,1.5474640130996704,0.9087322950363159,0.9087322950363159,0.9087322950363159,False,3736,0.03794578600000165,98456.25545877052,,0.5639653205871582,0.31359803676605225,0.597319483757019,0.15652933716773987,0.10156561434268951,0.08240967243909836,0.07400660216808319,0.07381126284599304,0.00835322868078947,correct
543,0.0001236410505901212,1.514242172241211,1.514242172241211,0.8814443349838257,0.8814443349838257,0.8814443349838257,False,3731,0.03812225899999788,97869.33140557613,,0.5065826177597046,0.31415170431137085,0.6066564917564392,0.1527600884437561,0.10343924164772034,0.08615145832300186,0.07849203050136566,0.07669654488563538,0.00970381312072277,correct
544,0.00012282584048649932,1.5128419399261475,1.5128419399261475,0.863459587097168,0.863459587097168,0.863459587097168,False,3591,0.03979181700000112,90244.68523264216,,0.5277719497680664,0.29243773221969604,0.5781526565551758,0.14163754880428314,0.09646843373775482,0.0811799168586731,0.07375840097665787,0.07589250802993774,0.009018279612064362,correct
545,0.00012202456766718092,1.555776596069336,1.555776596069336,0.9032061100006104,0.9032061100006104,0.9032061100006104,False,3474,0.03907781499999885,88899.54568852179,,0.5307875871658325,0.3328019976615906,0.6128158569335938,0.1449267566204071,0.09687677770853043,0.08236831426620483,0.07357779890298843,0.07140254974365234,0.0077392118982970715,correct
546,0.00012123725827505598,1.5864530801773071,1.5864530801773071,0.8110953569412231,0.8110953569412231,0.8110953569412231,False,3775,0.039836497999999665,94762.34582668466,,0.45851078629493713,0.29788485169410706,0.5614717602729797,0.140049546957016,0.09311610460281372,0.07650262117385864,0.06881361454725266,0.06872868537902832,0.00785062089562416,correct
547,0.00012046393799743404,1.5045461654663086,1.5045461654663086,0.8502632975578308,0.8502632975578308,0.8502632975578308,False,3508,0.03961639399999939,88549.20011145018,,0.4857006371021271,0.30459609627723694,0.5898270010948181,0.14337146282196045,0.09561774134635925,0.07947131991386414,0.07254067063331604,0.07088222354650497,0.0082237608730793,correct
548,0.00011970463206520587,1.5829951763153076,1.5829951763153076,0.8630005717277527,0.8630005717277527,0.8630005717277527,False,3751,0.03923150699999667,95611.92742354554,,0.49574947357177734,0.3212569057941437,0.5909533500671387,0.14605973660945892,0.09638708084821701,0.07775477319955826,0.07141970098018646,0.0689544528722763,0.006739871576428413,correct
549,0.00011895936525202033,1.5797631740570068,1.5797631740570068,0.8912976980209351,0.8912976980209351,0.8912976980209351,False,3563,0.039418429999997784,90389.19104591939,,0.5123626589775085,0.3274387717247009,0.6101073026657104,0.14964041113853455,0.10169213265180588,0.08582872152328491,0.0775061696767807,0.07923603057861328,0.007961992174386978,correct
550,0.00011822816187347625,1.525753378868103,1.525753378868103,0.8329493999481201,0.8329493999481201,0.8329493999481201,False,3569,0.039862988000002986,89531.67283896863,,0.4490859806537628,0.31708934903144836,0.5890458226203918,0.14769035577774048,0.09152110666036606,0.07476615160703659,0.06751708686351776,0.06491638720035553,0.007389951962977648,correct
551,0.00011751104578632874,1.5491790771484375,1.5491790771484375,0.8993199467658997,0.8993199467658997,0.8993199467658997,False,3526,0.03969134500000138,88835.48793823636,,0.5192233324050903,0.3324050307273865,0.6155986189842224,0.14883896708488464,0.09951864928007126,0.08091133832931519,0.07524386048316956,0.07347441464662552,0.008056837134063244,correct
552,0.00011680804038771128,1.614184856414795,1.614184856414795,0.8418934345245361,0.8418934345245361,0.8418934345245361,False,3673,0.03945785099999455,93086.67114183455,,0.457878053188324,0.3148525357246399,0.5921308994293213,0.14520493149757385,0.10033702850341797,0.08339995890855789,0.0757082998752594,0.07404989004135132,0.007645381614565849,correct
553,0.00011611916861437205,1.5565043687820435,1.5565043687820435,0.8488578200340271,0.8488578200340271,0.8488578200340271,False,3606,0.039425739999998655,91463.08984942637,,0.48323357105255127,0.3159888982772827,0.5808967351913452,0.15017551183700562,0.09655313193798065,0.0819752961397171,0.07490028440952301,0.0741315484046936,0.007366464473307133,correct
554,0.00011544445294192548,1.6440353393554688,1.6440353393554688,0.9269892573356628,0.9269892573356628,0.9269892573356628,False,3794,0.039188274999993666,96814.672245732,,0.5218270421028137,0.3259575664997101,0.646790623664856,0.17645414173603058,0.10498885810375214,0.08750446140766144,0.07636826485395432,0.08181628584861755,0.008794552646577358,correct
555,0.00011478391538411934,1.5208568572998047,1.5208568572998047,0.8505548238754272,0.8505548238754272,0.8505548238754272,False,3752,0.03952182200000465,94934.89444893404,,0.4706587493419647,0.3120836913585663,0.5956440567970276,0.15241685509681702,0.09591548144817352,0.07987360656261444,0.07502351701259613,0.07227395474910736,0.008559196256101131,correct
556,0.00011413757749211603,1.5208542346954346,1.5208542346954346,0.8280603885650635,0.8280603885650635,0.8280603885650635,False,3656,0.03937077999999872,92860.7459643959,,0.4454911947250366,0.3054559528827667,0.5866419672966003,0.14707788825035095,0.10234710574150085,0.08229390531778336,0.07503177225589752,0.07208844274282455,0.007984529249370098,correct
557,0.00011350546035378984,1.5460598468780518,1.5460598468780518,0.8771663308143616,0.8771663308143616,0.8771663308143616,False,3431,0.039373998999998605,87138.72319649628,,0.454914927482605,0.32287439703941345,0.6332042813301086,0.16504448652267456,0.10488827526569366,0.08457551151514053,0.07707294821739197,0.07659909129142761,0.00870701763778925,correct
558,0.00011288758459303878,1.526457667350769,1.526457667350769,0.8849747180938721,0.8849747180938721,0.8849747180938721,False,3802,0.03900984399999885,97462.57893264356,,0.5203853845596313,0.29953742027282715,0.6098793148994446,0.15412531793117523,0.09658852219581604,0.08064533025026321,0.0736246109008789,0.07489453256130219,0.009300206787884235,correct
559,0.00011228397036911156,1.5287139415740967,1.5287139415740967,0.8797061443328857,0.8797061443328857,0.8797061443328857,False,3695,0.0396834840000011,93111.78423749027,,0.5358207821846008,0.3098343312740326,0.5802356600761414,0.15350835025310516,0.10222365707159042,0.08602944761514664,0.08014266937971115,0.07873287796974182,0.00842264574021101,correct
560,0.00011169463737594994,1.561075210571289,1.561075210571289,0.9001359343528748,0.9001359343528748,0.9001359343528748,False,3684,0.039707055000000935,92779.48213484765,,0.49591121077537537,0.31811973452568054,0.630881130695343,0.17598500847816467,0.10789959132671356,0.09109784662723541,0.08262982219457626,0.08536010980606079,0.008932488970458508,correct
561,0.0001111196048415464,1.517821192741394,1.517821192741394,0.8584243655204773,0.8584243655204773,0.8584243655204773,False,3584,0.0395111619999966,90708.5445879903,,0.5116443037986755,0.297285258769989,0.5819698572158813,0.1474243551492691,0.0962357446551323,0.07893407344818115,0.073418527841568,0.07321678102016449,0.008257415145635605,correct
562,0.00011055889152731635,1.5259233713150024,1.5259233713150024,0.9958911538124084,0.9958911538124084,0.9958911538124084,False,3575,0.039620433999999705,90231.21755809203,,0.6497036814689636,0.3383968770503998,0.630200207233429,0.1562195122241974,0.10636970400810242,0.08851472288370132,0.08280494064092636,0.08671147376298904,0.009494660422205925,correct
563,0.00011001251572748646,1.486085057258606,1.486085057258606,0.8975492119789124,0.8975492119789124,0.8975492119789124,False,3623,0.0396357839999979,91407.3000296952,,0.5377585291862488,0.31500980257987976,0.6045506000518799,0.15189385414123535,0.09861443936824799,0.0839100256562233,0.07580112665891647,0.07776279747486115,0.008210095576941967,correct
564,0.00010948049526849758,1.465471625328064,1.465471625328064,0.9096270203590393,0.9096270203590393,0.9096270203590393,False,3481,0.04025661399999336,86470.26299828828,,0.534858763217926,0.32562220096588135,0.6156124472618103,0.16215606033802032,0.10269663482904434,0.08441955596208572,0.07696432620286942,0.07971084862947464,0.009678712114691734,correct
565,0.00010896284750842296,1.5790787935256958,1.5790787935256958,0.953514575958252,0.953514575958252,0.953514575958252,False,3809,0.04024625399999593,94642.34857734549,,0.6290762424468994,0.30738335847854614,0.60686194896698,0.14907130599021912,0.09937284141778946,0.08271458745002747,0.07728082686662674,0.0755930095911026,0.00784984789788723,correct
566,0.00010845958933640224,1.5811659097671509,1.5811659097671509,0.8922762870788574,0.8922762870788574,0.8922762870788574,False,3727,0.03915367599999797,95189.0187782162,,0.5193025469779968,0.32833898067474365,0.6058237552642822,0.1526719331741333,0.09904918074607849,0.08284299075603485,0.07527564465999603,0.0769926980137825,0.008726383559405804,correct
567,0.00010797073717209013,1.4902600049972534,1.4902600049972534,0.8956007361412048,0.8956007361412048,0.8956007361412048,False,3617,0.0406349309999996,89012.08666996472,,0.5630094408988953,0.305236279964447,0.5884157419204712,0.1420736312866211,0.09270191192626953,0.0801563486456871,0.07195112854242325,0.07262955605983734,0.007941346615552902,correct
568,0.00010749630696512082,1.5269215106964111,1.5269215106964111,0.9364214539527893,0.9364214539527893,0.9364214539527893,False,3612,0.04004743999999505,90193.03106516787,,0.5502417087554932,0.3260187804698944,0.6389017701148987,0.16481630504131317,0.10311166197061539,0.08947522193193436,0.08109799027442932,0.08473091572523117,0.00877990759909153,correct
569,0.00010703631419458773,1.5016742944717407,1.5016742944717407,0.9077012538909912,0.9077012538909912,0.9077012538909912,False,3471,0.03947695200000112,87924.72123987439,,0.5326307415962219,0.32368913292884827,0.6168826222419739,0.15559972822666168,0.10144442319869995,0.08641789108514786,0.07985395938158035,0.08040454238653183,0.009769562631845474,correct
570,0.00010659077386853816,1.5010238885879517,1.5010238885879517,0.9417476654052734,0.9417476654052734,0.9417476654052734,False,3357,0.04099392599999874,81890.18051113484,,0.5322974920272827,0.34215280413627625,0.6538934111595154,0.1637614369392395,0.10738313943147659,0.08793472498655319,0.08155116438865662,0.07817384600639343,0.007714932784438133,correct
571,0.00010615970052348385,1.5406683683395386,1.5406683683395386,0.8523520231246948,0.8523520231246948,0.8523520231246948,False,3518,0.04024104400000539,87423.17917993203,,0.44281503558158875,0.3266909122467041,0.6102617979049683,0.151121586561203,0.10067149996757507,0.08346489816904068,0.07792209833860397,0.07220077514648438,0.006977227982133627,correct
572,0.00010574310822392678,1.625163197517395,1.625163197517395,0.9446614384651184,0.9446614384651184,0.9446614384651184,False,3596,0.03946282100000076,91123.74404252374,,0.5529891848564148,0.33197370171546936,0.6429334878921509,0.17000353336334229,0.10854967683553696,0.09130003303289413,0.08322357386350632,0.08364275097846985,0.008717107586562634,correct
573,0.00010534101056189993,1.5586904287338257,1.5586904287338257,0.8448835015296936,0.8448835015296936,0.8448835015296936,False,3675,0.03910353500000241,93981.27304858176,,0.4453071057796478,0.31677135825157166,0.6049147248268127,0.1537041813135147,0.09701282531023026,0.07978130131959915,0.07121999561786652,0.06885932385921478,0.006956479046493769,correct
574,0.00010495342065652424,1.4888145923614502,1.4888145923614502,0.8382285833358765,0.8382285833358765,0.8382285833358765,False,3665,0.03831317199999518,95659.00729912055,,0.46489861607551575,0.30539241433143616,0.5848117470741272,0.15533939003944397,0.09685397893190384,0.08124975860118866,0.07415672391653061,0.07452774792909622,0.007804828695952892,correct
575,0.0001045803511535803,1.5317238569259644,1.5317238569259644,0.8346614241600037,0.8346614241600037,0.8346614241600037,False,3699,0.038888221000000556,95118.77645418512,,0.47296616435050964,0.29798540472984314,0.574659526348114,0.15345080196857452,0.10155771672725677,0.08488662540912628,0.07872762531042099,0.08119777590036392,0.00870201364159584,correct
576,0.00010422181422509582,1.4979788064956665,1.4979788064956665,0.8682803511619568,0.8682803511619568,0.8682803511619568,False,3631,0.040148782999999355,90438.60681904251,,0.5159825682640076,0.30370134115219116,0.5903331637382507,0.14745913445949554,0.09522124379873276,0.07918527722358704,0.07213115692138672,0.06785394251346588,0.00750315934419632,correct
577,0.00010387782156894869,1.54995858669281,1.54995858669281,0.9762256145477295,0.9762256145477295,0.9762256145477295,False,3848,0.039767186999995374,96763.19323266309,,0.6194635033607483,0.3127318024635315,0.6494237780570984,0.1555825024843216,0.09811782836914062,0.08014124631881714,0.07070571184158325,0.06648767739534378,0.00730857765302062,correct
578,0.00010354838440848502,1.5339785814285278,1.5339785814285278,0.8039234280586243,0.8039234280586243,0.8039234280586243,False,3675,0.03969961600000005,92570.16491041111,,0.41793403029441833,0.3048557639122009,0.5752338171005249,0.1487652212381363,0.09685777127742767,0.07840321213006973,0.07172651588916779,0.07028631865978241,0.006966579705476761,correct
579,0.00010323351349215295,1.5356147289276123,1.5356147289276123,0.8711737990379333,0.8711737990379333,0.8711737990379333,False,3525,0.03904621499999905,90277.63638550077,,0.4815424978733063,0.33009862899780273,0.608436107635498,0.14997150003910065,0.09514964371919632,0.08018212020397186,0.07309800386428833,0.06739912182092667,0.006400101352483034,correct
580,0.0001029332190931524,1.5679503679275513,1.5679503679275513,0.9035131335258484,0.9035131335258484,0.9035131335258484,False,3710,0.03925968800000135,94498.96799994622,,0.5109537243843079,0.33027905225753784,0.6258552670478821,0.15650324523448944,0.10316550731658936,0.08623392134904861,0.07694157212972641,0.07686316221952438,0.009084589779376984,correct
581,0.00010264751100909945,1.535522222518921,1.535522222518921,0.8446273803710938,0.8446273803710938,0.8446273803710938,False,3679,0.03953617299999479,93054.02422233646,,0.48417678475379944,0.31079885363578796,0.5799446702003479,0.1449669897556305,0.09618139266967773,0.07892050594091415,0.07216427475214005,0.06556142121553421,0.005976578686386347,correct
582,0.00010237639856170672,1.502484679222107,1.502484679222107,0.9206411838531494,0.9206411838531494,0.9206411838531494,False,3577,0.040012631000003296,89396.77073471388,,0.5976700186729431,0.3204142451286316,0.5838350057601929,0.1436493694782257,0.0953591912984848,0.07903295755386353,0.07293788343667984,0.07409141212701797,0.007611140608787537,correct
583,0.00010211989059647951,1.4997539520263672,1.4997539520263672,0.9431890249252319,0.9431890249252319,0.9431890249252319,False,3775,0.03926763799999833,96135.14314255827,,0.5713550448417664,0.326164186000824,0.6354576945304871,0.1552172154188156,0.10100338608026505,0.08436723798513412,0.07483577728271484,0.07668542861938477,0.008747146464884281,correct
584,0.0001018779954824269,1.516235113143921,1.516235113143921,0.8839711546897888,0.8839711546897888,0.8839711546897888,False,3628,0.039327329999998994,92251.36819611433,,0.4965782165527344,0.32931002974510193,0.6117246150970459,0.15141963958740234,0.10095559805631638,0.08442411571741104,0.07847198098897934,0.07538501173257828,0.008646836504340172,correct
585,0.00010165072111178891,1.5674290657043457,1.5674290657043457,0.9137570261955261,0.9137570261955261,0.9137570261955261,False,3459,0.040353095999996924,85718.33001364415,,0.5038798451423645,0.341440349817276,0.6346263885498047,0.16515937447547913,0.1099742129445076,0.09112212806940079,0.08532390743494034,0.08182194083929062,0.008643782697618008,correct
586,0.00010143807489977882,1.5433685779571533,1.5433685779571533,0.8607754111289978,0.8607754111289978,0.8607754111289978,False,3403,0.03928790900000223,86616.97928489416,,0.4748347997665405,0.3216255009174347,0.5974550247192383,0.15456247329711914,0.10526754707098007,0.08648896217346191,0.08057117462158203,0.07784634083509445,0.00823731068521738,correct
587,0.00010124006378434135,1.5370054244995117,1.5370054244995117,0.8791093826293945,0.8791093826293945,0.8791093826293945,False,3702,0.039579334000002575,93533.66077356832,,0.4977880120277405,0.31887778639793396,0.608008086681366,0.15240676701068878,0.10290670394897461,0.08582591265439987,0.07794585824012756,0.07983515411615372,0.007117878645658493,correct
588,0.00010105669422592633,1.5040830373764038,1.5040830373764038,0.8653185963630676,0.8653185963630676,0.8653185963630676,False,3597,0.03983883800000143,90288.7780010017,,0.4896167516708374,0.3155592381954193,0.5936263203620911,0.15969286859035492,0.10226224362850189,0.08778247237205505,0.08074955642223358,0.0826052874326706,0.008522959426045418,correct
589,0.0001008879722072778,1.5743454694747925,1.5743454694747925,0.8266257047653198,0.8266257047653198,0.8266257047653198,False,3799,0.039443292000001406,96315.49009651285,,0.45388397574424744,0.3311554789543152,0.5631964802742004,0.15043732523918152,0.09920772165060043,0.08227607607841492,0.07388541847467422,0.07543647289276123,0.007251488044857979,correct
590,0.00010073390323323896,1.5082980394363403,1.5082980394363403,0.899746298789978,0.899746298789978,0.899746298789978,False,3749,0.04023673500000058,93173.5639087005,,0.5213735699653625,0.31804201006889343,0.6153815984725952,0.16217471659183502,0.1072230413556099,0.08921268582344055,0.07882890850305557,0.07630352675914764,0.008669106289744377,correct
591,0.00010059449233057235,1.5524805784225464,1.5524805784225464,0.9831047654151917,0.9831047654151917,0.9831047654151917,False,3678,0.03890946199999945,94527.13584166371,,0.6312328577041626,0.3349936902523041,0.6295091509819031,0.16451668739318848,0.10700089484453201,0.08805137127637863,0.08223200589418411,0.08025095611810684,0.008192860521376133,correct
592,0.0001004697440477961,1.5753403902053833,1.5753403902053833,0.9353846907615662,0.9353846907615662,0.9353846907615662,False,3414,0.038803821000001903,87981.0264045861,,0.497293084859848,0.3557283580303192,0.6576398015022278,0.17500144243240356,0.11742083728313446,0.09606824815273285,0.08682098984718323,0.08589386194944382,0.00730997696518898,correct
593,0.00010035966245503533,1.5394196510314941,1.5394196510314941,0.8772410154342651,0.8772410154342651,0.8772410154342651,False,3645,0.038469775000002926,94749.70934973555,,0.4963452219963074,0.3191557824611664,0.6045660376548767,0.15488667786121368,0.10312361270189285,0.08657678961753845,0.0831698402762413,0.08198012411594391,0.008643991313874722,correct
594,0.00010026425114388942,1.506446361541748,1.506446361541748,0.8317686319351196,0.8317686319351196,0.8317686319351196,False,3728,0.038101158999999996,97844.79259541686,,0.4666539132595062,0.316994845867157,0.5698138475418091,0.14572694897651672,0.09754419326782227,0.08202949166297913,0.07606417685747147,0.07458116114139557,0.008455142378807068,correct
595,0.00010018351322731485,1.5362730026245117,1.5362730026245117,0.9197250604629517,0.9197250604629517,0.9197250604629517,False,3617,0.03804168799999985,95079.90286866382,,0.5417228937149048,0.33195045590400696,0.6241424083709717,0.15829169750213623,0.09930281341075897,0.0825825110077858,0.07529854774475098,0.07240663468837738,0.005993235856294632,correct
596,0.00010011745133952362,1.5406813621520996,1.5406813621520996,0.9234456419944763,0.9234456419944763,0.9234456419944763,False,3717,0.03883335100000096,95716.69465248848,,0.5396296381950378,0.3201114535331726,0.6338611841201782,0.161968395113945,0.10460367053747177,0.08632563054561615,0.07897806167602539,0.07976697385311127,0.008500457741320133,correct
597,0.00010006606763589737,1.5215548276901245,1.5215548276901245,0.8807472586631775,0.8807472586631775,0.8807472586631775,False,3715,0.03960311400000194,93805.75476968347,,0.4899279773235321,0.32071608304977417,0.6122493743896484,0.15998674929141998,0.1062479093670845,0.08855748176574707,0.0805109366774559,0.08181843906641006,0.00866808369755745,correct
598,0.00010002936379291684,1.5141308307647705,1.5141308307647705,0.8356634378433228,0.8356634378433228,0.8356634378433228,False,3846,0.04001228000000623,96120.49100924519,,0.4614950120449066,0.30130648612976074,0.5838953256607056,0.15447205305099487,0.09998194873332977,0.08531704545021057,0.08159032464027405,0.07597470283508301,0.008380944840610027,correct
599,0.00010000734100810745,1.517819881439209,1.517819881439209,0.8430710434913635,0.8430710434913635,0.8430710434913635,False,3700,0.03979988700000092,92965.08806670517,,0.4428260326385498,0.3216228485107422,0.5990877151489258,0.15180310606956482,0.10251469165086746,0.08404672145843506,0.07795953750610352,0.074668288230896,0.007497008889913559,correct
600,0.0001,1.5242435932159424,1.5242435932159424,0.8640584945678711,0.8640584945678711,0.8640584945678711,False,3883,0.03995638899999676,97180.95396459161,,0.4914286732673645,0.30853909254074097,0.5977681875228882,0.1534673124551773,0.10240700095891953,0.08420656621456146,0.07538972795009613,0.07548410445451736,0.007757740560919046,correct
