step,lr,loss,true_loss,grad_norm,grad_norm_manual,grad_norm_post_clip,clipped,valid_tokens,dt_s,tok_per_s,probe_loss,gn_wte/lm_head,gn_wpe,gn_h.0,gn_h.1,gn_h.2,gn_h.3,gn_h.4,gn_h.5,gn_ln_f,counts,cos_vs_correct,rel_err_vs_correct,run
1,2e-05,4.261792182922363,4.273699760437012,13.293142318725586,13.293142318725586,0.9999999403953552,True,3495,0.08337475700000141,41919.162654950116,,2.4035983085632324,1.0759676694869995,7.5915069580078125,6.168811798095703,5.2117600440979,4.521218299865723,3.891371011734009,3.3673617839813232,0.041123077273368835,"[286, 1799, 502, 908]",0.9847914461614911,0.17914946480922442,broken
2,4e-05,3.9341440200805664,3.921818494796753,9.146483421325684,9.146483421325684,0.9999998807907104,True,3693,0.039804935999995905,92777.4384563859,,2.2336044311523438,0.6732041239738464,4.780757904052734,3.949357748031616,3.477964162826538,3.2892980575561523,2.9734346866607666,2.82920241355896,0.038502037525177,"[294, 931, 1988, 480]",,,broken
3,6e-05,3.6400036811828613,3.6189982891082764,5.05988883972168,5.05988883972168,0.9999997615814209,True,3714,0.04041393700000384,91898.9901924093,,1.6317434310913086,0.3620148301124573,2.437373638153076,2.040081024169922,1.84722900390625,1.8315271139144897,1.731886625289917,1.7143259048461914,0.03195576369762421,"[1919, 494, 1011, 290]",,,broken
4,8e-05,3.4800169467926025,3.4471471309661865,3.6365764141082764,3.6365764141082764,0.9999996423721313,True,3631,0.03895316199999854,93214.51234177436,,1.3719165325164795,0.2789813280105591,1.7014192342758179,1.4505606889724731,1.3162150382995605,1.2901839017868042,1.2261631488800049,1.1681067943572998,0.028322750702500343,"[318, 869, 461, 1983]",,,broken
5,0.0001,3.355616331100464,3.3166823387145996,3.0368599891662598,3.0368599891662598,0.9999996423721313,True,3632,0.038886752000003355,93399.41787886235,,1.0947049856185913,0.32335206866264343,1.5969260931015015,1.2983773946762085,1.0928022861480713,0.9740392565727234,0.9089807868003845,0.8447733521461487,0.027728676795959473,"[877, 2048, 228, 479]",,,broken
6,0.00012,3.283482551574707,3.229320526123047,3.513174295425415,3.513174295425415,0.9999997615814209,True,3639,0.03893147200000158,93471.9344801515,,1.3761796951293945,0.30105429887771606,1.5817656517028809,1.4602859020233154,1.3198976516723633,1.205877423286438,1.1672710180282593,1.0786488056182861,0.03461182489991188,"[934, 256, 502, 1947]",,,broken
7,0.00014000000000000001,3.1672372817993164,3.138120174407959,4.476290702819824,4.476290702819824,0.9999997615814209,True,3693,0.03835499200000214,96284.72872578865,,1.374723196029663,0.5738967061042786,2.4750397205352783,2.0786871910095215,1.6451971530914307,1.3393359184265137,1.255651831626892,1.1371088027954102,0.03200048580765724,"[1962, 530, 981, 220]",,,broken
8,0.00016,3.1064462661743164,3.095256805419922,4.570226669311523,4.570226669311523,0.9999998211860657,True,3658,0.03967397500000658,92201.49984969727,,1.4711333513259888,0.4566532075405121,2.4281556606292725,2.1852190494537354,1.7303694486618042,1.384065866470337,1.2802571058273315,1.136959433555603,0.03911137953400612,"[952, 185, 1935, 586]",,,broken
9,0.00018,2.9735004901885986,2.9825050830841064,2.8212265968322754,2.8212265968322754,0.9999995827674866,True,3822,0.03942871999999653,96934.41734858084,,1.158495306968689,0.2849036753177643,1.5050708055496216,1.2017183303833008,0.9824001789093018,0.8237344026565552,0.7868266105651855,0.7501944303512573,0.0336969718337059,"[1051, 2048, 216, 507]",,,broken
10,0.0002,2.921598434448242,2.9094018936157227,3.114245653152466,3.114245653152466,0.9999996423721313,True,3745,0.08096681600000011,46253.516996395105,,1.055499792098999,0.48862224817276,1.9452365636825562,1.4424848556518555,1.0117982625961304,0.7775607705116272,0.6813839077949524,0.6225480437278748,0.028295092284679413,"[1985, 544, 983, 233]",0.90723632102031,0.4861798699669046,broken
11,0.00021999999999999998,2.932190418243408,2.948756456375122,4.278002738952637,4.278002738952637,0.9999997615814209,True,3545,0.03999489000000267,88636.32329029441,,1.1299000978469849,0.7271496653556824,2.8977608680725098,2.0569143295288086,1.3479206562042236,0.9739553928375244,0.7926598191261292,0.6882296800613403,0.02283034287393093,"[498, 1872, 973, 202]",,,broken
12,0.00024,2.8536157608032227,2.842557668685913,2.8239927291870117,2.8239927291870117,0.9999997019767761,True,3422,0.03997724899999611,85598.68639286143,,1.2222141027450562,0.4023636281490326,1.7323836088180542,1.1055665016174316,0.8165929913520813,0.7013978958129883,0.6910386681556702,0.6772791743278503,0.027848025783896446,"[198, 454, 1851, 919]",,,broken
13,0.00026000000000000003,2.7758374214172363,2.777252674102783,3.218250036239624,3.218250036239624,0.9999997019767761,True,3814,0.038776259999998786,98359.1506762158,,1.2831110954284668,0.5409296154975891,2.170224189758301,1.3001264333724976,0.8785276412963867,0.7045366168022156,0.6331983208656311,0.5900588035583496,0.025701923295855522,"[1016, 503, 247, 2048]",,,broken
14,0.00028000000000000003,2.697978973388672,2.7298426628112793,2.0119097232818604,2.0119097232818604,0.999999463558197,True,3622,0.03826896099999999,94645.89331286002,,0.8973804116249084,0.33577969670295715,1.3076763153076172,0.7825304865837097,0.5498060584068298,0.4452364146709442,0.40476757287979126,0.3772406578063965,0.026460841298103333,"[1905, 941, 499, 277]",,,broken
15,0.0003,2.7139103412628174,2.7430601119995117,5.6555399894714355,5.6555399894714355,0.9999998211860657,True,3615,0.04042616699999968,89422.27938651787,,1.3368523120880127,1.5246778726577759,4.470340728759766,2.1490285396575928,1.3468923568725586,0.8895066380500793,0.6417060494422913,0.5031477808952332,0.02754967287182808,"[983, 246, 512, 1874]",,,broken
16,0.00032,2.632441997528076,2.6926076412200928,2.026270866394043,2.026270866394043,0.9999995231628418,True,3619,0.041253030999996554,87726.88726799983,,0.9583455920219421,0.43181729316711426,1.3280420303344727,0.7310133576393127,0.5166605114936829,0.41450363397598267,0.37639757990837097,0.3484904170036316,0.03054616041481495,"[535, 1895, 999, 190]",,,broken
17,0.00034,2.645350933074951,2.652316093444824,1.7705042362213135,1.7705042362213135,0.9999995231628418,True,3660,0.040488468000006606,90396.10982562746,,0.9013503789901733,0.3733035624027252,1.1315181255340576,0.6027799844741821,0.43528956174850464,0.3622589707374573,0.3409738838672638,0.3186050057411194,0.02718972973525524,"[247, 460, 1003, 1950]",,,broken
18,0.00036,2.5778586864471436,2.6243107318878174,1.337874412536621,1.337874412536621,0.9999992847442627,True,3349,0.04069396199999886,82297.22139122491,,0.6877820491790771,0.34970754384994507,0.8718833923339844,0.42174339294433594,0.2955223619937897,0.25108274817466736,0.23450635373592377,0.22479525208473206,0.02485826425254345,"[915, 212, 1764, 458]",,,broken
19,0.00037999999999999997,2.575228691101074,2.609457015991211,1.8673901557922363,1.8673901557922363,0.999999463558197,True,3604,0.04061470999999983,88736.32238171871,,0.9377408623695374,0.5137159824371338,1.2431449890136719,0.5767053365707397,0.4038870334625244,0.3337360918521881,0.31650426983833313,0.3012267053127289,0.021643085405230522,"[499, 265, 1884, 956]",,,broken
20,0.0004,2.634850025177002,2.668231725692749,1.8918195962905884,1.8918195962905884,0.9999994039535522,True,3521,0.08204239399999835,42916.83638583329,,0.8396342992782593,0.5229325890541077,1.3584233522415161,0.5949704647064209,0.3918641209602356,0.31447887420654297,0.28144973516464233,0.2631893455982208,0.01719488762319088,"[959, 1829, 518, 215]",0.8022191445864126,0.6211306328733405,broken
21,0.00042,2.5871949195861816,2.634901285171509,1.881255030632019,1.881255030632019,0.999999463558197,True,3514,0.039917258999999206,88032.09659260597,,0.9643697738647461,0.5259855389595032,1.2909941673278809,0.5412196516990662,0.366715669631958,0.299572229385376,0.2780012786388397,0.26644328236579895,0.019109321758151054,"[943, 1930, 455, 186]",,,broken
22,0.00043999999999999996,2.5432212352752686,2.5836353302001953,1.7015739679336548,1.7015739679336548,0.9999994039535522,True,3588,0.03823911100000288,93830.63324876277,,0.8569657206535339,0.42950212955474854,1.1717005968093872,0.5204236507415771,0.35406333208084106,0.27977240085601807,0.25983691215515137,0.2474435269832611,0.019789457321166992,"[237, 949, 503, 1899]",,,broken
23,0.00046,2.5669095516204834,2.6173954010009766,1.793035864830017,1.793035864830017,0.999999463558197,True,3472,0.03971014599999734,87433.57428099692,,0.9039100408554077,0.6014935374259949,1.2355175018310547,0.4774348735809326,0.3163292706012726,0.2566549777984619,0.24248218536376953,0.2379322350025177,0.018352627754211426,"[850, 261, 1844, 517]",,,broken
24,0.00048,2.579366683959961,2.6131186485290527,2.075910806655884,2.075910806655884,0.9999995231628418,True,3495,0.040233814999993456,86867.22847437083,,1.2070344686508179,0.5258554816246033,1.3281153440475464,0.5707859396934509,0.39941564202308655,0.33450475335121155,0.3271849751472473,0.3271636962890625,0.027385056018829346,"[518, 1883, 880, 214]",,,broken
25,0.0005,2.47939133644104,2.53395676612854,1.7705484628677368,1.7705484628677368,0.999999463558197,True,3714,0.040393948000001956,91944.46653245729,,0.8485099077224731,0.5464216470718384,1.221280574798584,0.5472282767295837,0.36374303698539734,0.28266191482543945,0.24592392146587372,0.22820515930652618,0.02341626212000847,"[997, 533, 216, 1968]",,,broken
26,0.0005200000000000001,2.49735951423645,2.5555403232574463,1.8270028829574585,1.8270028829574585,0.999999463558197,True,3658,0.039788667000003386,91935.72632125848,,1.0342241525650024,0.45170292258262634,1.1966102123260498,0.5230335593223572,0.3571133315563202,0.29185178875923157,0.27170756459236145,0.26818346977233887,0.019741719588637352,"[259, 1033, 1879, 487]",,,broken
27,0.00054,2.4634170532226562,2.525895833969116,2.0422751903533936,2.0422751903533936,0.999999463558197,True,3555,0.04012376200000034,88600.86449520785,,1.0951564311981201,0.5186867117881775,1.430797815322876,0.5443507432937622,0.36493736505508423,0.29175347089767456,0.2668415307998657,0.26278266310691833,0.020619766786694527,"[967, 489, 1859, 240]",,,broken
28,0.0005600000000000001,2.440983295440674,2.4917068481445312,1.4476478099822998,1.4476478099822998,0.9999992251396179,True,3855,0.039532112999999924,97515.65771351528,,0.7808146476745605,0.5468577742576599,0.9357377886772156,0.377867192029953,0.24918805062770844,0.20625580847263336,0.18274138867855072,0.17391473054885864,0.017126213759183884,"[1136, 1973, 255, 491]",,,broken
29,0.00058,2.4668312072753906,2.48530912399292,1.4293732643127441,1.4293732643127441,0.9999992847442627,True,3857,0.04009390300000604,96199.1652446363,,0.868513286113739,0.41626879572868347,0.8680211305618286,0.38564419746398926,0.27378302812576294,0.2269788384437561,0.20813176035881042,0.2079932540655136,0.016553306952118874,"[1063, 1942, 578, 274]",,,broken
30,0.0006,2.4059300422668457,2.447075605392456,1.2627471685409546,1.2627471685409546,0.9999992251396179,True,3597,0.0816841699999955,44035.459991822136,,0.7825467586517334,0.3445100486278534,0.7666602730751038,0.33537134528160095,0.23691020905971527,0.1972028762102127,0.18540026247501373,0.18312405049800873,0.017284149304032326,"[262, 1861, 957, 517]",0.9072444814459263,0.480491659700547,broken
31,0.00062,2.376039981842041,2.4611525535583496,1.6481236219406128,1.6481236219406128,0.9999994039535522,True,3726,0.03912570699999662,95231.50597637307,,0.9379552602767944,0.48885631561279297,1.0651977062225342,0.44894883036613464,0.3091190755367279,0.2506444454193115,0.2308080792427063,0.22220201790332794,0.018605584278702736,"[505, 996, 2013, 212]",,,broken
32,0.00064,2.34627628326416,2.4481141567230225,1.3865821361541748,1.3865821361541748,0.9999992847442627,True,3628,0.03976766699999956,91229.89286749056,,0.8639273643493652,0.390473872423172,0.8242771029472351,0.37238648533821106,0.2730964422225952,0.22360211610794067,0.20378422737121582,0.19793134927749634,0.019516661763191223,"[247, 528, 865, 1988]",,,broken
33,0.00066,2.4139139652252197,2.4811060428619385,1.4239779710769653,1.4239779710769653,0.9999992847442627,True,3465,0.04094547700000106,84624.73156680798,,0.8731003403663635,0.4227752387523651,0.8843802809715271,0.3568693697452545,0.2519124746322632,0.2077803611755371,0.1893833577632904,0.1856043040752411,0.015443699434399605,"[849, 209, 532, 1875]",,,broken
34,0.00068,2.4515600204467773,2.501603126525879,1.6295146942138672,1.6295146942138672,0.999999463558197,True,3592,0.04117923100000098,87228.4380444092,,1.0031685829162598,0.5601270794868469,0.9846713542938232,0.3832004964351654,0.2748080790042877,0.2271195948123932,0.2141919881105423,0.21338868141174316,0.017108460888266563,"[1006, 225, 474, 1887]",,,broken
35,0.0007000000000000001,2.426253080368042,2.4548561573028564,1.2415696382522583,1.2415696382522583,0.9999991655349731,True,3441,0.03963905500000209,86808.3257787003,,0.7985907196998596,0.4329778254032135,0.7006708979606628,0.294039249420166,0.21463538706302643,0.1841730773448944,0.1716533601284027,0.17085865139961243,0.01528886891901493,"[1757, 239, 497, 948]",,,broken
36,0.00072,2.3579258918762207,2.439563274383545,1.289333701133728,1.289333701133728,0.9999992251396179,True,3498,0.040216413999999645,86979.4109439999,,0.831048846244812,0.39695173501968384,0.7719220519065857,0.2949022352695465,0.21214380860328674,0.17689727246761322,0.16778269410133362,0.16320481896400452,0.01590343751013279,"[1899, 209, 910, 480]",,,broken
37,0.00074,2.4355809688568115,2.4886996746063232,1.7599018812179565,1.7599018812179565,0.9999993443489075,True,3617,0.040945657000001745,88336.59696802143,,1.2521297931671143,0.5338808298110962,0.9066168665885925,0.3818463087081909,0.2953445017337799,0.25308123230934143,0.24784749746322632,0.2516201138496399,0.024826662614941597,"[1044, 214, 454, 1905]",,,broken
38,0.0007599999999999999,2.3846020698547363,2.462571620941162,1.4337437152862549,1.4337437152862549,0.9999992847442627,True,3531,0.04088122399999605,86372.16928730757,,0.8585832118988037,0.4858124256134033,0.8959618210792542,0.34565332531929016,0.24103499948978424,0.19823503494262695,0.18076615035533905,0.17303255200386047,0.014372728765010834,"[492, 168, 880, 1991]",,,broken
39,0.00078,2.4140465259552,2.480329990386963,1.6149373054504395,1.6149373054504395,0.9999994039535522,True,3764,0.04035008600000367,93283.56821840869,,0.9731720089912415,0.6655573844909668,0.9653499722480774,0.35386303067207336,0.24225790798664093,0.19550663232803345,0.1811632364988327,0.17577819526195526,0.015582949854433537,"[1087, 1932, 490, 255]",,,broken
40,0.0008,2.4504666328430176,2.506319046020508,1.9482845067977905,1.9482845067977905,0.9999995231628418,True,3630,0.0829339200000021,43769.786837519656,,1.255459189414978,0.64727383852005,1.1969810724258423,0.38388189673423767,0.27253299951553345,0.2244865596294403,0.2165723294019699,0.22047409415245056,0.019008927047252655,"[1992, 940, 472, 226]",0.8987442900900057,0.46406235523779205,broken
41,0.00082,2.380018711090088,2.461359977722168,1.4628905057907104,1.4628905057907104,0.9999993443489075,True,3633,0.039896188999996696,91061.32919112402,,0.9162736535072327,0.44280168414115906,0.9134020209312439,0.34063291549682617,0.23824062943458557,0.19261451065540314,0.176599383354187,0.16967426240444183,0.015756752341985703,"[987, 1887, 531, 228]",,,broken
42,0.00084,2.3521080017089844,2.4460673332214355,1.636968731880188,1.636968731880188,0.9999994039535522,True,3514,0.039586263000003896,88768.16687646556,,1.066471815109253,0.5735378265380859,0.9533329010009766,0.35603994131088257,0.2515025734901428,0.20876000821590424,0.19133976101875305,0.18438515067100525,0.01754998229444027,"[939, 1851, 264, 460]",,,broken
43,0.0008600000000000001,2.3133926391601562,2.427037239074707,1.410230040550232,1.410230040550232,0.9999992847442627,True,3614,0.03899714300000312,92673.45559134193,,0.8843972086906433,0.4527234435081482,0.8651335835456848,0.33860892057418823,0.2290007323026657,0.18562841415405273,0.16326196491718292,0.1572771668434143,0.015161375515162945,"[233, 1064, 458, 1859]",,,broken
44,0.0008799999999999999,2.362248182296753,2.428239583969116,1.170759916305542,1.170759916305542,0.9999991655349731,True,3657,0.039602313999999694,92343.08884071845,,0.7966914176940918,0.35635820031166077,0.6692219376564026,0.25927382707595825,0.1827358603477478,0.1507527232170105,0.1391591876745224,0.13493114709854126,0.014098678715527058,"[981, 1962, 260, 454]",,,broken
45,0.0009,2.3583927154541016,2.434217691421509,1.1938400268554688,1.1938400268554688,0.9999991059303284,True,3725,0.03961152400000145,94038.29047324369,,0.8296416401863098,0.3344886898994446,0.6612075567245483,0.27406591176986694,0.19730210304260254,0.16516819596290588,0.15263564884662628,0.15157906711101532,0.016609756276011467,"[974, 2048, 267, 436]",,,broken
46,0.00092,2.407982587814331,2.470860004425049,1.3515148162841797,1.3515148162841797,0.9999993443489075,True,3436,0.0395887329999951,86792.37095060418,,0.9814199209213257,0.3552418351173401,0.724590003490448,0.28480032086372375,0.2088511884212494,0.17709483206272125,0.16923759877681732,0.16464708745479584,0.01836581341922283,"[956, 464, 1800, 216]",,,broken
47,0.00094,2.333510398864746,2.4537079334259033,1.4709877967834473,1.4709877967834473,0.9999992847442627,True,3558,0.038675918000002696,91995.2307272901,,0.9026306867599487,0.5911808013916016,0.8915038704872131,0.30774393677711487,0.20273585617542267,0.16462425887584686,0.1458665281534195,0.1426243633031845,0.0161448922008276,"[227, 463, 1064, 1804]",,,broken
48,0.00096,2.283820152282715,2.38177490234375,1.4809716939926147,1.4809716939926147,0.9999993443489075,True,3675,0.039866447999997945,92182.7798654194,,0.9400326013565063,0.4936606287956238,0.9315068125724792,0.29302719235420227,0.19983287155628204,0.16271837055683136,0.15200096368789673,0.15008792281150818,0.017436427995562553,"[890, 260, 1988, 537]",,,broken
49,0.00098,2.3274660110473633,2.3909926414489746,1.5304126739501953,1.5304126739501953,0.999999463558197,True,3748,0.039694545000003245,94421.03442676301,,1.1430269479751587,0.40472742915153503,0.7905449271202087,0.30383020639419556,0.22607584297657013,0.18933212757110596,0.18262411653995514,0.18390360474586487,0.021098675206303596,"[918, 276, 508, 2046]",,,broken
50,0.001,2.320467233657837,2.374667167663574,1.1838587522506714,1.1838587522506714,0.9999991655349731,True,3833,0.08224925800000449,46602.24411993833,,0.7175659537315369,0.41436269879341125,0.7518226504325867,0.26857900619506836,0.17688630521297455,0.13806258141994476,0.11980018764734268,0.11255354434251785,0.013486549258232117,"[234, 1974, 1068, 557]",0.8441515267285064,0.7085372933128725,broken
51,0.0009999926589918926,2.350762367248535,2.422217845916748,1.0034418106079102,1.0034418106079102,0.9999991059303284,True,3573,0.0395792429999986,90274.59165907055,,0.7177677750587463,0.3012019991874695,0.5426656007766724,0.20465508103370667,0.14825263619422913,0.12454967945814133,0.11615297198295593,0.11586842685937881,0.014288404025137424,"[279, 528, 1822, 944]",,,broken
52,0.000999970636207083,2.2905025482177734,2.3666703701019287,1.3821280002593994,1.3821280002593994,0.9999993443489075,True,3732,0.040852435000005016,91353.18372086124,,0.9771687984466553,0.40153953433036804,0.7899930477142334,0.2627205550670624,0.18709123134613037,0.15645699203014374,0.14396317303180695,0.1433432251214981,0.017875244840979576,"[1033, 538, 263, 1898]",,,broken
53,0.0009999339323641027,2.323000431060791,2.4191999435424805,1.5635735988616943,1.5635735988616943,0.9999994039535522,True,3544,0.039690403999998125,89291.1042175375,,1.0502787828445435,0.5381090641021729,0.9105836153030396,0.3090207874774933,0.21483395993709564,0.17238229513168335,0.16060183942317963,0.15951266884803772,0.018782196566462517,"[1948, 884, 241, 471]",,,broken
54,0.0009998825486604763,2.3873450756073,2.474846363067627,1.447013258934021,1.447013258934021,0.9999992847442627,True,3585,0.03984228699999903,89979.77450441253,,0.9223989248275757,0.5557286143302917,0.8656314015388489,0.28943920135498047,0.1973724067211151,0.15608662366867065,0.14082446694374084,0.13318553566932678,0.014546390622854233,"[226, 1958, 925, 476]",,,broken
55,0.000999816486772685,2.3934457302093506,2.4905154705047607,1.6023672819137573,1.6023672819137573,0.9999993443489075,True,3819,0.0406691109999997,93904.19180788161,,1.1639114618301392,0.4737715721130371,0.864680826663971,0.3145041763782501,0.21990033984184265,0.17897213995456696,0.17255337536334991,0.17657619714736938,0.02246331423521042,"[255, 1920, 601, 1043]",,,broken
56,0.0009997357488561104,2.2964797019958496,2.378499984741211,1.2922523021697998,1.2922523021697998,0.9999992251396179,True,3552,0.04004987100000079,88689.42424308757,,0.9416974782943726,0.3264481723308563,0.7187143564224243,0.2549004554748535,0.18010807037353516,0.15092003345489502,0.14064812660217285,0.14044854044914246,0.017475560307502747,"[974, 451, 1864, 263]",,,broken
57,0.0009996403375449646,2.3345377445220947,2.438202142715454,1.3279907703399658,1.3279907703399658,0.9999993443489075,True,3471,0.03929493800000472,88331.98820671464,,0.9091266989707947,0.4380764365196228,0.777582049369812,0.24096065759658813,0.17091891169548035,0.1406458020210266,0.12981845438480377,0.127727210521698,0.01672210358083248,"[984, 198, 1840, 449]",,,broken
58,0.0009995302559522039,2.380338191986084,2.428478479385376,1.4063971042633057,1.4063971042633057,0.9999994039535522,True,3803,0.04006960099999901,94909.85448045998,,0.9961243271827698,0.44784846901893616,0.787018895149231,0.2636972665786743,0.1820550262928009,0.1508207768201828,0.14129474759101868,0.14167267084121704,0.01611795648932457,"[1893, 543, 300, 1067]",,,broken
59,0.0009994055076694276,2.3414900302886963,2.4275991916656494,1.2130070924758911,1.2130070924758911,0.9999991655349731,True,3763,0.03995408000000111,94183.1222243109,,0.8949950337409973,0.31967025995254517,0.6581940054893494,0.22926029562950134,0.16944241523742676,0.1405886858701706,0.12904353439807892,0.130489319562912,0.015672041103243828,"[2035, 262, 967, 499]",,,broken
60,0.000999266096766761,2.288308620452881,2.369802236557007,1.1616191864013672,1.1616191864013672,0.9999990463256836,True,3602,0.08068699100000032,44641.64489663502,,0.8709962964057922,0.3387129604816437,0.6010712385177612,0.20415519177913666,0.14879408478736877,0.12952423095703125,0.1261153668165207,0.13387686014175415,0.016959412023425102,"[489, 257, 1915, 941]",0.8993714602153979,0.5105053233423941,broken
61,0.0009991120277927223,2.2167773246765137,2.339031219482422,1.3001465797424316,1.3001465797424316,0.9999992251396179,True,3616,0.03988638799999933,90657.49448157755,,0.9484686851501465,0.3696540296077728,0.7115545272827148,0.2435484081506729,0.1742188036441803,0.14539647102355957,0.13419294357299805,0.13655775785446167,0.01924736052751541,"[960, 1902, 214, 540]",,,broken
62,0.0009989433057740738,2.3464462757110596,2.4213409423828125,1.1245410442352295,1.1245410442352295,0.9999992847442627,True,3633,0.03997650999999536,90878.36832180753,,0.806746780872345,0.34750548005104065,0.6141421794891357,0.22274863719940186,0.1559472531080246,0.12722836434841156,0.114176906645298,0.11168576031923294,0.013713406398892403,"[911, 1977, 270, 475]",,,broken
63,0.0009987599362156587,2.268702983856201,2.3498830795288086,1.1103914976119995,1.1103914976119995,0.9999991059303284,True,3645,0.03979337599999866,91598.15945247075,,0.8011898398399353,0.31408530473709106,0.6151387691497803,0.211991548538208,0.15472574532032013,0.13070757687091827,0.1176702007651329,0.11799746751785278,0.016861697658896446,"[285, 914, 1911, 535]",,,broken
64,0.000998561925100221,2.237884998321533,2.3902766704559326,1.1794230937957764,1.1794230937957764,0.9999991059303284,True,3676,0.04010967199999982,91648.71754623216,,0.8108195066452026,0.4244643747806549,0.6648151874542236,0.21592168509960175,0.15335071086883545,0.12435790151357651,0.11323000490665436,0.11301544308662415,0.016254303976893425,"[1970, 215, 979, 512]",,,broken
65,0.000998349278888211,2.230985641479492,2.3576560020446777,1.0193331241607666,1.0193331241607666,0.9999991059303284,True,3692,0.04036753599999798,91459.63231444656,,0.7731630802154541,0.26691269874572754,0.5299015641212463,0.18781045079231262,0.13446936011314392,0.1136479601264,0.10551490634679794,0.10768917948007584,0.014829586260020733,"[470, 251, 1872, 1099]",,,broken
66,0.000998122004517573,2.2702066898345947,2.3923652172088623,0.983613133430481,0.983613133430481,0.983613133430481,False,3693,0.0400374099999965,92238.73372429243,,0.6613099575042725,0.33306869864463806,0.5836066007614136,0.18108047544956207,0.1259097158908844,0.1046367883682251,0.09569986164569855,0.09851004183292389,0.013324777595698833,"[266, 2012, 931, 484]",,,broken
67,0.0009978801094035206,2.1890339851379395,2.3905763626098633,1.1743254661560059,1.1743254661560059,0.9999992251396179,True,3476,0.03925188699999893,88556.2520854117,,0.8422752022743225,0.37379148602485657,0.6527390480041504,0.20480480790138245,0.1443106085062027,0.11962613463401794,0.11201942712068558,0.11792381852865219,0.01700652949512005,"[1947, 487, 173, 869]",,,broken
68,0.0009976236014382933,2.1732301712036133,2.346013307571411,1.1193071603775024,1.1193071603775024,0.9999991059303284,True,3361,0.040919506000001604,82136.86646167889,,0.7356695532798767,0.38728663325309753,0.6830070614814758,0.21255972981452942,0.13929817080497742,0.10973560810089111,0.09708621352910995,0.09452450275421143,0.012691729702055454,"[1819, 217, 509, 816]",,,broken
69,0.0009973524889909007,2.1400609016418457,2.2900514602661133,0.9960499405860901,0.9960499405860901,0.9960499405860901,False,3777,0.04029907500000007,93724.23560590393,,0.744628369808197,0.3185621201992035,0.5160808563232422,0.16781695187091827,0.11827443540096283,0.0977235957980156,0.09211259335279465,0.09691580384969711,0.015625333413481712,"[1948, 501, 1076, 252]",,,broken
70,0.0009970667809068474,2.236410140991211,2.312168598175049,1.3449900150299072,1.3449900150299072,0.9999992251396179,True,3799,0.0814073740000012,46666.53416433681,,0.9209527373313904,0.5199860334396362,0.7601596117019653,0.22001194953918457,0.15105518698692322,0.1209530457854271,0.11255603283643723,0.11779246479272842,0.014821875840425491,"[1909, 543, 256, 1091]",0.8721509058202144,0.6168671502112177,broken
71,0.0009967664865078469,2.247936248779297,2.3697431087493896,1.0580253601074219,1.0580253601074219,0.9999991059303284,True,3853,0.040544349000001034,95031.73919502078,,0.8028243780136108,0.2950232923030853,0.5562275648117065,0.18237294256687164,0.12738469243049622,0.1034785583615303,0.09538212418556213,0.09476793557405472,0.013771085068583488,"[276, 1992, 1113, 472]",,,broken
72,0.000996451615591515,2.1790201663970947,2.3322200775146484,1.2073681354522705,1.2073681354522705,0.9999991059303284,True,3631,0.04026202499999698,90184.23688327332,,0.7676351070404053,0.47447091341018677,0.7426882386207581,0.20630131661891937,0.13491086661815643,0.10811437666416168,0.09823152422904968,0.09739798307418823,0.013412293046712875,"[208, 451, 999, 1973]",,,broken
73,0.0009961221784310513,2.1594343185424805,2.312575578689575,0.9245699048042297,0.9245699048042297,0.9245699048042297,False,3683,0.040395807000003,91172.82890275533,,0.652452826499939,0.29809191823005676,0.5322104692459106,0.156163290143013,0.10868212580680847,0.0887928456068039,0.07921882718801498,0.08057456463575363,0.013313773088157177,"[277, 1921, 1029, 456]",,,broken
74,0.000995778185774904,2.1833224296569824,2.319179058074951,1.1967686414718628,1.1967686414718628,0.9999991655349731,True,3651,0.039705265000002044,91952.54080283338,,0.7057849168777466,0.5022647380828857,0.7710565328598022,0.19927838444709778,0.13621044158935547,0.10573730617761612,0.09648668766021729,0.09182974696159363,0.0116943484172225,"[1975, 908, 509, 259]",,,broken
75,0.0009954196488464197,2.1897053718566895,2.311126232147217,1.3724589347839355,1.3724589347839355,0.9999992847442627,True,3694,0.039589704000000836,93307.088125739,,0.946751594543457,0.49560362100601196,0.7881792187690735,0.2308521866798401,0.159507155418396,0.12579497694969177,0.11384739726781845,0.11236268281936646,0.017581868916749954,"[228, 1932, 1020, 514]",,,broken
76,0.0009950465793434758,2.198657989501953,2.270594596862793,1.2215718030929565,1.2215718030929565,0.9999991655349731,True,3544,0.04048500900000107,87538.5750809616,,0.8743703365325928,0.37211543321609497,0.6939690113067627,0.21616233885288239,0.14953376352787018,0.11809233576059341,0.1104205995798111,0.11020845174789429,0.01674838922917843,"[904, 296, 467, 1877]",,,broken
77,0.0009946589894381,2.2535789012908936,2.3605828285217285,1.1799927949905396,1.1799927949905396,0.9999991655349731,True,3661,0.03987574900000368,91810.18769076068,,0.7507205009460449,0.4411042034626007,0.7385938167572021,0.1990140974521637,0.13718052208423615,0.1071145161986351,0.09861573576927185,0.09437885880470276,0.013300585560500622,"[935, 248, 1930, 548]",,,broken
78,0.0009942568917760731,2.1851398944854736,2.3311409950256348,0.9496317505836487,0.9496317505836487,0.9496317505836487,False,3551,0.03993433999999496,88920.96376202657,,0.7065289616584778,0.27023831009864807,0.5115880370140076,0.1669880747795105,0.11928331851959229,0.09772317856550217,0.08983178436756134,0.08929365873336792,0.01263959240168333,"[258, 1858, 495, 940]",,,broken
79,0.0009938402994765162,2.1941630840301514,2.2670645713806152,1.0007271766662598,1.0007271766662598,0.9999990463256836,True,3601,0.039715846,90669.09968378868,,0.7282842397689819,0.29952648282051086,0.5591633915901184,0.1675434559583664,0.11921343952417374,0.09434934705495834,0.09194346517324448,0.09406225383281708,0.013834689743816853,"[294, 466, 1859, 982]",,,broken
80,0.0009934092261314619,2.1701202392578125,2.3141822814941406,0.9361558556556702,0.9361558556556702,0.9361558556556702,False,3631,0.08206680600000027,44244.44153461983,,0.6450981497764587,0.3600664734840393,0.5272137522697449,0.15371084213256836,0.10606972873210907,0.08160657435655594,0.07393772155046463,0.07411230355501175,0.011708809994161129,"[241, 507, 1886, 997]",0.8356539772703483,0.6475849771194383,broken
81,0.0009929636858054124,2.1944122314453125,2.3299367427825928,1.26833176612854,1.26833176612854,0.9999992251396179,True,3873,0.0390073239999964,99289.04633397455,,0.9320000410079956,0.4037112891674042,0.6955521106719971,0.19026295840740204,0.13763657212257385,0.11317431181669235,0.10979714244604111,0.11366923153400421,0.01837201602756977,"[2007, 1094, 278, 494]",,,broken
82,0.000992503693034879,2.1472890377044678,2.2916533946990967,0.9876104593276978,0.9876104593276978,0.9876104593276978,False,3460,0.0397172659999967,87115.76471553424,,0.685935378074646,0.3640493154525757,0.5621293783187866,0.1523754596710205,0.10808563977479935,0.08915678411722183,0.08122040331363678,0.08207673579454422,0.012753065675497055,"[219, 505, 948, 1788]",,,broken
83,0.00099202926282791,2.124769926071167,2.295163869857788,1.067484736442566,1.067484736442566,0.9999991059303284,True,3735,0.0398901390000006,93632.1630766928,,0.7913263440132141,0.33170804381370544,0.580449640750885,0.16610121726989746,0.11825517565011978,0.09367650747299194,0.08799458295106888,0.0899825394153595,0.013611407950520515,"[481, 1965, 1083, 206]",,,broken
84,0.0009915404106635977,2.2018539905548096,2.359987735748291,1.0158039331436157,1.0158039331436157,0.9999990463256836,True,3650,0.04003321199999732,91174.29798039299,,0.7405900955200195,0.3044794797897339,0.5683296322822571,0.16731145977973938,0.11958164721727371,0.09635373950004578,0.08953071385622025,0.08898111432790756,0.012932621873915195,"[216, 1007, 488, 1939]",,,broken
85,0.000991037152491577,2.156358242034912,2.293738842010498,1.2296764850616455,1.2296764850616455,0.9999991655349731,True,3533,0.03979592700000012,88777.92945996684,,0.9825299978256226,0.31568410992622375,0.5925928950309753,0.1860196739435196,0.1396838128566742,0.11627957969903946,0.11514484882354736,0.1208408921957016,0.02048376016318798,"[257, 1892, 494, 890]",,,broken
86,0.0009905195047315025,2.1661627292633057,2.3105077743530273,1.1246166229248047,1.1246166229248047,0.9999992251396179,True,3577,0.03987405899999885,89707.4461368506,,0.8389008045196533,0.33245614171028137,0.6155697703361511,0.17119593918323517,0.12181966006755829,0.09778782725334167,0.09202022850513458,0.09537026286125183,0.016767559573054314,"[219, 485, 1934, 939]",,,broken
87,0.0009899874842725135,2.2087740898132324,2.3197832107543945,1.0723696947097778,1.0723696947097778,0.9999991059303284,True,3777,0.03919762700000007,96357.8739090505,,0.7433441877365112,0.3525264859199524,0.6365284323692322,0.17189687490463257,0.11749724298715591,0.095417819917202,0.08671402931213379,0.08839695900678635,0.013441686518490314,"[506, 1069, 1987, 215]",,,broken
88,0.0009894411084726835,2.211068630218506,2.341301441192627,0.9128710627555847,0.9128710627555847,0.9128710627555847,False,3847,0.03878113999999755,99197.70280090382,,0.6781498193740845,0.28955069184303284,0.4866183400154114,0.14409759640693665,0.10613572597503662,0.08638301491737366,0.08084040135145187,0.08134662359952927,0.012882056646049023,"[271, 1148, 526, 1902]",,,broken
89,0.0009888803951584536,2.184563636779785,2.331944704055786,1.4347507953643799,1.4347507953643799,0.9999993443489075,True,3616,0.038229341000004524,94587.0346025471,,0.9991117715835571,0.5044283270835876,0.8372879028320312,0.21006418764591217,0.14831215143203735,0.1149568259716034,0.11155916750431061,0.1127251461148262,0.017191128805279732,"[465, 247, 1963, 941]",,,broken
90,0.00098830536262405,2.235912799835205,2.3576340675354004,1.1569998264312744,1.1569998264312744,0.9999992251396179,True,3623,0.0810995599999984,44673.485281548645,,0.8292967677116394,0.3882051408290863,0.6454024910926819,0.18839934468269348,0.1347985416650772,0.10544219613075256,0.09661493450403214,0.09670566767454147,0.01408936083316803,"[472, 918, 253, 1980]",0.8594709737811995,0.5707171531472287,broken
91,0.0009877160296308885,2.1855788230895996,2.3079068660736084,1.5441679954528809,1.5441679954528809,0.9999994039535522,True,3550,0.040165012999999306,88385.38157575254,,1.1013668775558472,0.55972820520401,0.8470306396484375,0.24515953660011292,0.1743553876876831,0.13623148202896118,0.12392410635948181,0.12629058957099915,0.017911000177264214,"[471, 1925, 898, 256]",,,broken
92,0.0009871124154069613,2.2340474128723145,2.340268850326538,0.9161520600318909,0.9161520600318909,0.9161520600318909,False,3748,0.03903394399999627,96018.99311021091,,0.6299256086349487,0.29705744981765747,0.5532910227775574,0.145386204123497,0.10013135522603989,0.08156953752040863,0.0721367672085762,0.07087047398090363,0.010530950501561165,"[487, 263, 1946, 1052]",,,broken
93,0.0009864945396462102,2.2549853324890137,2.3335390090942383,1.298054814338684,1.298054814338684,0.9999993443489075,True,3706,0.039340540000004864,94203.07906296004,,0.9786585569381714,0.4066902995109558,0.6800940632820129,0.19603829085826874,0.14345453679561615,0.11812268942594528,0.10960672050714493,0.11799819767475128,0.01866910047829151,"[1903, 231, 1053, 519]",,,broken
94,0.000985862422507884,2.1695775985717773,2.2600786685943604,0.8674084544181824,0.8674084544181824,0.8674084544181824,False,3712,0.039671584000004145,93568.23261706949,,0.5791446566581726,0.29824891686439514,0.5262100100517273,0.1495492160320282,0.10412054508924484,0.08391505479812622,0.0734458938241005,0.07296166568994522,0.013190489262342453,"[1060, 495, 235, 1922]",,,broken
95,0.0009852160846158808,2.2227654457092285,2.31303071975708,0.9307093024253845,0.9307093024253845,0.9307093024253845,False,3735,0.03925644799999617,95143.60545305486,,0.6938880681991577,0.26667356491088867,0.5065385103225708,0.15606781840324402,0.10887803137302399,0.08721301704645157,0.07944855839014053,0.08196388930082321,0.01397270243614912,"[515, 1055, 1889, 276]",,,broken
96,0.0009845555470580746,2.181079626083374,2.3269917964935303,1.0572071075439453,1.0572071075439453,0.9999989867210388,True,3692,0.039634224000003826,93151.81747975295,,0.7526493072509766,0.36355704069137573,0.5979224443435669,0.16265042126178741,0.11182928830385208,0.09091811627149582,0.08380968868732452,0.08416420966386795,0.01363246701657772,"[2027, 477, 237, 951]",,,broken
97,0.000983880831385628,2.0889828205108643,2.2512264251708984,0.8063334822654724,0.8063334822654724,0.8063334822654724,False,3666,0.039478902000006144,92859.7254300393,,0.5651366710662842,0.2688477337360382,0.46801507472991943,0.13172924518585205,0.09005018323659897,0.07280981540679932,0.06541509926319122,0.06557619571685791,0.011605520732700825,"[247, 507, 1081, 1831]",,,broken
98,0.0009831919596122887,2.1113460063934326,2.2530601024627686,1.1863421201705933,1.1863421201705933,0.9999991059303284,True,3799,0.03949527200000347,96188.72861540658,,0.9346984624862671,0.3535759150981903,0.575857937335968,0.17391037940979004,0.12200120091438293,0.10335852950811386,0.0985182523727417,0.10620156675577164,0.01792517676949501,"[1987, 547, 1024, 241]",,,broken
99,0.0009824889542136713,2.1204442977905273,2.285658359527588,1.003987431526184,1.003987431526184,0.9999990463256836,True,3641,0.03962365400000323,91889.55667742564,,0.7007040977478027,0.3394196033477783,0.5918223857879639,0.15357746183872223,0.10307576507329941,0.08092498034238815,0.072646364569664,0.07331816852092743,0.011510963551700115,"[272, 434, 1926, 1009]",,,broken
100,0.000981771838126524,2.1181833744049072,2.262169599533081,1.618371605873108,1.618371605873108,0.999999463558197,True,3631,0.08115755000000036,44740.1381633623,,1.3040438890457153,0.40332481265068054,0.7881059646606445,0.22810861468315125,0.16099977493286133,0.13391545414924622,0.13065171241760254,0.14563579857349396,0.025431981310248375,"[1952, 473, 963, 243]",0.9504595065627501,0.3108498726901427,broken
101,0.0009810406347479797,2.1398425102233887,2.3011417388916016,1.0654561519622803,1.0654561519622803,0.9999991059303284,True,3459,0.04041041800000045,85596.7389399427,,0.732581377029419,0.37748172879219055,0.6177364587783813,0.17699842154979706,0.12206783145666122,0.0998099222779274,0.09289948642253876,0.09714604169130325,0.013110284693539143,"[1899, 203, 454, 903]",,,broken
102,0.0009802953679347941,2.189345598220825,2.304277181625366,1.380255103111267,1.380255103111267,0.9999994039535522,True,3572,0.040571969999994906,88041.07860674373,,1.088422417640686,0.3550645112991333,0.7014114260673523,0.20334653556346893,0.14347948133945465,0.1180509552359581,0.1109723225235939,0.11750870943069458,0.019915945827960968,"[897, 496, 1914, 265]",,,broken
103,0.0009795360620025659,2.0222134590148926,2.2525815963745117,0.9474005699157715,0.9474005699157715,0.9474005699157715,False,3640,0.03863636799999881,94211.75406549891,,0.671759843826294,0.32543864846229553,0.5319492816925049,0.15816262364387512,0.10767266154289246,0.08752213418483734,0.07957739382982254,0.0816984623670578,0.012254176661372185,"[492, 975, 1927, 246]",,,broken
104,0.000978762741724944,2.1645312309265137,2.3529505729675293,1.141637921333313,1.141637921333313,0.9999991059303284,True,3748,0.03830374200000364,97849.44771191399,,0.8685481548309326,0.30745062232017517,0.6173738837242126,0.1724768579006195,0.12249617278575897,0.09991799294948578,0.09384190291166306,0.0974978506565094,0.01534842699766159,"[1976, 1007, 268, 497]",,,broken
105,0.0009779754323328191,2.1557304859161377,2.286867618560791,0.9696938991546631,0.9696938991546631,0.9696938991546631,False,3700,0.03920537699999471,94374.8098634659,,0.6778904795646667,0.31252428889274597,0.5720558762550354,0.15838110446929932,0.1084710955619812,0.08628615736961365,0.0771239772439003,0.07385645806789398,0.012354291044175625,"[1019, 485, 229, 1967]",,,broken
106,0.0009771741595135006,2.1364188194274902,2.2857494354248047,1.190193772315979,1.190193772315979,0.9999992251396179,True,3806,0.03954279300000252,96250.15612831793,,0.9531782269477844,0.30680978298187256,0.5743433237075806,0.17964643239974976,0.1292666643857956,0.10876103490591049,0.10444094985723495,0.10910620540380478,0.01965169608592987,"[1011, 255, 493, 2047]",,,broken
107,0.0009763589494098789,2.0851221084594727,2.2609686851501465,0.9507026672363281,0.9507026672363281,0.9507026672363281,False,3635,0.04009660199999843,90656.06107969306,,0.7154083251953125,0.28728967905044556,0.5103667378425598,0.14476680755615234,0.10016904771327972,0.08094025403261185,0.07396070659160614,0.076040118932724,0.014900069683790207,"[266, 491, 1911, 967]",,,broken
108,0.0009755298286195712,2.1412811279296875,2.2483651638031006,1.0210555791854858,1.0210555791854858,0.9999989867210388,True,3632,0.03913523599999991,92806.39063988291,,0.7664942741394043,0.31896674633026123,0.5433611273765564,0.15171894431114197,0.10971347987651825,0.09183523058891296,0.0841294378042221,0.08541654795408249,0.014024846255779266,"[292, 456, 984, 1900]",,,broken
109,0.0009746868241940555,2.1625399589538574,2.2892861366271973,0.8876318335533142,0.8876318335533142,0.8876318335533142,False,3591,0.04011746200000488,89512.14311612144,,0.6362667083740234,0.2871248722076416,0.504876971244812,0.1419602483510971,0.0952480211853981,0.07769797742366791,0.07092558592557907,0.07278341799974442,0.011128468438982964,"[241, 943, 1912, 495]",,,broken
110,0.0009738299636377862,2.138322114944458,2.289260149002075,0.9176439046859741,0.9176439046859741,0.9176439046859741,False,3570,0.08190076200000362,43589.33803326326,,0.7053253054618835,0.2810531556606293,0.4736728370189667,0.12899304926395416,0.09251344949007034,0.07654169201850891,0.06915219128131866,0.0723709762096405,0.012391742318868637,"[235, 494, 977, 1864]",0.863959922005446,0.5122260036237714,broken
111,0.000972959274907298,2.1095030307769775,2.2639811038970947,1.159808874130249,1.159808874130249,0.9999991655349731,True,3494,0.039738536000001545,87924.72878215404,,0.8948137760162354,0.34815743565559387,0.5962255001068115,0.16243210434913635,0.11804763972759247,0.09565404802560806,0.09062996506690979,0.09899085015058517,0.016862327232956886,"[956, 453, 219, 1866]",,,broken
112,0.0009720747864102934,2.1644675731658936,2.2869338989257812,0.9573496580123901,0.9573496580123901,0.9573496580123901,False,3728,0.03945497099999784,94487.46014792925,,0.6338534355163574,0.34955033659935,0.586932361125946,0.14287206530570984,0.1008811816573143,0.08017323166131973,0.07221543043851852,0.07556188106536865,0.011463931761682034,"[1997, 1009, 241, 481]",,,broken
113,0.0009711765270047155,2.061579704284668,2.2434656620025635,1.0119655132293701,1.0119655132293701,0.9999990463256836,True,3731,0.03863070699999582,96581.19899282204,,0.7859482169151306,0.2851678133010864,0.52214515209198,0.1423991620540619,0.10318630188703537,0.0852065160870552,0.07961536198854446,0.08755988627672195,0.014592795632779598,"[277, 1055, 1888, 511]",,,broken
114,0.000970264525997807,2.1219711303710938,2.2501935958862305,0.9964362382888794,0.9964362382888794,0.9964362382888794,False,3598,0.038996312999998395,92265.13286012829,,0.7374873757362366,0.32521191239356995,0.5353723168373108,0.15090486407279968,0.10833745449781418,0.0885496661067009,0.08221004903316498,0.08529723435640335,0.015061899088323116,"[512, 246, 928, 1912]",,,broken
115,0.0009693388131451536,2.0868964195251465,2.2452993392944336,1.065732479095459,1.065732479095459,0.9999991059303284,True,3606,0.04030169500000369,89475.14490394684,,0.791637659072876,0.31691646575927734,0.5883011221885681,0.1601126790046692,0.1143922358751297,0.09378959238529205,0.08513597398996353,0.08717229962348938,0.013998731039464474,"[277, 992, 453, 1884]",,,broken
116,0.0009683994186497131,2.0953245162963867,2.2643542289733887,1.0990912914276123,1.0990912914276123,0.9999989867210388,True,3727,0.039786406000004604,93675.21157853687,,0.7258862257003784,0.3878547251224518,0.6905723810195923,0.158342644572258,0.10544225573539734,0.08058628439903259,0.07432739436626434,0.07352443784475327,0.012413703836500645,"[506, 1008, 229, 1984]",,,broken
117,0.0009674463731608307,2.162154197692871,2.2527217864990234,1.122462511062622,1.122462511062622,0.9999991059303284,True,3652,0.039767226000002154,91834.41661230789,,0.9073950052261353,0.3217617869377136,0.5279186367988586,0.14213939011096954,0.10334821790456772,0.08643331378698349,0.08344721794128418,0.09341762959957123,0.016794541850686073,"[998, 523, 274, 1857]",,,broken
118,0.000966479707773238,2.0985050201416016,2.2447941303253174,0.9451832175254822,0.9451832175254822,0.9451832175254822,False,3740,0.03914085599999595,95552.33028118718,,0.674338698387146,0.3033079206943512,0.5449346303939819,0.14430949091911316,0.10051088035106659,0.08346755057573318,0.0740169882774353,0.07829209417104721,0.013656849041581154,"[524, 945, 242, 2029]",,,broken
119,0.0009654994540260396,2.095324993133545,2.232487916946411,0.9205793142318726,0.9205793142318726,0.9205793142318726,False,3785,0.040255024000003914,94025.53082565873,,0.6537772417068481,0.32244205474853516,0.5192182064056396,0.14554224908351898,0.09941688925027847,0.07843373715877533,0.06772368401288986,0.06748824566602707,0.011218412779271603,"[999, 248, 506, 2032]",,,broken
120,0.0009645056439016826,2.051961660385132,2.1822562217712402,1.072663426399231,1.072663426399231,0.9999990463256836,True,3520,0.0824056399999975,42715.52286955246,,0.739777147769928,0.39489591121673584,0.6277340054512024,0.15235665440559387,0.10528606176376343,0.08277805149555206,0.0757245197892189,0.07924321293830872,0.013423047959804535,"[491, 890, 1915, 224]",0.8349090858353362,0.7537591643998764,broken
121,0.0009634983098249147,2.0722010135650635,2.2447245121002197,1.003010630607605,1.003010630607605,0.9999990463256836,True,3646,0.040221314000000064,90648.45569192478,,0.6938048601150513,0.3587297797203064,0.5929777026176453,0.13598567247390747,0.0918126106262207,0.0747326910495758,0.07284604012966156,0.07994500547647476,0.012294516898691654,"[1951, 465, 214, 1016]",,,broken
122,0.0009624774846617254,2.0999369621276855,2.2661190032958984,1.1599899530410767,1.1599899530410767,0.9999991059303284,True,3621,0.040549919000000045,89297.34236953706,,0.7483988404273987,0.4672965109348297,0.7142736911773682,0.15992073714733124,0.10816280543804169,0.08681458979845047,0.07698510587215424,0.0776829943060875,0.012282928451895714,"[1061, 209, 1858, 493]",,,broken
123,0.0009614432017182735,2.0903611183166504,2.2205190658569336,1.0389606952667236,1.0389606952667236,0.9999990463256836,True,3713,0.04029429500000248,92147.03967397299,,0.7807619571685791,0.3338594436645508,0.555968701839447,0.14247296750545502,0.09890633076429367,0.08538778871297836,0.07477961480617523,0.07816872745752335,0.014570099301636219,"[1063, 1844, 534, 272]",,,broken
124,0.0009603954947398015,2.1160573959350586,2.241997718811035,1.152563452720642,1.152563452720642,0.9999991655349731,True,3884,0.040289995000001966,96401.10404580121,,0.8055090308189392,0.41394728422164917,0.667775571346283,0.1630755364894867,0.11630989611148834,0.09372511506080627,0.08253739029169083,0.0798368826508522,0.013735408894717693,"[1115, 451, 289, 2029]",,,broken
125,0.0009593343979095333,2.0987563133239746,2.240037202835083,0.994625449180603,0.994625449180603,0.994625449180603,False,3717,0.039412419999997894,94310.37221262229,,0.7023072838783264,0.32841575145721436,0.5827459692955017,0.14392341673374176,0.0997353047132492,0.0808139443397522,0.07406999170780182,0.07579535245895386,0.013086006045341492,"[238, 1925, 490, 1064]",,,broken
126,0.0009582599458475597,2.0271923542022705,2.2219796180725098,0.9875340461730957,0.9875340461730957,0.9875340461730957,False,3695,0.03858190700000108,95770.27905852078,,0.678348183631897,0.35719674825668335,0.5872885584831238,0.1363077610731125,0.09204909950494766,0.07721371948719025,0.06940080225467682,0.06769736856222153,0.012473678216338158,"[995, 493, 1983, 224]",,,broken
127,0.0009571721736097088,2.12777042388916,2.2603886127471924,0.9779507517814636,0.9779507517814636,0.9779507517814636,False,3789,0.03816420999999792,99281.4996039537,,0.7218311429023743,0.3340095579624176,0.5291236639022827,0.13140347599983215,0.09307344257831573,0.07855983078479767,0.07556651532649994,0.07616371661424637,0.014176146127283573,"[962, 528, 2033, 266]",,,broken
128,0.0009560711166864019,2.0847811698913574,2.2536535263061523,1.1728979349136353,1.1728979349136353,0.9999992847442627,True,3793,0.03855415700000009,98381.0902673865,,0.8296335339546204,0.4022069275379181,0.6758449673652649,0.17004448175430298,0.11542926728725433,0.09493152052164078,0.0901700109243393,0.09606646746397018,0.01583157479763031,"[1942, 211, 513, 1127]",,,broken
129,0.0009549568110014961,2.142825126647949,2.258453130722046,1.019127607345581,1.019127607345581,0.9999991655349731,True,3822,0.039966710000001626,95629.58772437973,,0.7780060172080994,0.30006143450737,0.5390785336494446,0.14579890668392181,0.1043614000082016,0.08327508717775345,0.07889839261770248,0.08467060327529907,0.014420355670154095,"[1115, 267, 1939, 501]",,,broken
130,0.0009538292929111113,2.0679569244384766,2.2480716705322266,1.0460855960845947,1.0460855960845947,0.9999991059303284,True,3912,0.08208532700000148,47657.72572240504,,0.7255989909172058,0.3429086208343506,0.6294883489608765,0.1546490639448166,0.10611777007579803,0.08386614173650742,0.07595200836658478,0.07603573799133301,0.014085055328905582,"[442, 2048, 1181, 241]",0.8149657078072502,0.6318107168458561,broken
131,0.0009526885992024454,2.0331945419311523,2.2292938232421875,0.9700585007667542,0.9700585007667542,0.9700585007667542,False,3670,0.040182874000002755,91332.44177605983,,0.6842626929283142,0.3285520076751709,0.5594462752342224,0.15023545920848846,0.10252328217029572,0.08307091891765594,0.07648645341396332,0.07672557234764099,0.012327010743319988,"[482, 1978, 253, 957]",,,broken
132,0.0009515347670925727,2.039271116256714,2.22151517868042,0.8354154825210571,0.8354154825210571,0.8354154825210571,False,3634,0.039937079999994296,90993.13219695879,,0.5903183817863464,0.2808378040790558,0.4839356541633606,0.12416007369756699,0.08580223470926285,0.07263816893100739,0.06387607008218765,0.06383297592401505,0.013066746294498444,"[1944, 967, 492, 231]",,,broken
133,0.0009503678342272305,2.0889105796813965,2.2092626094818115,1.0606433153152466,1.0606433153152466,0.9999991059303284,True,3580,0.03973284599999971,90101.77624829659,,0.7774739265441895,0.35418111085891724,0.5880116820335388,0.14448335766792297,0.09791967272758484,0.08081883937120438,0.07660610228776932,0.07900739461183548,0.013799803331494331,"[277, 985, 486, 1832]",,,broken
134,0.0009491878386795904,2.091732978820801,2.2203001976013184,1.0376921892166138,1.0376921892166138,0.9999991655349731,True,3561,0.03881493100000455,91743.0459943258,,0.6681559085845947,0.38771605491638184,0.6609191298484802,0.14348453283309937,0.09286382794380188,0.07357946038246155,0.06522830575704575,0.06513912975788116,0.010573010891675949,"[1014, 1850, 476, 221]",,,broken
135,0.0009479948189490164,2.1042585372924805,2.2443675994873047,0.9301439523696899,0.9301439523696899,0.9301439523696899,False,3734,0.03949145200000004,94552.10712434672,,0.6423565745353699,0.3423939645290375,0.5393649339675903,0.13648518919944763,0.093373142182827,0.08000330626964569,0.0717720165848732,0.07318906486034393,0.011937103234231472,"[1994, 500, 980, 260]",,,broken
136,0.0009467888139598086,2.028562545776367,2.218977451324463,1.1309459209442139,1.1309459209442139,0.9999990463256836,True,3548,0.03982331799999628,89093.53057925338,,0.7927880883216858,0.3917217254638672,0.6606946587562561,0.16491729021072388,0.11014427989721298,0.08968967944383621,0.08053949475288391,0.08038241416215897,0.01550989504903555,"[2004, 191, 878, 475]",,,broken
137,0.000945569863059933,2.092494487762451,2.2270469665527344,1.0470768213272095,1.0470768213272095,0.9999991059303284,True,3687,0.03973080600000145,92799.52689607821,,0.7247490286827087,0.3819248676300049,0.6110054850578308,0.15062081813812256,0.10134490579366684,0.08549274504184723,0.07451395690441132,0.07691804319620132,0.01338868960738182,"[473, 919, 2030, 265]",,,broken
138,0.0009443380060197386,2.09372878074646,2.260263204574585,1.0135645866394043,1.0135645866394043,0.9999990463256836,True,3686,0.03993045999999367,92310.48177257623,,0.6649994254112244,0.39973780512809753,0.610517144203186,0.15395928919315338,0.10300026834011078,0.08255854994058609,0.0759548544883728,0.07427065074443817,0.012403004802763462,"[188, 1858, 1102, 538]",,,broken
139,0.0009430932830306586,2.0159597396850586,2.1823816299438477,0.9777095913887024,0.9777095913887024,0.9777095913887024,False,3733,0.040232254999999384,92786.24824783143,,0.690348744392395,0.3468708097934723,0.5591402053833008,0.136979877948761,0.09487781673669815,0.0797005370259285,0.07596466690301895,0.07928995788097382,0.01423087902367115,"[2019, 472, 973, 269]",,,broken
140,0.0009418357347038997,2.085922956466675,2.2167341709136963,0.9587496519088745,0.9587496519088745,0.9587496519088745,False,3627,0.08075498399999503,44913.63653790363,,0.6461108922958374,0.339631587266922,0.5854931473731995,0.14063234627246857,0.09421450644731522,0.07673302292823792,0.06672981381416321,0.06684921681880951,0.0112372487783432,"[977, 551, 1855, 244]",0.8134535098865456,0.6741649065133956,broken
141,0.0009405654020691178,2.0495762825012207,2.2353568077087402,1.0825504064559937,1.0825504064559937,0.9999991059303284,True,3771,0.04075602400000378,92526.19931717703,,0.761017918586731,0.37416282296180725,0.6281039118766785,0.16026589274406433,0.10628872364759445,0.08887863159179688,0.08036778122186661,0.08190733939409256,0.014318840578198433,"[223, 2008, 436, 1104]",,,broken
142,0.0009392823265730776,2.044865608215332,2.220228672027588,0.9287421107292175,0.9287421107292175,0.9287421107292175,False,3717,0.04014908300000286,92579.94759182258,,0.6021685600280762,0.34717294573783875,0.5834319591522217,0.12971565127372742,0.08747901022434235,0.0719156265258789,0.06617436558008194,0.06984064728021622,0.011212506331503391,"[962, 490, 251, 2014]",,,broken
143,0.000937986550078302,2.0511741638183594,2.2026424407958984,0.9590998291969299,0.9590998291969299,0.9590998291969299,False,3601,0.039827656999996464,90414.55790382848,,0.7121296525001526,0.3005381226539612,0.5242144465446472,0.13396352529525757,0.09887135773897171,0.08343452960252762,0.07943190634250641,0.0803353488445282,0.01317595224827528,"[530, 1878, 248, 945]",,,broken
144,0.0009366781148617056,2.05550479888916,2.2166311740875244,1.1171855926513672,1.1171855926513672,0.9999991059303284,True,3651,0.03895417399999701,93725.51449814544,,0.8226380348205566,0.3544519543647766,0.6276950240135193,0.14970913529396057,0.10165316611528397,0.08400118350982666,0.07400116324424744,0.0791238471865654,0.013924083672463894,"[471, 263, 1020, 1897]",,,broken
145,0.0009353570636132151,2.0493669509887695,2.2413787841796875,1.0653434991836548,1.0653434991836548,0.9999991059303284,True,3656,0.040457097999997416,90367.3318338412,,0.7780643105506897,0.3361746370792389,0.6013456583023071,0.1492067575454712,0.10246939212083817,0.09054777026176453,0.08096294105052948,0.08501370996236801,0.014101589098572731,"[1914, 212, 1022, 508]",,,broken
146,0.0009340234394343769,2.0189247131347656,2.243995428085327,0.9728348255157471,0.9728348255157471,0.9728348255157471,False,3591,0.03992037900000156,89954.05579691163,,0.6838551163673401,0.30893412232398987,0.5803833603858948,0.1409214735031128,0.09547620266675949,0.0767422616481781,0.07404668629169464,0.07699710875749588,0.013754756189882755,"[275, 878, 474, 1964]",,,broken
147,0.0009326772858369505,2.142484664916992,2.286590576171875,1.0761888027191162,1.0761888027191162,0.9999991655349731,True,3542,0.039435601000000986,89817.32014176509,,0.7711987495422363,0.385537713766098,0.6055127382278442,0.14496131241321564,0.0981033593416214,0.07922105491161346,0.07244296371936798,0.07603941112756729,0.014352722093462944,"[542, 188, 1924, 888]",,,broken
148,0.0009313186467414891,2.0441083908081055,2.2013328075408936,1.168163776397705,1.168163776397705,0.9999992251396179,True,3678,0.039578483999996195,92929.2794539668,,0.8535611033439636,0.37078502774238586,0.6592296957969666,0.15386605262756348,0.10830332338809967,0.09347667545080185,0.09183026105165482,0.10525954514741898,0.01789836958050728,"[1054, 1841, 508, 275]",,,broken
149,0.0009299475664759069,2.0549750328063965,2.225921630859375,1.054443597793579,1.054443597793579,0.9999990463256836,True,3667,0.03998971999999412,91698.5665316121,,0.7256239652633667,0.38161832094192505,0.6190500855445862,0.15296489000320435,0.1061626672744751,0.08640730381011963,0.07970256358385086,0.08823145180940628,0.013902896083891392,"[1878, 1031, 491, 267]",,,broken
150,0.0009285640897740315,2.0395007133483887,2.196962833404541,0.8353234529495239,0.8353234529495239,0.8353234529495239,False,3723,0.08162739799999486,45609.686100740764,,0.5607104897499084,0.28847652673721313,0.5199573636054993,0.11533723026514053,0.07659164071083069,0.0645977258682251,0.05571160465478897,0.05698023736476898,0.010113706812262535,"[504, 1857, 1080, 282]",0.8516046687435912,0.5776099639128807,broken
151,0.0009271682617741464,2.0441431999206543,2.199550151824951,1.1751564741134644,1.1751564741134644,0.9999992251396179,True,3453,0.04083504399999782,84559.72277145542,,0.8296064138412476,0.4257042109966278,0.6666486859321594,0.15986813604831696,0.11432970315217972,0.09636746346950531,0.09245503693819046,0.101781465113163,0.016677062958478928,"[887, 241, 1808, 517]",,,broken
152,0.0009257601280175167,1.999382495880127,2.190718173980713,0.9222619533538818,0.9222619533538818,0.9222619533538818,False,3696,0.039818317000005266,92821.60268098502,,0.6243348717689514,0.337321937084198,0.5527313947677612,0.13121093809604645,0.09208492189645767,0.07545416057109833,0.06865239143371582,0.07237868010997772,0.01156957820057869,"[976, 2032, 459, 229]",,,broken
153,0.0009243397344469036,2.019552230834961,2.217400074005127,1.164717435836792,1.164717435836792,0.9999992251396179,True,3552,0.03877243900000593,91611.46658840463,,0.8031802773475647,0.4271093010902405,0.6920751333236694,0.14859384298324585,0.09888378530740738,0.07947029173374176,0.07411150634288788,0.07894039154052734,0.013414246030151844,"[447, 211, 1921, 973]",,,broken
154,0.0009229071274050663,1.993558406829834,2.2556533813476562,1.0400211811065674,1.0400211811065674,0.9999991655349731,True,3625,0.03930779799999584,92220.8870616559,,0.7630132436752319,0.3276035189628601,0.5868381857872009,0.139459490776062,0.09777922183275223,0.08194371312856674,0.07530950754880905,0.07835901528596878,0.014688614755868912,"[1969, 988, 209, 459]",,,broken
155,0.0009214623536332483,2.03458571434021,2.1686291694641113,0.9654173254966736,0.9654173254966736,0.9654173254966736,False,3690,0.039145357000002434,94264.05282240166,,0.7309450507164001,0.3056148588657379,0.5099216103553772,0.1329471915960312,0.09527162462472916,0.07849226146936417,0.07252811640501022,0.07712612301111221,0.014424041844904423,"[1941, 499, 970, 280]",,,broken
156,0.0009200054602696543,2.015357255935669,2.2159862518310547,0.8406935334205627,0.8406935334205627,0.8406935334205627,False,3748,0.039330320000004804,95295.4361927272,,0.6316317319869995,0.2712947130203247,0.44979727268218994,0.1141243427991867,0.07939722388982773,0.06758071482181549,0.061027951538562775,0.06409017741680145,0.01269531436264515,"[215, 513, 1942, 1078]",,,broken
157,0.0009185364948479108,2.004875898361206,2.200035810470581,0.9946749806404114,0.9946749806404114,0.9946749806404114,False,3498,0.03886049100000122,90014.30270142213,,0.6619567275047302,0.3823219835758209,0.5981999039649963,0.1405259221792221,0.09599600732326508,0.08136184513568878,0.07454162836074829,0.07663582265377045,0.012896709144115448,"[455, 1932, 920, 191]",,,broken
158,0.0009170555052955158,2.025869607925415,2.1939728260040283,1.0273253917694092,1.0273253917694092,0.9999990463256836,True,3663,0.03995418000000228,91680.01946228882,,0.727245032787323,0.3538975715637207,0.5947501063346863,0.14118331670761108,0.09619548916816711,0.08067101985216141,0.07525040209293365,0.07732702046632767,0.014304297044873238,"[474, 269, 899, 2021]",,,broken
159,0.0009155625399322753,1.9628965854644775,2.1717653274536133,0.8288307189941406,0.8288307189941406,0.8288307189941406,False,3646,0.04050803900000233,90006.8255587438,,0.5768259167671204,0.29938337206840515,0.4858343303203583,0.10918642580509186,0.07504479587078094,0.06365782767534256,0.05804938077926636,0.05912570282816887,0.00977458618581295,"[1955, 905, 256, 530]",,,broken
160,0.0009140576474687263,2.012908458709717,2.2132151126861572,1.0700509548187256,1.0700509548187256,0.9999989867210388,True,3544,0.08318007399999772,42606.35786402519,,0.7934654355049133,0.3469327688217163,0.5893574953079224,0.139322891831398,0.09916113317012787,0.07996448129415512,0.07465732097625732,0.07904322445392609,0.016041085124015808,"[899, 502, 223, 1920]",0.861052705738727,0.581552456855932,broken
161,0.0009125408770045479,2.0667612552642822,2.2129812240600586,0.9908757209777832,0.9908757209777832,0.9908757209777832,False,3745,0.040891645000002086,91583.50073712635,,0.7752484679222107,0.2806333303451538,0.5082958936691284,0.13079944252967834,0.09251905977725983,0.07953792065382004,0.07205570489168167,0.07928556203842163,0.015227287076413631,"[1913, 294, 1001, 537]",,,broken
162,0.0009110122780269589,1.9690783023834229,2.1876556873321533,1.0910042524337769,1.0910042524337769,0.9999990463256836,True,3622,0.04036604599999549,89728.87758192627,,0.7985955476760864,0.373704195022583,0.6005284190177917,0.14283663034439087,0.10310898721218109,0.08523423224687576,0.0808156207203865,0.08459170162677765,0.016140121966600418,"[186, 501, 984, 1951]",,,broken
163,0.0009094719004091037,1.961519479751587,2.165393829345703,0.9105883836746216,0.9105883836746216,0.9105883836746216,False,3636,0.04126324100000289,88117.16946809256,,0.7167493104934692,0.26459673047065735,0.4590161442756653,0.11660481244325638,0.08301154524087906,0.06958743929862976,0.06574159860610962,0.07011710107326508,0.012884792871773243,"[1870, 540, 948, 278]",,,broken
164,0.000907919794408425,1.9274905920028687,2.2376391887664795,0.8990339636802673,0.8990339636802673,0.8990339636802673,False,3548,0.040379147000003,87867.13597490646,,0.6183309555053711,0.3283659517765045,0.5313684344291687,0.12298857420682907,0.08544214069843292,0.06996210664510727,0.06486299633979797,0.06393082439899445,0.01169276237487793,"[986, 445, 1963, 154]",,,broken
165,0.0009063560106650239,2.0965099334716797,2.221829891204834,0.9619231224060059,0.9619231224060059,0.9619231224060059,False,3583,0.0418533810000028,85608.37653712516,,0.7162167429924011,0.31492167711257935,0.521666407585144,0.13231925666332245,0.08939971029758453,0.07452945411205292,0.07022922486066818,0.06978888064622879,0.012653665617108345,"[1792, 532, 263, 996]",,,broken
166,0.0009047806002000074,1.9530985355377197,2.1416127681732178,0.8522478938102722,0.8522478938102722,0.8522478938102722,False,3656,0.041713438000002157,87645.61674345353,,0.6167926788330078,0.29592061042785645,0.4728829264640808,0.11790770292282104,0.08312657475471497,0.0727483406662941,0.06408049911260605,0.06597224622964859,0.011948473751544952,"[1932, 260, 994, 470]",,,broken
167,0.0009031936144138248,1.9621778726577759,2.187223434448242,0.9476789832115173,0.9476789832115173,0.9476789832115173,False,3585,0.04111842799999721,87187.18526885909,,0.674056887626648,0.3314686119556427,0.5431734919548035,0.1273764669895172,0.08782746642827988,0.072696752846241,0.0695403516292572,0.06790238618850708,0.012806141749024391,"[207, 529, 2019, 830]",,,broken
168,0.0009015951050845891,2.0637378692626953,2.2111456394195557,0.9662367701530457,0.9662367701530457,0.9662367701530457,False,3848,0.041259070999998926,93264.33937400336,,0.6473997831344604,0.34728410840034485,0.5945039987564087,0.12920129299163818,0.08840411901473999,0.07649324834346771,0.0697489008307457,0.07131162285804749,0.011663890443742275,"[226, 488, 1135, 1999]",,,broken
169,0.0008999851243663891,1.9961018562316895,2.1954002380371094,0.8922289609909058,0.8922289609909058,0.8922289609909058,False,3893,0.041329181999998355,94194.94438578907,,0.6344520449638367,0.2952645421028137,0.5242065787315369,0.11181624233722687,0.07775985449552536,0.06665563583374023,0.06337400525808334,0.06621630489826202,0.01326944399625063,"[276, 2023, 1084, 510]",,,broken
170,0.0008983637247875872,1.952324628829956,2.1461992263793945,0.9014869332313538,0.9014869332313538,0.9014869332313538,False,3667,0.08349152799999615,43920.62389851302,,0.6089684963226318,0.3121410310268402,0.5568681955337524,0.1238802894949913,0.08161605149507523,0.06789030879735947,0.062121447175741196,0.06091979891061783,0.010723430663347244,"[1012, 549, 259, 1847]",0.8391808105755034,0.6007235456632417,broken
171,0.0008967309592491052,2.0124359130859375,2.15929913520813,1.1079095602035522,1.1079095602035522,0.9999991655349731,True,3768,0.04200803300000189,89697.13007033276,,0.7737792730331421,0.4028780460357666,0.6443691253662109,0.14240626990795135,0.1002425104379654,0.08731671422719955,0.07895969599485397,0.08248253166675568,0.014717629179358482,"[225, 451, 1142, 1950]",,,broken
172,0.0008950868810226989,2.0068068504333496,2.1824851036071777,0.8596701622009277,0.8596701622009277,0.8596701622009277,False,3560,0.044095097999999666,80734.59775506172,,0.6380661129951477,0.28444093465805054,0.46705183386802673,0.11343014985322952,0.0790439248085022,0.07079952955245972,0.06332354247570038,0.06745807081460953,0.013148536905646324,"[262, 995, 1799, 504]",,,broken
173,0.0008934315437492201,2.0354278087615967,2.2170095443725586,0.863913893699646,0.863913893699646,0.863913893699646,False,3610,0.04238981000000308,85161.97642781927,,0.6130728721618652,0.2900940775871277,0.5077038407325745,0.10636267066001892,0.07426748424768448,0.06512288749217987,0.05835152417421341,0.06298832595348358,0.01135515421628952,"[974, 267, 515, 1854]",,,broken
174,0.0008917650014368657,1.9375872611999512,2.1699306964874268,0.8625774383544922,0.8625774383544922,0.8625774383544922,False,3579,0.0397842759999989,89960.164161341,,0.6654062867164612,0.257662832736969,0.45219749212265015,0.1102781817317009,0.07669497281312943,0.06315923482179642,0.05984663590788841,0.06817850470542908,0.011795569211244583,"[531, 1898, 215, 935]",,,broken
175,0.0008900873084594163,1.9465370178222656,2.122040271759033,0.9063095450401306,0.9063095450401306,0.9063095450401306,False,3574,0.04051075900000001,88223.47663246693,,0.6736595034599304,0.2872867286205292,0.5011210441589355,0.11232493072748184,0.0784715935587883,0.07292217016220093,0.06468841433525085,0.07376417517662048,0.014344468712806702,"[490, 1814, 283, 987]",,,broken
176,0.0008883985195544617,2.0042333602905273,2.185662031173706,0.9245995283126831,0.9245995283126831,0.9245995283126831,False,3635,0.05345600599999756,67999.84271178371,,0.6835780143737793,0.3043286204338074,0.5092998743057251,0.12156277149915695,0.08448471873998642,0.07149461656808853,0.06463219225406647,0.06508127599954605,0.0127946138381958,"[1925, 941, 235, 534]",,,broken
177,0.0008866986898216156,1.9862481355667114,2.150585889816284,0.8807116746902466,0.8807116746902466,0.8807116746902466,False,3678,0.042502663000000496,86535.75424203319,,0.6313449740409851,0.29770591855049133,0.5054731369018555,0.11743292212486267,0.08018641918897629,0.06871344894170761,0.061326950788497925,0.06385992467403412,0.011986331082880497,"[971, 260, 489, 1958]",,,broken
178,0.0008849878747207174,1.9937551021575928,2.2138609886169434,0.9068336486816406,0.9068336486816406,0.9068336486816406,False,3823,0.04155006699999575,92009.4785888165,,0.653354823589325,0.3179951012134552,0.5087466835975647,0.11491483449935913,0.08221320062875748,0.07680632174015045,0.06786499172449112,0.06983266770839691,0.013592816889286041,"[2048, 474, 194, 1107]",,,broken
179,0.0008832661300700226,2.0460705757141113,2.1957144737243652,0.9084648489952087,0.9084648489952087,0.9084648489952087,False,3755,0.04605362199999519,81535.38933377255,,0.6430732607841492,0.3145121932029724,0.5222700834274292,0.12321653962135315,0.08853976428508759,0.0800226554274559,0.06973173469305038,0.07475701719522476,0.014310656115412712,"[1876, 273, 1116, 490]",,,broken
180,0.0008815335120443821,1.9789416790008545,2.1799323558807373,1.1179392337799072,1.1179392337799072,0.9999991059303284,True,3725,0.0896407030000006,41554.78343359238,,0.8521343469619751,0.3352787494659424,0.59864342212677,0.14386487007141113,0.09965555369853973,0.08531083166599274,0.08264394849538803,0.08871269226074219,0.0162214282900095,"[1099, 487, 206, 1933]",0.8701083148784559,0.5215938741753355,broken
181,0.0008797900771734094,1.9410734176635742,2.165717363357544,1.0152535438537598,1.0152535438537598,0.9999989867210388,True,3697,0.041579936999994516,88913.07362972887,,0.7122563123703003,0.34349992871284485,0.5989611148834229,0.13587240874767303,0.09816121309995651,0.0830385610461235,0.07320108264684677,0.07833299040794373,0.014042987488210201,"[973, 504, 206, 2014]",,,broken
182,0.0008780358823396353,1.9971802234649658,2.158219337463379,0.980093777179718,0.980093777179718,0.980093777179718,False,3489,0.04387182500000364,79527.12247552298,,0.7251341938972473,0.31781983375549316,0.5401748418807983,0.13453835248947144,0.087769515812397,0.07646181434392929,0.06722668558359146,0.07471200823783875,0.01463227067142725,"[200, 1848, 952, 489]",,,broken
183,0.0008762709847766531,2.0179672241210938,2.174872875213623,0.9403491020202637,0.9403491020202637,0.9403491020202637,False,3701,0.04303554199999837,85998.68452917684,,0.6800877451896667,0.3071962594985962,0.5377294421195984,0.1257372945547104,0.08669976890087128,0.07524548470973969,0.0643257424235344,0.06996477395296097,0.013896637596189976,"[1910, 1046, 285, 460]",,,broken
184,0.0008744954420672513,1.9387218952178955,2.1645288467407227,1.2267125844955444,1.2267125844955444,0.9999992847442627,True,3443,0.040586830999998824,84830.47124324882,,0.8555760383605957,0.40649011731147766,0.7340275049209595,0.16605398058891296,0.11267265677452087,0.09881950914859772,0.08770736306905746,0.10393074154853821,0.015948878601193428,"[454, 1958, 181, 850]",,,broken
185,0.0008727093121415337,1.9835482835769653,2.2140052318573,0.9683263897895813,0.9683263897895813,0.9683263897895813,False,3578,0.04118813099999841,86869.68583255546,,0.7415612936019897,0.30184102058410645,0.5079514980316162,0.12057894468307495,0.08644061535596848,0.07732170820236206,0.07017342746257782,0.07413128018379211,0.014504501596093178,"[885, 227, 454, 2012]",,,broken
186,0.0008709126532750304,1.9863862991333008,2.1485750675201416,1.131629228591919,1.131629228591919,0.9999991655349731,True,3566,0.0433007769999989,82354.18038803531,,0.83467036485672,0.3629997670650482,0.629977822303772,0.14467765390872955,0.103169746696949,0.08903203904628754,0.08432991802692413,0.09166320413351059,0.015912428498268127,"[224, 1916, 514, 912]",,,broken
187,0.000869105524086796,1.9366719722747803,2.1517269611358643,1.0643541812896729,1.0643541812896729,0.9999991059303284,True,3889,0.042942160000002616,90563.6791442201,,0.7844881415367126,0.3555503785610199,0.5886511206626892,0.1340564340353012,0.09138830751180649,0.0832115039229393,0.07281706482172012,0.07569145411252975,0.0149457398802042,"[1134, 2010, 224, 521]",,,broken
188,0.0008672879835374975,1.9235025644302368,2.129939317703247,0.8983504176139832,0.8983504176139832,0.8983504176139832,False,3555,0.041334392999999636,86005.8595755847,,0.6933333277702332,0.27816203236579895,0.4640367031097412,0.11096557974815369,0.0807250589132309,0.07210664451122284,0.06718564033508301,0.06986470520496368,0.013925624080002308,"[1894, 262, 956, 443]",,,broken
189,0.0008654600909274899,1.9881511926651,2.153916120529175,0.9361608028411865,0.9361608028411865,0.9361608028411865,False,3532,0.04062954100000127,86931.8213562858,,0.638884961605072,0.3345353901386261,0.565907895565033,0.12367469072341919,0.08820974826812744,0.0719723254442215,0.06108568236231804,0.06266286224126816,0.011955518275499344,"[264, 816, 1949, 503]",,,broken
190,0.0008636219058948822,1.9084340333938599,2.110241174697876,0.9793671369552612,0.9793671369552612,0.9793671369552612,False,3458,0.09326314399999802,37077.88362785704,,0.7676241993904114,0.27601680159568787,0.4990399181842804,0.13083228468894958,0.0949077382683754,0.08499107509851456,0.07243546843528748,0.07633364945650101,0.01628471538424492,"[1886, 232, 448, 892]",0.8975310520001706,0.482498050875746,broken
191,0.0008617734884135905,1.9824730157852173,2.1371023654937744,0.8633565306663513,0.8633565306663513,0.8633565306663513,False,3623,0.043842744999999184,82636.24916733812,,0.6239228248596191,0.28513047099113464,0.49575117230415344,0.10764694958925247,0.07532668858766556,0.06533347815275192,0.060087427496910095,0.061067596077919006,0.012882561422884464,"[284, 1870, 967, 502]",,,broken
192,0.0008599148987913828,1.9773664474487305,2.139596700668335,0.9229263663291931,0.9229263663291931,0.9229263663291931,False,3742,0.04020508400000011,93072.80641423332,,0.6387479901313782,0.32207033038139343,0.5503440499305725,0.12746402621269226,0.08495849370956421,0.07039191573858261,0.06465570628643036,0.06659199297428131,0.01230165921151638,"[512, 1963, 1030, 237]",,,broken
193,0.0008580461976679099,2.022317409515381,2.143533706665039,0.9354172348976135,0.9354172348976135,0.9354172348976135,False,3624,0.0416903989999966,86926.48875824612,,0.663658618927002,0.31233739852905273,0.5471161007881165,0.12310626357793808,0.087770015001297,0.07395783066749573,0.06712052971124649,0.06814883649349213,0.013927781023085117,"[498, 280, 871, 1975]",,,broken
194,0.0008561674460127281,1.9663854837417603,2.1313862800598145,0.8986924290657043,0.8986924290657043,0.8986924290657043,False,3805,0.04182068099999725,90983.69297238968,,0.6832067370414734,0.26660698652267456,0.487320214509964,0.10988176614046097,0.08118834346532822,0.068854421377182,0.06354571133852005,0.06843025237321854,0.01375091727823019,"[504, 1014, 255, 2032]",,,broken
195,0.0008542787051233088,1.868584156036377,2.103816032409668,0.8104328513145447,0.8104328513145447,0.8104328513145447,False,3598,0.04252980400000439,84599.49639080463,,0.5798808932304382,0.2746148109436035,0.4654383361339569,0.11121754348278046,0.07538578659296036,0.06288014352321625,0.057042527943849564,0.05576043576002121,0.01114125270396471,"[912, 1987, 431, 268]",,,broken
196,0.0008523800366230396,1.9625499248504639,2.1303610801696777,0.9090537428855896,0.9090537428855896,0.9090537428855896,False,3618,0.04194188299999979,86262.22146487838,,0.6697399616241455,0.28923499584198,0.5097403526306152,0.1206749752163887,0.08247726410627365,0.06920978426933289,0.06267298012971878,0.06396323442459106,0.012680286541581154,"[280, 905, 1972, 461]",,,broken
197,0.0008504715024592132,1.947556495666504,2.1751561164855957,0.9352298974990845,0.9352298974990845,0.9352298974990845,False,3612,0.04072796200000539,88685.99906863795,,0.6775831580162048,0.3001156449317932,0.5388002991676331,0.12008576840162277,0.0814441666007042,0.07155686616897583,0.06582161784172058,0.06699946522712708,0.0128609798848629,"[969, 228, 1924, 491]",,,broken
198,0.0008485531649010063,2.036930561065674,2.1686360836029053,1.0245683193206787,1.0245683193206787,0.9999990463256836,True,3668,0.04113997900000044,89159.01488427987,,0.767910897731781,0.31959769129753113,0.5582005381584167,0.13685427606105804,0.09419434517621994,0.08047480136156082,0.07543661445379257,0.07936234772205353,0.015984823927283287,"[551, 877, 1959, 281]",,,broken
199,0.0008466250865374482,2.0090670585632324,2.1663310527801514,1.042243242263794,1.042243242263794,0.9999991655349731,True,3696,0.040106622000003256,92154.35795115579,,0.7759494781494141,0.32179754972457886,0.5769188404083252,0.1415504515171051,0.09521694481372833,0.07980681210756302,0.07535586506128311,0.08017811179161072,0.014335826970636845,"[1911, 1022, 269, 494]",,,broken
200,0.0008446873302753783,1.9572162628173828,2.1147799491882324,0.9275714755058289,0.9275714755058289,0.9275714755058289,False,3670,0.08168935799999844,44926.292602275935,,0.6933883428573608,0.287065714597702,0.5091463327407837,0.12446814030408859,0.08544352650642395,0.07356046885251999,0.06911922246217728,0.06927581131458282,0.013569186441600323,"[269, 1041, 510, 1850]",0.8788552932401981,0.5492253588810548,broken
201,0.0008427399593373941,1.930633783340454,2.105799913406372,1.0465068817138672,1.0465068817138672,0.9999991059303284,True,3754,0.039791016999998874,94342.90156494634,,0.7823873162269592,0.2882208824157715,0.592695951461792,0.13763375580310822,0.09743312001228333,0.08237805962562561,0.07877457141876221,0.0836251899600029,0.016312679275870323,"[523, 1007, 243, 1981]",,,broken
202,0.0008407830372597884,1.9562227725982666,2.165146589279175,0.8576952219009399,0.8576952219009399,0.8576952219009399,False,3693,0.03997455900000091,92383.75837992149,,0.6252238154411316,0.26719769835472107,0.4900112450122833,0.1161460131406784,0.08163660019636154,0.07011005282402039,0.06307078152894974,0.06341812759637833,0.012694377452135086,"[1980, 516, 246, 951]",,,broken
203,0.0008388166278904759,1.9349232912063599,2.131344795227051,0.8660489916801453,0.8660489916801453,0.8660489916801453,False,3684,0.03875742900000034,95052.74459768648,,0.6032504439353943,0.3115713894367218,0.5115084648132324,0.10709786415100098,0.07427722960710526,0.06253287196159363,0.05559147149324417,0.05736285820603371,0.011563163250684738,"[1053, 271, 518, 1842]",,,broken
204,0.0008368407953869105,2.010255813598633,2.1584646701812744,1.0283132791519165,1.0283132791519165,0.9999991059303284,True,3579,0.03989606799999734,89708.08852642417,,0.7731530666351318,0.32540321350097656,0.5590059757232666,0.1285226047039032,0.08829892426729202,0.07485879957675934,0.07245144248008728,0.07692781835794449,0.014209745451807976,"[1957, 447, 923, 252]",,,broken
205,0.0008348556042139917,1.9487327337265015,2.1484181880950928,0.8449198603630066,0.8449198603630066,0.8449198603630066,False,3647,0.0403098049999997,90474.26550438603,,0.6069422364234924,0.2663814127445221,0.49140721559524536,0.11513127386569977,0.08091966807842255,0.07009858638048172,0.06453782320022583,0.06359751522541046,0.011993329040706158,"[255, 966, 1907, 519]",,,broken
206,0.000832861119141962,1.9673266410827637,2.132643461227417,0.98346346616745,0.98346346616745,0.98346346616745,False,3700,0.03992605799999893,92671.30754556583,,0.7782045006752014,0.3032025396823883,0.4812051057815552,0.11665832996368408,0.08552198112010956,0.07636215537786484,0.07225777208805084,0.07667979598045349,0.01589283160865307,"[1035, 1933, 255, 477]",,,broken
207,0.0008308574052442928,1.8996740579605103,2.0577406883239746,0.9277955889701843,0.9277955889701843,0.9277955889701843,False,3641,0.039501151999999706,92174.52696063211,,0.6967594623565674,0.2843686640262604,0.5082923769950867,0.11962573230266571,0.0849180743098259,0.07178663462400436,0.06761191785335541,0.06871429085731506,0.011682196520268917,"[502, 242, 1945, 952]",,,broken
208,0.0008288445278955615,1.9613397121429443,2.11259388923645,0.8997471928596497,0.8997471928596497,0.8997471928596497,False,3546,0.04091581499999819,86665.75503873397,,0.632324755191803,0.31042638421058655,0.5291959047317505,0.11529240012168884,0.08373243361711502,0.07006386667490005,0.06310693919658661,0.06274718046188354,0.012863066047430038,"[246, 470, 856, 1974]",,,broken
209,0.0008268225527693193,1.8588988780975342,2.0815389156341553,0.928159773349762,0.928159773349762,0.928159773349762,False,3874,0.04107436800000386,94316.72813564986,,0.7345797419548035,0.2586382031440735,0.4682352542877197,0.11459818482398987,0.08388558775186539,0.07192309945821762,0.06706814467906952,0.07528967410326004,0.015035849995911121,"[2040, 240, 497, 1097]",,,broken
210,0.0008247915458359473,1.9173029661178589,2.124685049057007,0.8509756922721863,0.8509756922721863,0.8509756922721863,False,3758,0.08065783100000345,46591.880210612646,,0.5960996747016907,0.30825895071029663,0.49427351355552673,0.10913150757551193,0.07769745588302612,0.06480424106121063,0.059935759752988815,0.06022849306464195,0.011356125585734844,"[1065, 221, 2003, 469]",0.7728922039023293,0.7365697199570682,broken
211,0.0008227515733605047,1.8971755504608154,2.1420867443084717,1.004753828048706,1.004753828048706,0.9999989867210388,True,3643,0.03957870300000366,92044.45127976184,,0.7319874167442322,0.31241822242736816,0.5732332468032837,0.1345532238483429,0.097105972468853,0.08332516998052597,0.07580405473709106,0.08405810594558716,0.015288718044757843,"[1008, 1914, 223, 498]",,,broken
212,0.0008207027019005675,1.8628242015838623,2.0993125438690186,0.9383677244186401,0.9383677244186401,0.9383677244186401,False,3612,0.039415719999993826,91638.56451183857,,0.7099539041519165,0.28570491075515747,0.5088812708854675,0.11971290409564972,0.08348225802183151,0.07155388593673706,0.06603287905454636,0.07016050070524216,0.01444937288761139,"[500, 221, 1974, 917]",,,broken
213,0.0008186449983040552,1.9015491008758545,2.08302903175354,0.9987391233444214,0.9987391233444214,0.9987391233444214,False,3507,0.040112822999986975,87428.40163608377,,0.7300635576248169,0.33322083950042725,0.5566045045852661,0.12827374041080475,0.09544067829847336,0.08024425059556961,0.07267770916223526,0.07848639041185379,0.014070259407162666,"[849, 1978, 213, 467]",,,broken
214,0.0008165785297070515,1.9416412115097046,2.1395537853240967,1.051795244216919,1.051795244216919,0.9999991059303284,True,3672,0.04034739600000137,91009.59080481614,,0.8173162937164307,0.28618699312210083,0.5552045702934265,0.13587135076522827,0.09581034630537033,0.08392243087291718,0.07509850710630417,0.08680614084005356,0.015924129635095596,"[1000, 236, 457, 1979]",,,broken
215,0.000814503363531613,1.9777597188949585,2.135918617248535,0.9818931818008423,0.9818931818008423,0.9818931818008423,False,3672,0.04045758899999896,90761.71098579538,,0.734200656414032,0.2955988645553589,0.546049177646637,0.1263459175825119,0.08933277428150177,0.0764244794845581,0.06666653603315353,0.0714254304766655,0.013599729165434837,"[1867, 506, 1039, 260]",,,broken
216,0.0008124195674835693,1.8800989389419556,2.0702455043792725,0.9443289041519165,0.9443289041519165,0.9443289041519165,False,3686,0.04015862400000003,91786.01338531911,,0.6840335726737976,0.3101792335510254,0.5405693054199219,0.11763635277748108,0.08325500786304474,0.07203079760074615,0.06784249097108841,0.06849905848503113,0.013266223482787609,"[1910, 249, 1018, 509]",,,broken
217,0.0008103272095503149,1.9355404376983643,2.125011920928955,0.9026064276695251,0.9026064276695251,0.9026064276695251,False,3719,0.04049967899999274,91827.88831488435,,0.6320990920066833,0.305000364780426,0.5387731194496155,0.1145627424120903,0.07749593257904053,0.06893035769462585,0.061728090047836304,0.06345118582248688,0.011373152956366539,"[1945, 1055, 225, 494]",,,broken
218,0.0008082263579985899,1.894646167755127,2.098400354385376,0.9575328230857849,0.9575328230857849,0.9575328230857849,False,3400,0.040030721999997354,84934.76585309215,,0.7261812686920166,0.28599873185157776,0.5172724723815918,0.12401866912841797,0.08772929757833481,0.0806484967470169,0.07040048390626907,0.07378822565078735,0.013477928005158901,"[1789, 913, 457, 241]",,,broken
219,0.0008061170813722532,1.8580142259597778,2.146559238433838,0.9337710738182068,0.9337710738182068,0.9337710738182068,False,3637,0.039563192999992225,91928.87945117864,,0.7307077050209045,0.2632652521133423,0.47727030515670776,0.1253451406955719,0.08774878084659576,0.07821108400821686,0.07468022406101227,0.0747382789850235,0.014418699778616428,"[1009, 481, 197, 1950]",,,broken
220,0.0008039994484900462,1.9456286430358887,2.1247572898864746,0.8144018054008484,0.8144018054008484,0.8144018054008484,False,3734,0.0816671700000029,45722.167181743505,,0.585450291633606,0.26722052693367004,0.47454699873924255,0.09714426100254059,0.06809253990650177,0.060246650129556656,0.055307041853666306,0.05486324802041054,0.011158893816173077,"[243, 1045, 544, 1902]",0.8094042007596381,0.6748195585851707,broken
221,0.0008018735284433474,1.8866651058197021,2.1057772636413574,0.9484191536903381,0.9484191536903381,0.9484191536903381,False,3787,0.03971896599999525,95344.87881684667,,0.6722710728645325,0.326427698135376,0.5527535080909729,0.1228281557559967,0.08313969522714615,0.0692611038684845,0.06676001846790314,0.0634312555193901,0.013514132238924503,"[1999, 285, 453, 1050]",,,broken
222,0.0007997393905939183,1.888856291770935,2.0701990127563477,0.9345531463623047,0.9345531463623047,0.9345531463623047,False,3553,0.038145249999999464,93143.96943263053,,0.6505350470542908,0.3288109302520752,0.553002119064331,0.12067962437868118,0.08399178087711334,0.07249550521373749,0.06730107218027115,0.06869583576917648,0.011980506591498852,"[471, 207, 1966, 909]",,,broken
223,0.0007975971045716397,1.9115393161773682,2.163209915161133,0.9797769784927368,0.9797769784927368,0.9797769784927368,False,3736,0.03854632700000593,96922.33451969172,,0.7305658459663391,0.31159934401512146,0.5402458906173706,0.12554863095283508,0.0836295410990715,0.07340194284915924,0.06697695702314377,0.06687521934509277,0.013202440924942493,"[491, 933, 2048, 264]",,,broken
224,0.0007954467402722411,1.850167155265808,2.1379129886627197,0.9761468172073364,0.9761468172073364,0.9761468172073364,False,3521,0.03961609399999588,88878.02012990897,,0.6770668625831604,0.35034725069999695,0.5749941468238831,0.1272512823343277,0.09217650443315506,0.0762709304690361,0.07360954582691193,0.07050018012523651,0.013649028725922108,"[465, 187, 855, 2014]",,,broken
225,0.000793288367855019,1.9361878633499146,2.1189541816711426,1.01472008228302,1.01472008228302,0.999998927116394,True,3573,0.038703398999999195,92317.4732017742,,0.7828788757324219,0.3137303590774536,0.5268632173538208,0.12448157370090485,0.0853601023554802,0.0748511478304863,0.0733042061328888,0.08210930973291397,0.01567693240940571,"[454, 247, 1968, 904]",,,broken
226,0.0007911220577405485,1.9956966638565063,2.1818459033966064,0.9955595135688782,0.9955595135688782,0.9955595135688782,False,3579,0.040808634999990545,87702.02678920353,,0.7053150534629822,0.36353665590286255,0.569563627243042,0.11924193054437637,0.0825977772474289,0.0750623568892479,0.07284430414438248,0.07021187990903854,0.0140078691765666,"[461, 224, 1937, 957]",,,broken
227,0.0007889478806083859,1.8595829010009766,2.0834078788757324,1.157738447189331,1.157738447189331,0.9999991655349731,True,3645,0.040174144000005185,90729.99788121259,,0.9014478921890259,0.3376843333244324,0.6010900139808655,0.15025128424167633,0.09828893840312958,0.08126463741064072,0.07782202959060669,0.08499588817358017,0.01701328344643116,"[1922, 447, 1054, 222]",,,broken
228,0.0007867659073947619,1.8661080598831177,2.124072551727295,0.8678967952728271,0.8678967952728271,0.8678967952728271,False,3655,0.04034858600000746,90585.57838927303,,0.6223004460334778,0.2850419580936432,0.5034820437431335,0.11266225576400757,0.07765203714370728,0.06608865410089493,0.0617087259888649,0.06460212171077728,0.013120141811668873,"[221, 946, 471, 2017]",,,broken
229,0.0007845762092902678,1.9390381574630737,2.1090493202209473,1.0095946788787842,1.0095946788787842,0.9999990463256836,True,3434,0.03949302099999841,86952.07186100396,,0.7507193684577942,0.3427894115447998,0.5447427034378052,0.12445052713155746,0.09276732057332993,0.0785013884305954,0.074058897793293,0.07421553879976273,0.014281300827860832,"[513, 886, 1759, 276]",,,broken
230,0.0007823788577375329,1.9451583623886108,2.088819742202759,0.8902487754821777,0.8902487754821777,0.8902487754821777,False,3704,0.08142014400000619,45492.42752505717,,0.697524905204773,0.26419132947921753,0.45731645822525024,0.09981024265289307,0.07144951820373535,0.06472478806972504,0.05942319706082344,0.06405682116746902,0.013251702301204205,"[303, 539, 956, 1906]",0.9020638398082879,0.4496377848583404,broken
231,0.0007801739244288929,1.9485598802566528,2.110046863555908,0.9919613599777222,0.9919613599777222,0.9919613599777222,False,3619,0.040008549999996035,90455.6651015935,,0.7212367653846741,0.30768242478370667,0.5719058513641357,0.1291460245847702,0.09045872092247009,0.07662434130907059,0.07495003938674927,0.07428628951311111,0.013831867836415768,"[497, 1013, 212, 1897]",,,broken
232,0.0007779614813040513,1.9127833843231201,2.1387312412261963,0.9090137481689453,0.9090137481689453,0.9090137481689453,False,3628,0.03860035699999287,93988.76803135966,,0.5936695337295532,0.33484983444213867,0.5733783841133118,0.11647064983844757,0.0804934948682785,0.06793221831321716,0.06380702555179596,0.06423361599445343,0.010889359749853611,"[965, 1930, 499, 234]",,,broken
233,0.0007757416005477322,1.8717514276504517,2.0695276260375977,0.8874887824058533,0.8874887824058533,0.8874887824058533,False,3547,0.03991923799999597,88854.40147931575,,0.6662943959236145,0.2795434892177582,0.4835526943206787,0.1122293472290039,0.07702486217021942,0.06761357933282852,0.0618191733956337,0.06796563416719437,0.013400234282016754,"[438, 873, 1951, 285]",,,broken
234,0.0007735143545873251,1.8612114191055298,2.0763909816741943,0.7279317378997803,0.7279317378997803,0.7279317378997803,False,3861,0.03869613800000593,99777.39897452838,,0.5092666745185852,0.24889610707759857,0.43418222665786743,0.08934938907623291,0.06274627149105072,0.052286431193351746,0.05083480477333069,0.0521722249686718,0.010407710447907448,"[2015, 1092, 468, 286]",,,broken
235,0.0007712798160905218,1.9620999097824097,2.1436965465545654,0.9885048270225525,0.9885048270225525,0.9885048270225525,False,3760,0.03803942700000107,98844.81172652506,,0.6291130185127258,0.3776628077030182,0.6348151564598083,0.12770827114582062,0.08282797038555145,0.06735462695360184,0.062897227704525,0.0629417896270752,0.010718592442572117,"[239, 1024, 449, 2048]",,,broken
236,0.0007690380579629454,1.8539756536483765,2.04590106010437,0.88090980052948,0.88090980052948,0.88090980052948,False,3464,0.03998209000000941,86638.79251933015,,0.6326590776443481,0.2926675081253052,0.505219578742981,0.11944058537483215,0.08113494515419006,0.06708001345396042,0.066920205950737,0.06953401118516922,0.013469590805470943,"[446, 306, 874, 1838]",,,broken
237,0.0007667891533457719,1.803049087524414,2.0172269344329834,0.81911301612854,0.81911301612854,0.81911301612854,False,3407,0.03933838899999387,86607.51206666169,,0.5487297773361206,0.2915133535861969,0.5050419569015503,0.10861711949110031,0.07570422440767288,0.06503608077764511,0.061757642775774,0.06394101679325104,0.011553693562746048,"[858, 247, 476, 1826]",,,broken
238,0.0007645331756133438,1.95237135887146,2.085336208343506,0.9384772777557373,0.9384772777557373,0.9384772777557373,False,3698,0.03990916800000832,92660.41326642613,,0.6758139133453369,0.315491259098053,0.5341653227806091,0.1283629834651947,0.08230160176753998,0.07063926756381989,0.07045560330152512,0.07579724490642548,0.014073842205107212,"[550, 1921, 975, 252]",,,broken
239,0.0007622701983707755,1.8649500608444214,2.0726497173309326,0.9927381873130798,0.9927381873130798,0.9927381873130798,False,3649,0.039200696999998286,93085.07958417575,,0.7562640905380249,0.2840893864631653,0.5423673987388611,0.12543417513370514,0.08683192729949951,0.07109898328781128,0.07077684998512268,0.07182717323303223,0.015082404017448425,"[249, 505, 2031, 864]",,,broken
240,0.0007600002954515532,1.9275842905044556,2.1146702766418457,0.8073807954788208,0.8073807954788208,0.8073807954788208,False,3950,0.08283932800000571,47682.66589511358,,0.5986018180847168,0.26263129711151123,0.4401386082172394,0.10668730735778809,0.07930702716112137,0.06926926225423813,0.06347420811653137,0.06468898057937622,0.012599807232618332,"[544, 255, 1159, 1992]",0.8296373924277852,0.6337831917865204,broken
241,0.0007577235409151243,1.9031656980514526,2.0857653617858887,0.8732883930206299,0.8732883930206299,0.8732883930206299,False,3619,0.039088925000001495,92583.76893198934,,0.6353198289871216,0.28915125131607056,0.4924660325050354,0.11849724501371384,0.08017180114984512,0.06686167418956757,0.06133703887462616,0.06333644688129425,0.012517932802438736,"[565, 928, 245, 1881]",,,broken
242,0.0007554400090444822,1.7832280397415161,2.0824880599975586,0.9168848395347595,0.9168848395347595,0.9168848395347595,False,3628,0.03944665000000214,91972.32211099811,,0.6365960240364075,0.31631916761398315,0.5451952219009399,0.12682652473449707,0.08514399081468582,0.07237640768289566,0.06587429344654083,0.0711401179432869,0.012433327734470367,"[477, 1970, 173, 1008]",,,broken
243,0.0007531497743437424,1.8139328956604004,2.051222085952759,0.9387890696525574,0.9387890696525574,0.9387890696525574,False,3407,0.040119382000000314,84921.54739571943,,0.7046133875846863,0.2964586913585663,0.5079566240310669,0.12435458600521088,0.08893372118473053,0.07091033458709717,0.07107945531606674,0.0728049948811531,0.013522559776902199,"[1780, 461, 952, 214]",,,broken
244,0.0007508529115357114,1.8509113788604736,2.08834171295166,0.7653217315673828,0.7653217315673828,0.7653217315673828,False,3834,0.0398153069999978,96294.62357279354,,0.5408523082733154,0.2595244348049164,0.44727998971939087,0.10090240091085434,0.0720796063542366,0.061603546142578125,0.05728917196393013,0.05670914798974991,0.010684322565793991,"[509, 270, 1116, 1939]",,,broken
245,0.0007485494955594495,1.878348469734192,2.0741004943847656,0.8619332313537598,0.8619332313537598,0.8619332313537598,False,3764,0.03949986199999955,95291.47215754937,,0.6250802278518677,0.27678635716438293,0.4921813905239105,0.1182808056473732,0.07902101427316666,0.06811089813709259,0.06340158730745316,0.06544242054224014,0.013198070228099823,"[1087, 1902, 525, 250]",,,broken
246,0.000746239601567825,1.8260281085968018,2.0669491291046143,0.9282901883125305,0.9282901883125305,0.9282901883125305,False,3586,0.03952907200000766,90718.04164791183,,0.6109351515769958,0.3357095420360565,0.5821283459663391,0.12339164316654205,0.08540892601013184,0.06866806000471115,0.06775374710559845,0.07016997784376144,0.012520735152065754,"[991, 1914, 202, 479]",,,broken
247,0.000743923304925062,1.835113286972046,2.0270586013793945,0.8807342052459717,0.8807342052459717,0.8807342052459717,False,3602,0.041073277999998936,87696.92061101364,,0.594225287437439,0.3172600567340851,0.5397502779960632,0.11492136865854263,0.07618504762649536,0.06609663367271423,0.06046287715435028,0.05868671089410782,0.01117761805653572,"[513, 969, 241, 1879]",,,broken
248,0.0007416006812042827,1.8017354011535645,1.9722806215286255,0.8677647113800049,0.8677647113800049,0.8677647113800049,False,3705,0.03881685999999718,95448.21502821891,,0.6035261154174805,0.29527246952056885,0.5171436667442322,0.12171654403209686,0.08109703660011292,0.06559599190950394,0.06276480108499527,0.06589977443218231,0.013107581064105034,"[1908, 300, 949, 548]",,,broken
249,0.0007392718061850407,1.8888752460479736,2.0959553718566895,0.8711315393447876,0.8711315393447876,0.8711315393447876,False,3695,0.03904368400000635,94637.58594090145,,0.6164568662643433,0.29531580209732056,0.5069140195846558,0.11529509723186493,0.08372785151004791,0.07066155970096588,0.06614143401384354,0.06941802054643631,0.013708706013858318,"[244, 1982, 968, 501]",,,broken
250,0.000736936755850849,1.924497127532959,2.088768720626831,0.9794081449508667,0.9794081449508667,0.9794081449508667,False,3671,0.0810186070000043,45310.57908709545,,0.7439331412315369,0.3014428913593292,0.5181813836097717,0.13075648248195648,0.09730096906423569,0.08104954659938812,0.08052656054496765,0.0809856429696083,0.015715787187218666,"[239, 1053, 1864, 515]",0.8787982461280254,0.5115691821478939,broken
251,0.0007345956063867004,1.9523001909255981,2.090696096420288,1.1535087823867798,1.1535087823867798,0.9999989867210388,True,3730,0.04099301700000524,90991.10709513094,,0.795929491519928,0.41307327151298523,0.6891181468963623,0.1458723098039627,0.099611297249794,0.08488049358129501,0.08010628819465637,0.08085170388221741,0.014324484393000603,"[2048, 883, 283, 516]",,,broken
252,0.0007322484341765824,1.9862415790557861,2.1182684898376465,1.0132070779800415,1.0132070779800415,0.9999990463256836,True,3643,0.040249484999989704,90510.47485454613,,0.6736440062522888,0.3658445179462433,0.6336609125137329,0.12676677107810974,0.08519802987575531,0.07039635628461838,0.06737712025642395,0.06657516211271286,0.012955165468156338,"[1024, 261, 1815, 543]",,,broken
253,0.0007298953158009852,1.945136308670044,2.086207866668701,0.8502750396728516,0.8502750396728516,0.8502750396728516,False,3666,0.03951878300000544,92766.01458095244,,0.6359220743179321,0.2660173177719116,0.46668317914009094,0.10962793231010437,0.07603853195905685,0.06469208002090454,0.0626714676618576,0.06281198561191559,0.012415070086717606,"[297, 497, 928, 1944]",,,broken
254,0.0007275363280344022,1.8723081350326538,2.045696258544922,0.8631064295768738,0.8631064295768738,0.8631064295768738,False,3568,0.0402333939999977,88682.55061952278,,0.6342350840568542,0.27288463711738586,0.4876585006713867,0.10786957293748856,0.07631690055131912,0.06870849430561066,0.06315979361534119,0.06396988779306412,0.01262644212692976,"[535, 916, 1877, 240]",,,broken
255,0.0007251715478428263,1.9049893617630005,2.0933268070220947,0.9191651344299316,0.9191651344299316,0.9191651344299316,False,3732,0.038955702999999176,95801.12057020454,,0.6530561447143555,0.3078850507736206,0.538689136505127,0.11559983342885971,0.07977356761693954,0.07208006829023361,0.06555157899856567,0.06338410079479218,0.012877706438302994,"[523, 939, 1979, 291]",,,broken
256,0.0007228010523812372,1.8256014585494995,2.037139654159546,0.8673717975616455,0.8673717975616455,0.8673717975616455,False,3560,0.03928448900001058,90621.0082050206,,0.5960417985916138,0.305351197719574,0.5237035155296326,0.11198868602514267,0.07361837476491928,0.06511460989713669,0.06036009639501572,0.059601616114377975,0.012900741770863533,"[921, 1922, 472, 245]",,,broken
257,0.000720424918991086,1.8549437522888184,2.0764553546905518,0.8155804872512817,0.8155804872512817,0.8155804872512817,False,3490,0.03990982899999551,87447.12987871715,,0.545741617679596,0.2929658591747284,0.5043781399726868,0.10822589695453644,0.07244735211133957,0.06283817440271378,0.05563436448574066,0.05477876216173172,0.010262403637170792,"[1893, 225, 460, 912]",,,broken
258,0.0007180432251977702,1.8349416255950928,2.03977370262146,0.9346391558647156,0.9346391558647156,0.9346391558647156,False,3675,0.0398269479999982,92274.20589697624,,0.6643152832984924,0.3140542507171631,0.5506041646003723,0.11140396445989609,0.0766654685139656,0.06660807132720947,0.06318926066160202,0.05969309061765671,0.01262350007891655,"[263, 885, 2031, 496]",,,broken
259,0.0007156560487081052,1.8936231136322021,2.02789044380188,0.8791775703430176,0.8791775703430176,0.8791775703430176,False,3540,0.038551166000004855,91826.01636483717,,0.5979079008102417,0.3138110339641571,0.5333654284477234,0.11666499078273773,0.08164583146572113,0.07087484747171402,0.06039774790406227,0.05844450369477272,0.011819528415799141,"[513, 864, 1916, 247]",,,broken
260,0.0007132634674077885,1.922286868095398,2.067460775375366,0.9516868591308594,0.9516868591308594,0.9516868591308594,False,3629,0.07987597999999707,45432.93240346013,,0.6671788692474365,0.3186466097831726,0.5689938068389893,0.12024472653865814,0.08246949315071106,0.07115611433982849,0.06512627750635147,0.067595474421978,0.012524928897619247,"[470, 284, 939, 1936]",0.8292474760448396,0.5928771999385564,broken
261,0.000710865559358859,1.892396092414856,2.0169928073883057,0.8633376955986023,0.8633376955986023,0.8633376955986023,False,3563,0.03954202299999565,90106.66955508047,,0.5889614224433899,0.31032079458236694,0.5222775340080261,0.11196809262037277,0.07342740148305893,0.06558296084403992,0.06012776866555214,0.05861222743988037,0.01110627967864275,"[1922, 307, 822, 512]",,,broken
262,0.0007084624027971498,1.9064542055130005,2.060074806213379,0.8463180661201477,0.8463180661201477,0.8463180661201477,False,3627,0.039263699000002816,92375.40253147672,,0.5850521326065063,0.29475870728492737,0.5089912414550781,0.10771965235471725,0.07178614288568497,0.06338910758495331,0.059154413640499115,0.060192931443452835,0.010775959119200706,"[487, 1925, 926, 289]",,,broken
263,0.0007060540761297353,1.93411123752594,2.0893115997314453,0.9072726964950562,0.9072726964950562,0.9072726964950562,False,3826,0.03878570000000536,98644.60355232653,,0.6554708480834961,0.2859950661659241,0.5239665508270264,0.1271345466375351,0.08242632448673248,0.07198777794837952,0.06605736166238785,0.06680558621883392,0.014198817312717438,"[304, 1010, 2048, 464]",,,broken
264,0.0007036406579323739,1.840828537940979,2.022986888885498,0.9125019311904907,0.9125019311904907,0.9125019311904907,False,3527,0.03866430800000842,91221.08172734482,,0.6423338651657104,0.3074946105480194,0.5404510498046875,0.12243101000785828,0.07757338881492615,0.06685077399015427,0.0639098584651947,0.06073729321360588,0.013312089256942272,"[230, 1837, 959, 501]",,,broken
265,0.0007012222269469436,1.7772772312164307,2.030545473098755,0.8355520963668823,0.8355520963668823,0.8355520963668823,False,3610,0.03979229799999473,90721.07371131162,,0.5823456048965454,0.28558072447776794,0.4980478584766388,0.11041820794343948,0.07512460649013519,0.06465543806552887,0.060627713799476624,0.05991770327091217,0.011437800712883472,"[883, 2002, 224, 501]",,,broken
266,0.0006987988620788731,1.8962137699127197,2.0609939098358154,1.0304272174835205,1.0304272174835205,0.9999990463256836,True,3593,0.038892081999989614,92383.843066076,,0.7717811465263367,0.3122505247592926,0.5693464279174805,0.13573245704174042,0.08953409641981125,0.08103082329034805,0.0728331059217453,0.07708226889371872,0.015046147629618645,"[306, 836, 478, 1973]",,,broken
267,0.0006963706423945674,1.8740930557250977,2.0904102325439453,0.9767997860908508,0.9767997860908508,0.9767997860908508,False,3654,0.03981046799999888,91784.90441258071,,0.6993359327316284,0.3303133249282837,0.5610587000846863,0.12952415645122528,0.08817250281572342,0.07846279442310333,0.07239972054958344,0.07079295068979263,0.014581587165594101,"[494, 953, 2005, 202]",,,broken
268,0.0006939376471188285,1.8338820934295654,2.0566816329956055,0.907673716545105,0.907673716545105,0.907673716545105,False,3689,0.03919602700000269,94116.68177490916,,0.6497305035591125,0.2914368808269501,0.5277646780014038,0.12115707993507385,0.08237019181251526,0.07287726551294327,0.0768156424164772,0.07350020855665207,0.013147542253136635,"[237, 1057, 1915, 480]",,,broken
269,0.0006914999556322696,1.8475937843322754,2.016265392303467,0.8584812879562378,0.8584812879562378,0.8584812879562378,False,3793,0.03933842000000709,96419.73419367927,,0.609550952911377,0.27916520833969116,0.5046430826187134,0.1198580265045166,0.07493627816438675,0.0669868141412735,0.06554333865642548,0.06267108023166656,0.012149292975664139,"[2026, 993, 267, 507]",,,broken
270,0.0006890576474687264,1.80408775806427,2.0992894172668457,0.9115123748779297,0.9115123748779297,0.9115123748779297,False,3692,0.08165476800000704,45214.750962242426,,0.6715531349182129,0.2846427261829376,0.5127622485160828,0.12125732004642487,0.0812910720705986,0.07072202861309052,0.06831051409244537,0.0690605491399765,0.013256821781396866,"[2013, 1027, 193, 459]",0.8186359509134933,0.6155326960223348,broken
271,0.000686610802312661,1.8676594495773315,2.0329277515411377,0.9004560708999634,0.9004560708999634,0.9004560708999634,False,3757,0.0387432099999927,96971.83067692914,,0.6473730206489563,0.2925458550453186,0.5204397439956665,0.12279075384140015,0.07702652364969254,0.06997932493686676,0.06688547134399414,0.06871802359819412,0.013604100793600082,"[493, 1916, 1080, 268]",,,broken
272,0.0006841594999965631,1.793974757194519,2.023616313934326,0.8581802248954773,0.8581802248954773,0.8581802248954773,False,3507,0.04019660299999828,87246.17848926563,,0.6181079745292664,0.2763059437274933,0.49353817105293274,0.11321038007736206,0.0791727602481842,0.0715366005897522,0.06928626447916031,0.07253245264291763,0.015065783634781837,"[522, 1801, 951, 233]",,,broken
273,0.0006817038204983444,1.8815507888793945,2.066769599914551,0.8795347809791565,0.8795347809791565,0.8795347809791565,False,3763,0.039375149999997916,95567.88990010702,,0.5422832369804382,0.3324185013771057,0.577800452709198,0.12872591614723206,0.08071784675121307,0.06689855456352234,0.06203131377696991,0.06027071550488472,0.010645480826497078,"[995, 2048, 480, 240]",,,broken
274,0.0006792438439387299,1.8565258979797363,2.0356831550598145,0.8483131527900696,0.8483131527900696,0.8483131527900696,False,3513,0.03975232599999856,88372.18732811074,,0.6170198321342468,0.281138151884079,0.48135796189308167,0.10689615458250046,0.07083200663328171,0.06423060595989227,0.060043204575777054,0.06203741580247879,0.012415853329002857,"[923, 1851, 481, 258]",,,broken
275,0.0006767796505786434,1.8390333652496338,2.0274386405944824,1.0062047243118286,1.0062047243118286,0.9999989867210388,True,3525,0.03921801799999969,89882.15569690513,,0.7073098421096802,0.34868013858795166,0.5857969522476196,0.13600726425647736,0.09285333752632141,0.08135019242763519,0.08050213009119034,0.08375852555036545,0.01382774394005537,"[1906, 211, 464, 944]",,,broken
276,0.0006743113208165891,1.8628787994384766,2.0218493938446045,0.8391510844230652,0.8391510844230652,0.8391510844230652,False,3531,0.04040243699999735,87395.71823353705,,0.5793319344520569,0.2867157757282257,0.5034085512161255,0.11832666397094727,0.07438762485980988,0.06951392441987991,0.06472267210483551,0.06503268331289291,0.011739058420062065,"[501, 962, 1810, 258]",,,broken
277,0.0006718389351860285,1.8622498512268066,2.0594241619110107,0.8135504722595215,0.8135504722595215,0.8135504722595215,False,3655,0.03987637900000607,91658.2721816202,,0.5819480419158936,0.28748950362205505,0.46079108119010925,0.10391557216644287,0.07350027561187744,0.06751315295696259,0.05986878648400307,0.061161164194345474,0.011770674958825111,"[1936, 508, 916, 295]",,,broken
278,0.0006693625743527519,1.8460708856582642,2.010347366333008,0.9022956490516663,0.9022956490516663,0.9022956490516663,False,3535,0.04243500100000119,83303.87455393015,,0.6542280912399292,0.29248398542404175,0.5142551064491272,0.12216340005397797,0.08008845150470734,0.07325908541679382,0.0681714117527008,0.06788326054811478,0.012547842226922512,"[528, 264, 1866, 877]",,,broken
279,0.0006668823191122488,1.8832049369812012,2.0347256660461426,0.9538898468017578,0.9538898468017578,0.9538898468017578,False,3702,0.040519140000000675,91364.22934938743,,0.6524848341941833,0.3264230489730835,0.5811465978622437,0.1289493292570114,0.08486752212047577,0.07577653229236603,0.07140835374593735,0.0712113082408905,0.011969689279794693,"[264, 1103, 507, 1828]",,,broken
280,0.0006643982503870692,1.8793495893478394,2.0517187118530273,0.9042986035346985,0.9042986035346985,0.9042986035346985,False,3710,0.08240700100000709,45020.44674577687,,0.6580038070678711,0.295038104057312,0.5094089508056641,0.12128213047981262,0.0840768814086914,0.07707975804805756,0.07274029403924942,0.07089202851057053,0.014335480518639088,"[494, 1970, 251, 995]",0.8460832341936675,0.6160124456181116,broken
281,0.0006619104492241848,1.8230339288711548,2.03175950050354,0.9105745553970337,0.9105745553970337,0.9105745553970337,False,3652,0.04015960200000279,90937.15619989825,,0.6169298887252808,0.3141110837459564,0.5567478537559509,0.1330363005399704,0.08496273308992386,0.07634703814983368,0.06656453758478165,0.06772194057703018,0.012094426900148392,"[523, 260, 894, 1975]",,,broken
282,0.0006594189967923444,1.8693517446517944,2.037334442138672,0.9265692830085754,0.9265692830085754,0.9265692830085754,False,3581,0.040291495000005284,88877.31765722593,,0.6858599185943604,0.2850320637226105,0.5177332758903503,0.12672458589076996,0.08259300142526627,0.07507839053869247,0.07072572410106659,0.07148246467113495,0.014365154318511486,"[1852, 253, 501, 975]",,,broken
283,0.000656923974379426,1.871290922164917,2.02073073387146,0.9173681735992432,0.9173681735992432,0.9173681735992432,False,3765,0.040216453999988744,93618.39808156765,,0.6882756352424622,0.2754468023777008,0.5065372586250305,0.11715652048587799,0.08177894353866577,0.0730443224310875,0.06885028630495071,0.06874026358127594,0.013252933509647846,"[954, 278, 541, 1992]",,,broken
284,0.0006544254633897843,1.8925771713256836,2.0212109088897705,0.8459984660148621,0.8459984660148621,0.8459984660148621,False,3745,0.038889151999995875,96299.3484661326,,0.5849209427833557,0.28817278146743774,0.5109577178955078,0.11187973618507385,0.07376530021429062,0.06463498622179031,0.05955696105957031,0.06026806682348251,0.012010539881885052,"[536, 1016, 264, 1929]",,,broken
285,0.000651923545341594,1.9216467142105103,2.0477261543273926,1.1360061168670654,1.1360061168670654,0.9999991059303284,True,3673,0.03935932999999636,93319.67795184368,,0.8159679174423218,0.40219199657440186,0.6417152285575867,0.15113142132759094,0.09366011619567871,0.08225582540035248,0.07910202443599701,0.07911059260368347,0.015960998833179474,"[1974, 308, 487, 904]",,,broken
286,0.0006494183018641919,1.8550209999084473,2.0100624561309814,0.9144997596740723,0.9144997596740723,0.9144997596740723,False,3642,0.03938241999999548,92477.8111655002,,0.6843389272689819,0.26914751529693604,0.505158007144928,0.1237301379442215,0.086177296936512,0.07798711210489273,0.07537232339382172,0.07510964572429657,0.014998371712863445,"[1857, 481, 263, 1041]",,,broken
287,0.0006469098146954119,1.7855486869812012,2.0012638568878174,0.9504449367523193,0.9504449367523193,0.9504449367523193,False,3597,0.039494391999994605,91076.22165700111,,0.7190690636634827,0.2787455916404724,0.5184653401374817,0.13054537773132324,0.08156789839267731,0.0724298283457756,0.07284650206565857,0.07284299284219742,0.015017337165772915,"[2027, 457, 230, 883]",,,broken
288,0.0006443981656789193,1.8360507488250732,2.0369508266448975,0.945597767829895,0.945597767829895,0.945597767829895,False,3717,0.039100314999998886,95063.17276472341,,0.6720222234725952,0.3177393078804016,0.5509780645370483,0.12495693564414978,0.08261889219284058,0.07416749745607376,0.06938164681196213,0.07132606953382492,0.012802290730178356,"[477, 1984, 1052, 204]",,,broken
289,0.0006418834367615395,1.849949598312378,1.9895862340927124,0.994402289390564,0.994402289390564,0.994402289390564,False,3397,0.041065428999999654,82721.64890813702,,0.6800394654273987,0.3424273133277893,0.6083993315696716,0.1264791190624237,0.08586907386779785,0.07525361329317093,0.0708393007516861,0.06888413429260254,0.013388318009674549,"[1718, 954, 464, 261]",,,broken
290,0.0006393657099905854,1.8013808727264404,2.00144100189209,1.0112968683242798,1.0112968683242798,0.9999991059303284,True,3755,0.08168064899999194,45971.72091519951,,0.7359712719917297,0.31828773021698,0.57906574010849,0.13877277076244354,0.08789245039224625,0.07814857363700867,0.07448896765708923,0.07464079558849335,0.015274547971785069,"[239, 2048, 507, 961]",0.8405446150125734,0.6117857604412884,broken
291,0.0006368450675111802,1.8639380931854248,2.03733491897583,0.9480127096176147,0.9480127096176147,0.9480127096176147,False,3708,0.03922705700000506,94526.59168388598,,0.6906515955924988,0.2925816476345062,0.5488591194152832,0.11868465691804886,0.08069905638694763,0.07157504558563232,0.06882552802562714,0.06523820757865906,0.012794386595487595,"[1075, 255, 513, 1865]",,,broken
292,0.0006343215915635762,1.7674823999404907,1.9796251058578491,0.796396017074585,0.796396017074585,0.796396017074585,False,3781,0.03922351700001059,96396.25125913566,,0.5618022680282593,0.25750160217285156,0.4748411476612091,0.10869864374399185,0.06991904228925705,0.0610310398042202,0.05631805211305618,0.055822763592004776,0.0112639544531703,"[1949, 471, 305, 1056]",,,broken
293,0.000631795364480473,1.80279541015625,2.01505970954895,0.7951760292053223,0.7951760292053223,0.7951760292053223,False,3810,0.03988981900000965,95513.09320303204,,0.5360905528068542,0.2782720625400543,0.4901793301105499,0.10779853165149689,0.0715777575969696,0.0633777305483818,0.05808694288134575,0.05438197776675224,0.010416019707918167,"[2048, 502, 1002, 258]",,,broken
294,0.0006292664686843307,1.7728694677352905,1.98244047164917,0.9177480340003967,0.9177480340003967,0.9177480340003967,False,3486,0.03934673999999916,88596.92060892655,,0.6861777305603027,0.2861328125,0.5061110854148865,0.11596641689538956,0.0759839415550232,0.06995542347431183,0.06692620366811752,0.06782782822847366,0.014347310177981853,"[250, 870, 496, 1870]",,,broken
295,0.0006267349866846808,1.8519842624664307,2.037287950515747,1.0525041818618774,1.0525041818618774,0.9999990463256836,True,3513,0.03976753599999938,88338.38737205279,,0.7677021026611328,0.32791993021965027,0.6039209961891174,0.1361369788646698,0.09089319407939911,0.08466090261936188,0.07617689669132233,0.07826931029558182,0.01597023382782936,"[878, 479, 1927, 229]",,,broken
296,0.0006242010010754336,1.8357336521148682,2.033763885498047,1.0037305355072021,1.0037305355072021,0.9999991059303284,True,3565,0.039967760000010344,89196.8926954895,,0.6687049865722656,0.3440605700016022,0.6297940611839294,0.13932545483112335,0.09219174832105637,0.07899575680494308,0.0752134770154953,0.0727720558643341,0.013652941212058067,"[1903, 965, 192, 505]",,,broken
297,0.0006216645945321841,1.9147173166275024,2.0508203506469727,1.1334480047225952,1.1334480047225952,0.9999992847442627,True,3732,0.03999598999999421,93309.35426277836,,0.6738419532775879,0.4282594919204712,0.7755039930343628,0.141402006149292,0.09359529614448547,0.08209254592657089,0.0717574954032898,0.07098162174224854,0.012146702967584133,"[216, 1978, 979, 559]",,,broken
298,0.0006191258498095149,1.8325912952423096,2.03509259223938,0.936938464641571,0.936938464641571,0.936938464641571,False,3772,0.03931132900000023,95951.9837144142,,0.6314101815223694,0.32933104038238525,0.5789172649383545,0.12167003005743027,0.07860788702964783,0.07264143973588943,0.06703795492649078,0.06832074373960495,0.012223249301314354,"[257, 1917, 492, 1106]",,,broken
299,0.000616584849738295,1.7220520973205566,2.015735387802124,0.889430820941925,0.889430820941925,0.889430820941925,False,3680,0.03998753000000477,92028.6899440791,,0.6444375514984131,0.2871270775794983,0.5138217210769653,0.11450493335723877,0.07060384005308151,0.0633254423737526,0.0596216544508934,0.05933606997132301,0.01228238083422184,"[158, 521, 1040, 1961]",,,broken
300,0.0006140416772229784,1.7295913696289062,1.9655743837356567,0.852653443813324,0.852653443813324,0.852653443813324,False,3604,0.08175937099998976,44080.573956475906,,0.5537464618682861,0.3151118755340576,0.5376439094543457,0.11965039372444153,0.07376120239496231,0.0664924830198288,0.06329572945833206,0.06079218536615372,0.012089001014828682,"[219, 974, 1926, 485]",0.7940609186410509,0.6931896571127039,broken
301,0.0006114964152388986,1.753685712814331,1.98634934425354,0.7786670327186584,0.7786670327186584,0.7786670327186584,False,3583,0.03935087000000692,91052.62475770853,,0.48519474267959595,0.2910922169685364,0.5082650184631348,0.10794176906347275,0.07117647677659988,0.06379015743732452,0.05912866070866585,0.058725882321596146,0.01042875461280346,"[925, 1946, 465, 247]",,,broken
302,0.0006089491468295619,1.8043235540390015,1.9680588245391846,0.9606764316558838,0.9606764316558838,0.9606764316558838,False,3585,0.03992140900000152,89801.43962353292,,0.6491751074790955,0.336098849773407,0.5908273458480835,0.12979283928871155,0.08511201292276382,0.07636908441781998,0.06704329699277878,0.06954551488161087,0.013329960405826569,"[901, 499, 250, 1935]",,,broken
303,0.000606399955103937,1.8494040966033936,2.028409957885742,0.8584011197090149,0.8584011197090149,0.8584011197090149,False,3897,0.04026054499999532,96794.5168154195,,0.5971351265907288,0.28320929408073425,0.5177876949310303,0.11536619812250137,0.07600682973861694,0.0679415687918663,0.06426860392093658,0.06328287720680237,0.011529271490871906,"[488, 1065, 296, 2048]",,,broken
304,0.0006038489232337446,1.756588101387024,1.9626877307891846,0.9244553446769714,0.9244553446769714,0.9244553446769714,False,3610,0.038973663000007264,92626.6540560821,,0.6469841599464417,0.3120643198490143,0.5506026148796082,0.12358569353818893,0.0800003930926323,0.06952355057001114,0.06562639772891998,0.06725145131349564,0.012052079662680626,"[207, 531, 948, 1924]",,,broken
305,0.0006012961344507433,1.7953908443450928,2.0057871341705322,0.9762298464775085,0.9762298464775085,0.9762298464775085,False,3754,0.039407021000002374,95262.21228444987,,0.6986124515533447,0.3196910321712494,0.566686749458313,0.13117928802967072,0.08639161288738251,0.07725230604410172,0.07395957410335541,0.07314320653676987,0.013032287359237671,"[1974, 551, 1030, 199]",,,broken
306,0.0005987416720440136,1.7079373598098755,1.9485563039779663,0.7591372728347778,0.7591372728347778,0.7591372728347778,False,3581,0.039509722000005354,90635.91993888275,,0.5020169019699097,0.26773199439048767,0.4761776626110077,0.10026925802230835,0.07227860391139984,0.06543652713298798,0.05698806419968605,0.05404585599899292,0.010686516761779785,"[506, 214, 1081, 1780]",,,broken
307,0.000596185619357241,1.8511767387390137,2.035182476043701,1.0133885145187378,1.0133885145187378,0.9999991059303284,True,3644,0.03857053699999824,94476.25787528357,,0.6576797962188721,0.3828155994415283,0.6383249759674072,0.12783116102218628,0.08829657733440399,0.07812328636646271,0.06991981714963913,0.07150670140981674,0.012832324020564556,"[536, 909, 1997, 202]",,,broken
308,0.0005936280597859967,1.7623385190963745,1.963600993156433,1.0490763187408447,1.0490763187408447,0.9999991059303284,True,3534,0.039184406000003946,90188.93893656686,,0.7322612404823303,0.3656104505062103,0.6260584592819214,0.12612776458263397,0.08401674777269363,0.07576095312833786,0.07183395326137543,0.06866639852523804,0.012347877025604248,"[939, 499, 248, 1848]",,,broken
309,0.0005910690767750163,1.7986730337142944,1.987894892692566,0.8978145718574524,0.8978145718574524,0.8978145718574524,False,3579,0.04017110400000945,89093.89196769793,,0.6038594245910645,0.32440292835235596,0.5454753041267395,0.12305033951997757,0.08465145528316498,0.07887544482946396,0.07157091796398163,0.06948620826005936,0.012839440256357193,"[486, 216, 1050, 1827]",,,broken
310,0.000588508753815478,1.7714718580245972,2.014826536178589,0.8851961493492126,0.8851961493492126,0.8851961493492126,False,3631,0.08070690299999228,44989.9558158036,,0.5879555344581604,0.32193148136138916,0.5455575585365295,0.12226811796426773,0.08061882108449936,0.07270515710115433,0.07138542085886002,0.06802915781736374,0.012199933640658855,"[1935, 458, 1044, 194]",0.7750975085495605,0.7535163942638327,broken
311,0.0005859471744422774,1.8276506662368774,2.0424842834472656,0.9934303164482117,0.9934303164482117,0.9934303164482117,False,3700,0.040015541000002486,92464.07539510138,,0.6956822276115417,0.3215627670288086,0.5954272747039795,0.13520167768001556,0.08839524537324905,0.08471762388944626,0.07665391266345978,0.07525809854269028,0.013560508377850056,"[1025, 294, 1927, 454]",,,broken
312,0.0005833844222313035,1.8147720098495483,1.9862242937088013,0.9559140205383301,0.9559140205383301,0.9559140205383301,False,3524,0.0404945089999984,87024.14443400559,,0.6496698260307312,0.32178938388824463,0.5890263915061951,0.1320069283246994,0.08485395461320877,0.08019199967384338,0.0716460719704628,0.06953858584165573,0.013215995393693447,"[526, 1876, 891, 231]",,,broken
313,0.0005808205807967105,1.803192138671875,2.024198055267334,0.8166314363479614,0.8166314363479614,0.8166314363479614,False,3882,0.04048010800001123,95898.95362924732,,0.5562826991081238,0.2661868631839752,0.5042868852615356,0.11788719147443771,0.07457908242940903,0.06852898746728897,0.06670989841222763,0.05954494699835777,0.011149820871651173,"[518, 263, 1053, 2048]",,,broken
314,0.0005782557337881911,1.8177495002746582,2.0056023597717285,0.9389888048171997,0.9389888048171997,0.9389888048171997,False,3532,0.04019842400001039,87864.141141431,,0.6310638189315796,0.3149740695953369,0.5835980176925659,0.13936278223991394,0.08694622665643692,0.07823040336370468,0.0725908949971199,0.071597158908844,0.012876948341727257,"[489, 265, 1867, 911]",,,broken
315,0.0005756899648882457,1.7436915636062622,1.9394845962524414,0.9639157056808472,0.9639157056808472,0.9639157056808472,False,3580,0.039884779000004755,89758.55175227555,,0.6703687310218811,0.3073822259902954,0.5860394239425659,0.12903854250907898,0.08787322789430618,0.07971761375665665,0.07468292117118835,0.07273142784833908,0.014771800488233566,"[479, 267, 1038, 1796]",,,broken
316,0.0005731233578094533,1.8593993186950684,2.058328151702881,0.9333521127700806,0.9333521127700806,0.9333521127700806,False,3780,0.04159503699999334,90876.226411353,,0.6499751806259155,0.2953943610191345,0.561747670173645,0.13887082040309906,0.09019087255001068,0.08357032388448715,0.07576111704111099,0.07422235608100891,0.01441893819719553,"[1044, 545, 1983, 208]",,,broken
317,0.0005705559962917404,1.793713927268982,1.9822782278060913,0.8851110935211182,0.8851110935211182,0.8851110935211182,False,3599,0.03917387599999245,91872.45091603123,,0.6032623052597046,0.29015544056892395,0.5446737408638,0.12627318501472473,0.08327089995145798,0.0748080238699913,0.07035023719072342,0.07086900621652603,0.013780972920358181,"[1920, 242, 915, 522]",,,broken
318,0.000567987964099648,1.8774449825286865,1.9989147186279297,0.9026160836219788,0.9026160836219788,0.9026160836219788,False,3561,0.04001485099999513,88991.95951024366,,0.5620730519294739,0.3374924063682556,0.5856841206550598,0.13149626553058624,0.0893934965133667,0.08002479374408722,0.07252898812294006,0.06914208084344864,0.011625074781477451,"[455, 988, 1846, 272]",,,broken
319,0.0005654193450195986,1.774296522140503,1.9833531379699707,0.8528146743774414,0.8528146743774414,0.8528146743774414,False,3699,0.040677552000005335,90934.67571498685,,0.608353853225708,0.26486554741859436,0.5031352043151855,0.11797156184911728,0.07736220955848694,0.06966738402843475,0.06720525026321411,0.06681187450885773,0.012788466177880764,"[271, 1926, 538, 964]",,,broken
320,0.0005628502228571633,1.7533106803894043,1.9592487812042236,0.8283742070198059,0.8283742070198059,0.8283742070198059,False,3731,0.08173426000000461,45647.93270288114,,0.5659881234169006,0.27272462844848633,0.5110766887664795,0.11435142904520035,0.07526536285877228,0.06659944355487823,0.059770479798316956,0.058401335030794144,0.011106794700026512,"[266, 479, 1054, 1932]",0.8166455209966286,0.6676743159433052,broken
321,0.0005602806814343274,1.8713486194610596,2.025327682495117,1.0686315298080444,1.0686315298080444,0.999998927116394,True,3570,0.0397264650000011,89864.52733712655,,0.8180986642837524,0.3076085150241852,0.5732048749923706,0.13382910192012787,0.09275595843791962,0.08667018264532089,0.0816599503159523,0.0920359194278717,0.01833922788500786,"[1944, 226, 887, 513]",,,broken
322,0.0005577108045867546,1.7060015201568604,1.949203610420227,0.8935937285423279,0.8935937285423279,0.8935937285423279,False,3642,0.03915456599999345,93015.97162386142,,0.6032954454421997,0.30518725514411926,0.5481777191162109,0.12435174733400345,0.08766797184944153,0.08017726242542267,0.0739753246307373,0.07563651353120804,0.011647479608654976,"[1982, 952, 209, 499]",,,broken
323,0.0005551406761610531,1.7714991569519043,2.0032765865325928,0.9471604228019714,0.9471604228019714,0.9471604228019714,False,3687,0.039922759000006636,92353.33660179617,,0.666689932346344,0.3189028799533844,0.5572966933250427,0.1349417120218277,0.08639317005872726,0.0699838399887085,0.06835068762302399,0.07034479826688766,0.012950511649250984,"[452, 980, 275, 1980]",,,broken
324,0.0005525703800120388,1.8149080276489258,1.9999325275421143,0.9757485389709473,0.9757485389709473,0.9757485389709473,False,3565,0.04023762399999953,88598.67073662307,,0.6670411825180054,0.3322036862373352,0.5988516211509705,0.12888556718826294,0.08418194204568863,0.07336675375699997,0.06790418177843094,0.06569583714008331,0.012290235608816147,"[515, 209, 1017, 1824]",,,broken
325,0.00055,1.7975330352783203,1.9960108995437622,0.9301363825798035,0.9301363825798035,0.9301363825798035,False,3628,0.03998045999999533,90744.3286045339,,0.6538339853286743,0.30462104082107544,0.553733229637146,0.1255090832710266,0.08278868347406387,0.07415566593408585,0.07011197507381439,0.07124102860689163,0.011990943923592567,"[238, 1997, 520, 873]",,,broken
326,0.0005474296199879612,1.6883418560028076,1.920262098312378,0.8050046563148499,0.8050046563148499,0.8050046563148499,False,3600,0.03993546899999956,90145.42936756395,,0.5401454567909241,0.28384479880332947,0.49648070335388184,0.11485835909843445,0.0718052014708519,0.06425423175096512,0.058873046189546585,0.05615019425749779,0.010884309187531471,"[217, 482, 980, 1921]",,,broken
327,0.000544859323838947,1.8061577081680298,2.0069494247436523,0.8246597051620483,0.8246597051620483,0.8246597051620483,False,3544,0.03939692999999522,89956.24785993299,,0.5330629348754883,0.2962208092212677,0.5257019996643066,0.11849462985992432,0.07517024129629135,0.06663350015878677,0.062252167612314224,0.0607328787446022,0.010142439045011997,"[558, 1977, 806, 203]",,,broken
328,0.0005422891954132453,1.8301568031311035,1.9744677543640137,0.970345139503479,0.970345139503479,0.970345139503479,False,3554,0.04055362900000148,87637.0398318698,,0.6392529606819153,0.34698545932769775,0.6094002723693848,0.1340995579957962,0.08548042923212051,0.07427704334259033,0.07383275032043457,0.0687015950679779,0.013413150794804096,"[227, 1801, 502, 1024]",,,broken
329,0.0005397193185656727,1.7636830806732178,1.9231486320495605,0.911096453666687,0.911096453666687,0.911096453666687,False,3583,0.03959806399998911,90484.22165288145,,0.6387140154838562,0.29845404624938965,0.5433185696601868,0.12765811383724213,0.08218162506818771,0.07446544617414474,0.06883320212364197,0.06633520871400833,0.011726412922143936,"[229, 1880, 933, 541]",,,broken
330,0.0005371497771428367,1.7711634635925293,1.9830132722854614,0.7682879567146301,0.7682879567146301,0.7682879567146301,False,3892,0.08099270700000716,48053.709329651814,,0.5125333070755005,0.2673370838165283,0.47741982340812683,0.1106153279542923,0.0716274157166481,0.06423869729042053,0.058152586221694946,0.05650484934449196,0.010475482791662216,"[1088, 250, 2048, 506]",0.7850204724368209,0.7188609986512711,broken
331,0.0005345806549804015,1.8279509544372559,1.9914546012878418,0.7694855332374573,0.7694855332374573,0.7694855332374573,False,3837,0.041071017999996684,93423.54260613433,,0.5215047001838684,0.2590041160583496,0.47700235247612,0.10388817638158798,0.06855528801679611,0.061505675315856934,0.05595307797193527,0.054905492812395096,0.010274226777255535,"[311, 2021, 977, 528]",,,broken
332,0.0005320120359003521,1.6703994274139404,1.8948493003845215,0.7783442735671997,0.7783442735671997,0.7783442735671997,False,3562,0.0398822679999995,89312.8745837635,,0.5129023194313049,0.2783642113208771,0.4887266755104065,0.1091097965836525,0.0687301978468895,0.06061951071023941,0.055326756089925766,0.0541703999042511,0.010567898862063885,"[889, 533, 1924, 216]",,,broken
333,0.0005294440037082595,1.796818494796753,1.996231198310852,0.8688732981681824,0.8688732981681824,0.8688732981681824,False,3780,0.04023483399998895,93948.44278470338,,0.6087168455123901,0.29734206199645996,0.5113062262535095,0.12055647373199463,0.08036480098962784,0.0708080306649208,0.06548690795898438,0.06413521617650986,0.012256463058292866,"[997, 1986, 270, 527]",,,broken
334,0.0005268766421905466,1.7319049835205078,1.962957739830017,0.7810401320457458,0.7810401320457458,0.7810401320457458,False,3776,0.040281684999996514,93739.8721031736,,0.5131909251213074,0.28003138303756714,0.4899660050868988,0.10965315997600555,0.07211171090602875,0.06501945108175278,0.058896925300359726,0.05615279823541641,0.01005554012954235,"[1082, 1909, 269, 516]",,,broken
335,0.0005243100351117544,1.7485628128051758,1.9488228559494019,0.8474981188774109,0.8474981188774109,0.8474981188774109,False,3607,0.039831716999998434,90555.97578181583,,0.5714811682701111,0.2747318148612976,0.5304426550865173,0.12947426736354828,0.0771082192659378,0.06708292663097382,0.06201021000742912,0.06022029370069504,0.01158612035214901,"[1041, 270, 1797, 499]",,,broken
336,0.000521744266211809,1.8003647327423096,1.956387996673584,0.8219114542007446,0.8219114542007446,0.8219114542007446,False,3824,0.03993472899999517,95756.2526591945,,0.5354722738265991,0.2797100245952606,0.5295225977897644,0.11717559397220612,0.07242115586996078,0.0633484274148941,0.060460153967142105,0.058490391820669174,0.01055687852203846,"[286, 1922, 1130, 486]",,,broken
337,0.0005191794192032894,1.7922446727752686,1.9759820699691772,0.8183280825614929,0.8183280825614929,0.8183280825614929,False,3632,0.03922924700000863,92583.98459698197,,0.5376418232917786,0.294056236743927,0.5127640962600708,0.11387404054403305,0.07482148706912994,0.06753677874803543,0.06390085071325302,0.062394797801971436,0.010144331492483616,"[282, 1933, 928, 489]",,,broken
338,0.0005166155777686966,1.7620490789413452,1.9367009401321411,0.9470052123069763,0.9470052123069763,0.9470052123069763,False,3710,0.03837277400000971,96683.13268149602,,0.6027678847312927,0.3601071834564209,0.6060357093811035,0.1274382472038269,0.08123405277729034,0.07291443645954132,0.06529839336872101,0.06307640671730042,0.01160707138478756,"[978, 239, 463, 2030]",,,broken
339,0.0005140528255577225,1.7078499794006348,1.8925124406814575,0.8084649443626404,0.8084649443626404,0.8084649443626404,False,3618,0.04041266800000187,89526.38316281994,,0.5235856175422668,0.28834670782089233,0.5172157883644104,0.11125250905752182,0.07164142280817032,0.06580415368080139,0.058942146599292755,0.05830056592822075,0.010234036482870579,"[1925, 250, 517, 926]",,,broken
340,0.0005114912461845222,1.6488876342773438,1.9342825412750244,0.7632980346679688,0.7632980346679688,0.7632980346679688,False,3700,0.08243971100000635,44881.2830020682,,0.5063098073005676,0.256284236907959,0.48211491107940674,0.11283675581216812,0.06983504444360733,0.06183192506432533,0.05773814022541046,0.0570145808160305,0.011887890286743641,"[241, 477, 2006, 976]",0.8001743347943876,0.6272845660029239,broken
341,0.0005089309232249838,1.8039953708648682,1.9975714683532715,0.8905358910560608,0.8905358910560608,0.8905358910560608,False,3801,0.03992947900000843,95192.82733439116,,0.5936983227729797,0.3045131266117096,0.5550868511199951,0.1281881332397461,0.0857318565249443,0.07572393864393234,0.07184204459190369,0.07001473754644394,0.012134494259953499,"[2006, 553, 1030, 212]",,,broken
342,0.0005063719402140034,1.6981427669525146,1.876747965812683,0.8084208369255066,0.8084208369255066,0.8084208369255066,False,3619,0.040224734000005924,89969.51974870653,,0.5225940346717834,0.280056357383728,0.5231221318244934,0.10969511419534683,0.07213960587978363,0.06668191403150558,0.05864276364445686,0.05594688653945923,0.009936527349054813,"[279, 463, 1815, 1062]",,,broken
343,0.000503814380642759,1.7622164487838745,1.937011480331421,0.8728501200675964,0.8728501200675964,0.8728501200675964,False,3717,0.04017912399999091,92510.72771026171,,0.5923043489456177,0.29911860823631287,0.5363791584968567,0.11580361425876617,0.0782037153840065,0.07204882800579071,0.06803102791309357,0.06616953015327454,0.012015309184789658,"[1009, 1969, 251, 488]",,,broken
344,0.0005012583279559865,1.7838902473449707,1.9326967000961304,0.923491895198822,0.923491895198822,0.923491895198822,False,3578,0.03976681700000029,89974.51317262767,,0.6189314723014832,0.32669597864151,0.5700372457504272,0.12214941531419754,0.08225235342979431,0.07760423421859741,0.07138659805059433,0.07149650156497955,0.01312603335827589,"[1913, 907, 224, 534]",,,broken
345,0.0004987038655492567,1.805248737335205,1.9843602180480957,0.865522563457489,0.865522563457489,0.865522563457489,False,3733,0.038948093000001904,95845.51418216593,,0.5819375514984131,0.2963115870952606,0.5356975793838501,0.12136207520961761,0.07870873808860779,0.071916364133358,0.07289209961891174,0.06450067460536957,0.011672675609588623,"[237, 1058, 490, 1948]",,,broken
346,0.0004961510767662555,1.749074935913086,1.913211464881897,1.0693367719650269,1.0693367719650269,0.9999991059303284,True,3532,0.04017266299999278,87920.48463405661,,0.6836209297180176,0.39120587706565857,0.6885473728179932,0.14581282436847687,0.09544210135936737,0.08524232357740402,0.07506339251995087,0.07462258636951447,0.01281022373586893,"[235, 1992, 467, 838]",,,broken
347,0.0004936000448960631,1.792804479598999,1.9505022764205933,0.9172582030296326,0.9172582030296326,0.9172582030296326,False,3576,0.04030270500000199,88728.53571490606,,0.5951880812644958,0.3161233067512512,0.5891430974006653,0.1293306201696396,0.08617443591356277,0.07723621279001236,0.07058627158403397,0.0696333572268486,0.011879533529281616,"[479, 280, 947, 1870]",,,broken
348,0.0004910508531704382,1.6905643939971924,1.945383071899414,0.8136000037193298,0.8136000037193298,0.8136000037193298,False,3694,0.03949241200000131,93536.95590940045,,0.553428590297699,0.2702164351940155,0.4990062415599823,0.11790293455123901,0.0762208104133606,0.07024925947189331,0.06644456833600998,0.06651175022125244,0.01237902045249939,"[271, 1077, 480, 1866]",,,broken
349,0.0004885035847611015,1.761566400527954,1.9166878461837769,0.8699172139167786,0.8699172139167786,0.8699172139167786,False,3799,0.03944276100000366,96316.78674826155,,0.583097517490387,0.3042069971561432,0.5383483171463013,0.11929412186145782,0.07758604735136032,0.07381799817085266,0.0658923014998436,0.0649002194404602,0.011783428490161896,"[1104, 552, 1857, 286]",,,broken
350,0.00048595832277702173,1.7816873788833618,1.9303115606307983,0.9174160957336426,0.9174160957336426,0.9174160957336426,False,3647,0.08154221600000255,44725.2991015094,,0.6492799520492554,0.2991100549697876,0.5405665636062622,0.12342160940170288,0.08273624628782272,0.077618807554245,0.07038690894842148,0.0717976912856102,0.014027385041117668,"[934, 578, 264, 1871]",0.867991988568824,0.5848163427174039,broken
351,0.00048341515026170516,1.790807843208313,1.9729865789413452,0.7803561687469482,0.7803561687469482,0.7803561687469482,False,3847,0.04031110500000068,95432.75978170123,,0.5277260541915894,0.257494181394577,0.48483580350875854,0.11408088356256485,0.07014617323875427,0.06372977793216705,0.059124432504177094,0.05914677679538727,0.01007559709250927,"[1128, 1972, 269, 478]",,,broken
352,0.0004808741501904853,1.7562251091003418,1.9492696523666382,0.8587055206298828,0.8587055206298828,0.8587055206298828,False,3517,0.0399847799999975,87958.46819715452,,0.5557091236114502,0.288399338722229,0.5589666366577148,0.11880594491958618,0.07675208151340485,0.07038164883852005,0.06409628689289093,0.06122909486293793,0.01131360325962305,"[997, 284, 439, 1797]",,,broken
353,0.00047833540546781604,1.7345540523529053,1.9172252416610718,0.8831763863563538,0.8831763863563538,0.8831763863563538,False,3664,0.04040595700000438,90679.69854048014,,0.5917665362358093,0.29879119992256165,0.5502650737762451,0.12165272235870361,0.08253215998411179,0.07458039373159409,0.07265719771385193,0.07169448584318161,0.012358089908957481,"[515, 225, 974, 1950]",,,broken
354,0.00047579899892456653,1.733328938484192,1.9489043951034546,0.8822312355041504,0.8822312355041504,0.8822312355041504,False,3838,0.039745096999993734,96565.37006314528,,0.5836948752403259,0.31488844752311707,0.5497711896896362,0.12244313210248947,0.08057938516139984,0.07453536987304688,0.06869281083345413,0.06556317210197449,0.013082338497042656,"[1088, 474, 297, 1979]",,,broken
355,0.0004732650133153193,1.6885815858840942,1.8671393394470215,0.9783785939216614,0.9783785939216614,0.9783785939216614,False,3708,0.039649975000003224,93518.34395859514,,0.6185793876647949,0.36014580726623535,0.6344757080078125,0.13302962481975555,0.08993200212717056,0.08000018447637558,0.07224687188863754,0.0691438615322113,0.01160238217562437,"[247, 1911, 479, 1071]",,,broken
356,0.00047073353131566923,1.761366605758667,1.9538477659225464,0.9521872401237488,0.9521872401237488,0.9521872401237488,False,3801,0.04024922499999661,94436.600953194,,0.6163330674171448,0.3458670377731323,0.6052835583686829,0.13048657774925232,0.0889357253909111,0.07516374439001083,0.0744081512093544,0.06751358509063721,0.01101359911262989,"[222, 1077, 2012, 490]",,,broken
357,0.000468204635519527,1.739098310470581,1.9373362064361572,0.8957087993621826,0.8957087993621826,0.8957087993621826,False,3859,0.039349830000006136,98069.03867181632,,0.6040054559707642,0.30595332384109497,0.5538710355758667,0.1272825449705124,0.07901311665773392,0.07200124859809875,0.06810273230075836,0.06839415431022644,0.012132777832448483,"[270, 2023, 524, 1042]",,,broken
358,0.0004656784084364238,1.7609479427337646,1.9248450994491577,0.8810557126998901,0.8810557126998901,0.8810557126998901,False,3718,0.039597873999994704,93893.92975997897,,0.5677927136421204,0.2996238172054291,0.570056140422821,0.13110455870628357,0.08360188454389572,0.07489020377397537,0.06987672299146652,0.0659542828798294,0.010637674480676651,"[511, 247, 985, 1975]",,,broken
359,0.00046315493248882006,1.7070318460464478,1.8788145780563354,0.7798251509666443,0.7798251509666443,0.7798251509666443,False,3405,0.03938159000000496,86461.71980358261,,0.4931127429008484,0.27300670742988586,0.5097810626029968,0.11814992129802704,0.07375487685203552,0.0642874464392662,0.060280315577983856,0.057517413049936295,0.009148763492703438,"[275, 492, 841, 1797]",,,broken
360,0.0004606342900094146,1.7906709909439087,1.9581432342529297,0.9420446157455444,0.9420446157455444,0.9420446157455444,False,3865,0.08206121700000324,47098.984651907456,,0.6506490707397461,0.29601117968559265,0.5767402648925781,0.13566692173480988,0.08637291938066483,0.08092450350522995,0.07810451090335846,0.07201845943927765,0.012264657765626907,"[1923, 1154, 275, 513]",0.8514341983415581,0.5583518980868704,broken
361,0.0004581165632384606,1.7307660579681396,1.9924391508102417,0.9172941446304321,0.9172941446304321,0.9172941446304321,False,3457,0.03886547200001189,88947.84553237748,,0.6158308982849121,0.2974589467048645,0.5787909030914307,0.12735559046268463,0.08436568826436996,0.0779416412115097,0.06834400445222855,0.0668574720621109,0.012141894549131393,"[982, 480, 243, 1752]",,,broken
362,0.0004556018343210809,1.7649022340774536,1.978818416595459,0.9107728004455566,0.9107728004455566,0.9107728004455566,False,3818,0.03981294800000512,95898.44992135496,,0.6170044541358948,0.30058202147483826,0.5657851696014404,0.12955109775066376,0.08180487155914307,0.07416480034589767,0.06932779401540756,0.06638473272323608,0.012683338485658169,"[488, 1103, 1974, 253]",,,broken
363,0.00045309018530458815,1.7025567293167114,1.9644755125045776,0.8641269207000732,0.8641269207000732,0.8641269207000732,False,3817,0.040080262000003586,95233.90840108925,,0.5844293236732483,0.29863154888153076,0.5287708044052124,0.12117229402065277,0.08125758171081543,0.07530228793621063,0.06751479208469391,0.06871041655540466,0.01195975299924612,"[230, 2006, 501, 1080]",,,broken
364,0.0004505816981358082,1.6977518796920776,1.8984661102294922,0.9033002257347107,0.9033002257347107,0.9033002257347107,False,3748,0.0395750139999933,94706.22044506755,,0.6187546253204346,0.2992428243160248,0.5549383759498596,0.12270016223192215,0.07687210291624069,0.07520514726638794,0.06596295535564423,0.06695737689733505,0.011678074486553669,"[940, 490, 281, 2037]",,,broken
365,0.000448076454658406,1.8117212057113647,1.9792554378509521,1.0437768697738647,1.0437768697738647,0.9999991059303284,True,3394,0.0402500049999901,84322.97089157716,,0.6907897591590881,0.3502252995967865,0.6586271524429321,0.1518133133649826,0.10200690478086472,0.09172678738832474,0.08469447493553162,0.08133133500814438,0.013332532718777657,"[231, 864, 478, 1821]",,,broken
366,0.0004455745366102158,1.7206952571868896,1.932569146156311,0.9874035716056824,0.9874035716056824,0.9874035716056824,False,3668,0.039690226000004714,92415.69952258686,,0.6524772644042969,0.33251264691352844,0.6261941194534302,0.13770712912082672,0.09327004849910736,0.08226519078016281,0.07786089181900024,0.07675598561763763,0.013095508329570293,"[1959, 229, 501, 979]",,,broken
367,0.0004430760256205739,1.77799654006958,1.9749633073806763,0.7964388728141785,0.7964388728141785,0.7964388728141785,False,3519,0.04027253499999972,87379.64967936646,,0.5204087495803833,0.27703455090522766,0.5053458213806152,0.11482568085193634,0.07608140259981155,0.06828653812408447,0.061695680022239685,0.06177408620715141,0.01040655467659235,"[519, 920, 1834, 246]",,,broken
368,0.00044058100320765566,1.7084331512451172,1.8856143951416016,0.8928390741348267,0.8928390741348267,0.8928390741348267,False,3657,0.03914873600000135,93412.9776246128,,0.5724297761917114,0.32382333278656006,0.574056088924408,0.12473223358392715,0.0774838775396347,0.07157189399003983,0.06518413871526718,0.06331264227628708,0.01191056240350008,"[1976, 542, 244, 895]",,,broken
369,0.0004380895507758154,1.7486021518707275,1.936903715133667,0.9456503987312317,0.9456503987312317,0.9456503987312317,False,3521,0.039095825999993394,90060.76505457629,,0.6559094786643982,0.2982451319694519,0.5775933265686035,0.13114358484745026,0.08334171772003174,0.07735142856836319,0.07445042580366135,0.07517532259225845,0.012304644100368023,"[234, 1960, 889, 438]",,,broken
370,0.00043560174961293095,1.7181020975112915,1.918906331062317,0.855431079864502,0.855431079864502,0.855431079864502,False,3769,0.08146266699999671,46266.592278401,,0.6446754932403564,0.24933040142059326,0.4681016504764557,0.11644848436117172,0.07899478822946548,0.07167492806911469,0.06821490079164505,0.07127994298934937,0.014114141464233398,"[300, 496, 1969, 1004]",0.8781791926639355,0.5007176152210558,broken
371,0.00043311768088775124,1.7621684074401855,1.9720261096954346,0.7783922553062439,0.7783922553062439,0.7783922553062439,False,3724,0.039182277999998405,95042.96815004354,,0.5093141794204712,0.26754462718963623,0.49772047996520996,0.10894531011581421,0.06881628185510635,0.06255335360765457,0.05731485038995743,0.057272862643003464,0.010242863558232784,"[2048, 311, 475, 890]",,,broken
372,0.000430637425647248,1.7358254194259644,1.9209117889404297,0.9192510843276978,0.9192510843276978,0.9192510843276978,False,3699,0.03926176800000292,94213.7908817485,,0.5429683327674866,0.3423839509487152,0.6291627287864685,0.12639635801315308,0.08262234181165695,0.0706760436296463,0.0702742263674736,0.06556771695613861,0.01001397892832756,"[478, 1874, 235, 1112]",,,broken
373,0.00042816106481397166,1.7117407321929932,1.937133550643921,0.9109484553337097,0.9109484553337097,0.9109484553337097,False,3543,0.03903601500000775,90762.33831755871,,0.6331666707992554,0.3022391200065613,0.5458709597587585,0.12496022135019302,0.08565802127122879,0.07816878706216812,0.07412420958280563,0.0700184777379036,0.011985130608081818,"[1947, 469, 910, 217]",,,broken
374,0.00042568867918341087,1.742221713066101,1.9353935718536377,0.8228800296783447,0.8228800296783447,0.8228800296783447,False,3506,0.03960823399999924,88516.94826888942,,0.5152733325958252,0.29591551423072815,0.5363712310791016,0.12355553358793259,0.0811569020152092,0.07397586107254028,0.06685832887887955,0.06677548587322235,0.010540748946368694,"[546, 242, 814, 1904]",,,broken
375,0.0004232203494213566,1.7051587104797363,1.9081428050994873,0.9609168767929077,0.9609168767929077,0.9609168767929077,False,3558,0.03989098799999624,89193.07789519615,,0.6427114009857178,0.31948575377464294,0.6025667190551758,0.13368521630764008,0.09087017923593521,0.08421792089939117,0.07574894279241562,0.07732285559177399,0.013674618676304817,"[961, 458, 1906, 233]",,,broken
376,0.0004207561560612702,1.7398884296417236,1.9282190799713135,0.9350497126579285,0.9350497126579285,0.9350497126579285,False,3701,0.040437997999987374,91522.82959213648,,0.6189650893211365,0.30498427152633667,0.5974549055099487,0.13487608730793,0.0824250727891922,0.0765974372625351,0.0704837441444397,0.07249359041452408,0.012514825910329819,"[1990, 223, 481, 1007]",,,broken
377,0.0004182961795016556,1.7306997776031494,1.9057172536849976,0.8513696193695068,0.8513696193695068,0.8513696193695068,False,3580,0.039879537999993886,89770.34789120549,,0.5512657165527344,0.2944203317165375,0.5442677140235901,0.13351358473300934,0.07873238623142242,0.07393450289964676,0.06402546167373657,0.06562526524066925,0.01134873740375042,"[318, 513, 828, 1921]",,,broken
378,0.0004158405000034371,1.7187204360961914,1.8983484506607056,0.9624526500701904,0.9624526500701904,0.9624526500701904,False,3686,0.03983297800000685,92536.39032460406,,0.685845673084259,0.3159637749195099,0.5569318532943726,0.13544020056724548,0.0851547047495842,0.08556632697582245,0.07904698699712753,0.0811329260468483,0.013292673043906689,"[991, 481, 1978, 236]",,,broken
379,0.0004133891976873391,1.7670533657073975,1.8947941064834595,0.8770566582679749,0.8770566582679749,0.8770566582679749,False,3524,0.03967709500000183,88816.98622340767,,0.5682862401008606,0.3219626247882843,0.5510205030441284,0.13300201296806335,0.080889992415905,0.07350858300924301,0.06694803386926651,0.06893345713615417,0.011206087656319141,"[252, 1895, 512, 865]",,,broken
380,0.0004109423525312737,1.738269567489624,1.9164499044418335,0.8475171327590942,0.8475171327590942,0.8475171327590942,False,3804,0.08198177399999906,46400.557275084626,,0.5669276714324951,0.26980671286582947,0.5322031378746033,0.13141611218452454,0.08342170715332031,0.07490494847297668,0.0720413401722908,0.07529481500387192,0.011958294548094273,"[260, 1894, 1093, 557]",0.8635612755474116,0.5399568729102684,broken
381,0.0004085000443677304,1.6823620796203613,1.8893240690231323,0.9246448874473572,0.9246448874473572,0.9246448874473572,False,3624,0.04001561100000117,90564.65487931432,,0.6372225284576416,0.29579299688339233,0.5668232440948486,0.13227176666259766,0.0815265029668808,0.07478877156972885,0.07144518941640854,0.07139077037572861,0.014022820629179478,"[284, 1933, 462, 945]",,,broken
382,0.0004060623528811716,1.691359281539917,1.9284733533859253,0.9304391741752625,0.9304391741752625,0.9304391741752625,False,3643,0.039520832000008,92179.23347360862,,0.6409600377082825,0.3087424337863922,0.5667229294776917,0.1278904527425766,0.08032240718603134,0.07524289935827255,0.06997658312320709,0.06984736770391464,0.012078571133315563,"[501, 1992, 198, 952]",,,broken
383,0.0004036293576054326,1.7310481071472168,1.9328892230987549,0.8898739814758301,0.8898739814758301,0.8898739814758301,False,3680,0.03993393900000797,92152.19164829359,,0.5929935574531555,0.2856779098510742,0.568235456943512,0.12604768574237823,0.07995428144931793,0.06960135698318481,0.06610925495624542,0.06436644494533539,0.00961256492882967,"[918, 1998, 499, 265]",,,broken
384,0.0004012011379211269,1.697658658027649,1.9206013679504395,0.8168402314186096,0.8168402314186096,0.8168402314186096,False,3645,0.03928366800001015,92786.65118539995,,0.5340330600738525,0.26569050550460815,0.5211305022239685,0.12677937746047974,0.08662641048431396,0.07705169171094894,0.07513722777366638,0.06767500191926956,0.011344569735229015,"[511, 930, 1936, 268]",,,broken
385,0.00039877777305305636,1.720749855041504,1.9101181030273438,0.9042112231254578,0.9042112231254578,0.9042112231254578,False,3750,0.03946619100000248,95018.0370839376,,0.580729603767395,0.3256620168685913,0.5794476270675659,0.12503954768180847,0.08273825794458389,0.07595129311084747,0.07012519985437393,0.07225221395492554,0.012195129878818989,"[221, 2048, 493, 988]",,,broken
386,0.00039635934206762606,1.6225770711898804,1.8765993118286133,1.0267144441604614,1.0267144441604614,0.9999991655349731,True,3538,0.041420263999995655,85417.12819600501,,0.7472678422927856,0.30747857689857483,0.5928449034690857,0.14800609648227692,0.08802036941051483,0.08290888369083405,0.0776979848742485,0.08339454233646393,0.014366176910698414,"[491, 1945, 231, 871]",,,broken
387,0.00039394592387026483,1.6886794567108154,1.9127117395401,0.846125066280365,0.846125066280365,0.846125066280365,False,3773,0.04017845399999942,93906.0522338678,,0.5512446761131287,0.2931302785873413,0.540256142616272,0.11859546601772308,0.07962515205144882,0.07129812240600586,0.06566821783781052,0.06602896004915237,0.009713707491755486,"[214, 1066, 479, 2014]",,,broken
388,0.00039153759720285034,1.727308750152588,1.8985579013824463,0.9000482559204102,0.9000482559204102,0.9000482559204102,False,3735,0.039815066999992155,93808.70814560568,,0.5767036080360413,0.31184783577919006,0.5841782689094543,0.13074323534965515,0.08395437151193619,0.07391905039548874,0.07028494775295258,0.06562842428684235,0.011543536558747292,"[272, 1031, 463, 1969]",,,broken
389,0.00038913444064114105,1.6977274417877197,1.89225435256958,0.8975610733032227,0.8975610733032227,0.8975610733032227,False,3652,0.040117391999999086,91032.836830472,,0.566100001335144,0.32281216979026794,0.5832990407943726,0.14022760093212128,0.08042576909065247,0.0727168619632721,0.06826360523700714,0.06706611812114716,0.011115762405097485,"[494, 1965, 946, 247]",,,broken
390,0.0003867365325922116,1.7007815837860107,1.873488426208496,1.0231419801712036,1.0231419801712036,0.9999990463256836,True,3462,0.08208644500000162,42175.050947814,,0.6762416958808899,0.35826846957206726,0.6409317255020142,0.1533527672290802,0.0901537761092186,0.0830024778842926,0.07614409923553467,0.07673812657594681,0.012079342268407345,"[1732, 219, 1012, 499]",0.8317910465406104,0.6063108715461573,broken
391,0.0003843439512918949,1.763704538345337,1.9311221837997437,0.9572145938873291,0.9572145938873291,0.9572145938873291,False,3766,0.039497871999998324,95346.90881574986,,0.6949537396430969,0.2842451333999634,0.5550286769866943,0.136850968003273,0.08109796792268753,0.08059998601675034,0.07824830710887909,0.07936295121908188,0.014976304955780506,"[1059, 297, 464, 1946]",,,broken
392,0.0003819567748022299,1.6780846118927002,1.8897470235824585,0.7817831635475159,0.7817831635475159,0.7817831635475159,False,3761,0.039577362000002836,95029.0724278119,,0.5100676417350769,0.2713140547275543,0.49824267625808716,0.10955660790205002,0.07312370836734772,0.06723568588495255,0.060550540685653687,0.05924723669886589,0.010577397421002388,"[1049, 507, 211, 1994]",,,broken
393,0.0003795750810089141,1.536163568496704,1.8614845275878906,0.7840955853462219,0.7840955853462219,0.7840955853462219,False,3641,0.03985252799999728,91361.8328051924,,0.5344985127449036,0.25143158435821533,0.4837798774242401,0.11574366688728333,0.07445582002401352,0.06994353234767914,0.06422649323940277,0.061450060456991196,0.011086046695709229,"[196, 455, 964, 2026]",,,broken
394,0.0003771989476187629,1.787283182144165,1.9330849647521973,0.9324414134025574,0.9324414134025574,0.9324414134025574,False,3758,0.039381480000002966,95425.56551962285,,0.653195858001709,0.2886457145214081,0.5608386397361755,0.1359492689371109,0.08619147539138794,0.08194512873888016,0.07623427361249924,0.07927803695201874,0.014248943887650967,"[1885, 530, 258, 1085]",,,broken
395,0.00037482845215717385,1.6711993217468262,1.9079755544662476,0.8766640424728394,0.8766640424728394,0.8766640424728394,False,3582,0.03814897899999892,93895.04238108448,,0.6095001101493835,0.2807011306285858,0.5267747640609741,0.12818951904773712,0.08164139837026596,0.08088265359401703,0.07236920297145844,0.0755205824971199,0.01356990821659565,"[914, 1981, 240, 447]",,,broken
396,0.00037246367196559765,1.757962703704834,1.9575716257095337,0.859213650226593,0.859213650226593,0.859213650226593,False,3726,0.03882740999999612,95963.13532116544,,0.589443027973175,0.2833091914653778,0.5256398916244507,0.12193365395069122,0.07795154303312302,0.0721021220088005,0.06406679004430771,0.062079038470983505,0.011926754377782345,"[997, 1934, 542, 253]",,,broken
397,0.0003701046841990149,1.6819400787353516,1.8943040370941162,0.8922544121742249,0.8922544121742249,0.8922544121742249,False,3548,0.03921493700001122,90475.72867448404,,0.6200594902038574,0.2869639992713928,0.5382351279258728,0.12648709118366241,0.08193978667259216,0.0744185820221901,0.07274927943944931,0.07656552642583847,0.013881250284612179,"[262, 1906, 497, 883]",,,broken
398,0.0003677515658234176,1.693739891052246,1.8956927061080933,0.7671537399291992,0.7671537399291992,0.7671537399291992,False,3614,0.03959096399999851,91283.45548747275,,0.4810124337673187,0.27044227719306946,0.5016536712646484,0.12103863805532455,0.07482434809207916,0.06701814383268356,0.062462493777275085,0.0603218749165535,0.008703394792973995,"[538, 1910, 231, 935]",,,broken
399,0.0003654043936132997,1.787661075592041,1.920271635055542,0.8907718658447266,0.8907718658447266,0.8907718658447266,False,3743,0.03957438300000149,94581.38614567558,,0.5836115479469299,0.3090831935405731,0.5594041347503662,0.13632264733314514,0.08979900926351547,0.08012031763792038,0.07503441721200943,0.07451484352350235,0.012533075176179409,"[294, 998, 1940, 511]",,,broken
400,0.00036306324414915115,1.669249176979065,1.8644996881484985,0.8589682579040527,0.8589682579040527,0.8589682579040527,False,3686,0.08130086200000619,45337.772679454734,,0.5307774543762207,0.31349727511405945,0.565713107585907,0.12972323596477509,0.07940807938575745,0.07320385426282883,0.06887941807508469,0.06681536883115768,0.0094110993668437,"[1001, 255, 508, 1922]",0.8124829136138341,0.7309724199845857,broken
401,0.0003607281938149593,1.616263508796692,1.8408209085464478,0.8174817562103271,0.8174817562103271,0.8174817562103271,False,3546,0.040375085999997395,87826.43831396988,,0.5331106185913086,0.29517582058906555,0.5141522884368896,0.12113204598426819,0.07708291709423065,0.06683896481990814,0.06150184944272041,0.060182105749845505,0.010079069063067436,"[1947, 440, 876, 283]",,,broken
402,0.0003583993187957173,1.667626976966858,1.8361992835998535,0.8866980075836182,0.8866980075836182,0.8866980075836182,False,3641,0.03951796100000138,92135.32044327573,,0.6004875302314758,0.2894834578037262,0.5455318093299866,0.13386526703834534,0.08924996852874756,0.07801274210214615,0.07892611622810364,0.07679066061973572,0.012032960541546345,"[893, 260, 525, 1963]",,,broken
403,0.000356076695074938,1.594599723815918,1.8467826843261719,0.8389365673065186,0.8389365673065186,0.8389365673065186,False,3709,0.03887623199999268,95405.33660774269,,0.5582005381584167,0.2799176275730133,0.5260082483291626,0.12689770758152008,0.08230758458375931,0.0697101429104805,0.06776396930217743,0.06882307678461075,0.011066681705415249,"[488, 226, 1978, 1017]",,,broken
404,0.00035376039843217506,1.7065675258636475,1.914832353591919,0.9059268236160278,0.9059268236160278,0.9059268236160278,False,3531,0.03953384200001153,89315.88283271254,,0.5656309127807617,0.31612205505371094,0.599675178527832,0.13203401863574982,0.08581281453371048,0.07539845257997513,0.07289686053991318,0.0728643462061882,0.010800439864397049,"[1972, 880, 227, 452]",,,broken
405,0.00035145050444055026,1.6891992092132568,1.8938442468643188,0.8443759083747864,0.8443759083747864,0.8443759083747864,False,3608,0.039544101999993586,91239.90222361316,,0.560313880443573,0.29016512632369995,0.5267736911773682,0.12805604934692383,0.08053092658519745,0.06897352635860443,0.06824138760566711,0.07000826299190521,0.011566689237952232,"[482, 929, 1954, 243]",,,broken
406,0.0003491470884642887,1.711614727973938,1.8580586910247803,0.8718650937080383,0.8718650937080383,0.8718650937080383,False,3775,0.039860247999996545,94705.88341548521,,0.5733880400657654,0.290096253156662,0.5558313727378845,0.1251002699136734,0.08143970370292664,0.07762353867292404,0.0696878433227539,0.0704241618514061,0.012108400464057922,"[295, 1967, 487, 1026]",,,broken
407,0.00034685022565625773,1.6554269790649414,1.8554006814956665,0.8121095895767212,0.8121095895767212,0.8121095895767212,False,3758,0.04026608600000259,93329.16042546967,,0.5601946115493774,0.25938451290130615,0.4905518889427185,0.1266140341758728,0.07774751633405685,0.07336893677711487,0.0698888748884201,0.07267197221517563,0.012569931335747242,"[529, 280, 1949, 1000]",,,broken
408,0.00034455999095551787,1.7337076663970947,1.9093821048736572,0.884190022945404,0.884190022945404,0.884190022945404,False,3662,0.03964631499999882,92366.71806699081,,0.5956323742866516,0.2903038561344147,0.5447061657905579,0.13476704061031342,0.09088598191738129,0.08240225911140442,0.07798347622156143,0.08114265650510788,0.01244396436959505,"[1060, 247, 456, 1899]",,,broken
409,0.0003422764590848759,1.6263853311538696,1.831719160079956,0.8450688719749451,0.8450688719749451,0.8450688719749451,False,3697,0.0396636260000065,93208.82563786261,,0.553941011428833,0.29382842779159546,0.5338447093963623,0.12480119615793228,0.0792061910033226,0.07243680208921432,0.06398637592792511,0.06817876547574997,0.011258686892688274,"[267, 1990, 941, 499]",,,broken
410,0.00033999970454844683,1.666266918182373,1.8662045001983643,0.8741904497146606,0.8741904497146606,0.8741904497146606,False,3595,0.08154307700000629,44087.12710215391,,0.5492984056472778,0.30342942476272583,0.5785456299781799,0.12426045536994934,0.07813872396945953,0.0725475400686264,0.06606685370206833,0.06649646162986755,0.009986350312829018,"[546, 848, 240, 1961]",0.8183273016993835,0.6708467858889733,broken
411,0.0003377298016292246,1.6411532163619995,1.8516162633895874,0.9445772767066956,0.9445772767066956,0.9445772767066956,False,3619,0.040296656000009534,89808.94097016744,,0.6258158683776855,0.3093903958797455,0.5992750525474548,0.14083059132099152,0.09186207503080368,0.07999595254659653,0.07319170236587524,0.07420069724321365,0.013918710872530937,"[464, 2018, 227, 910]",,,broken
412,0.0003354668243866563,1.6032270193099976,1.7905621528625488,1.0005066394805908,1.0005066394805908,0.9999990463256836,True,3379,0.039734357000000387,85039.75539354939,,0.6496771574020386,0.35102689266204834,0.6397247910499573,0.14484360814094543,0.08996815234422684,0.08000040799379349,0.07345382869243622,0.07384858280420303,0.011930881068110466,"[222, 461, 1850, 846]",,,broken
413,0.0003332108466542281,1.6840417385101318,1.898208737373352,0.8647167086601257,0.8647167086601257,0.8647167086601257,False,3748,0.038643137999997634,96990.05292997244,,0.5758492946624756,0.2773456871509552,0.5478000044822693,0.13570377230644226,0.08048948645591736,0.07197943329811096,0.06582317501306534,0.06777617335319519,0.011208903975784779,"[990, 535, 1992, 231]",,,broken
414,0.0003309619420370547,1.7048481702804565,1.8852390050888062,0.932212769985199,0.932212769985199,0.932212769985199,False,3660,0.03969137500000386,92211.46911639227,,0.5752391815185547,0.32368865609169006,0.6235247850418091,0.13726095855236053,0.0908297449350357,0.07841245085000992,0.07465481758117676,0.07496187090873718,0.011460701934993267,"[473, 259, 1918, 1010]",,,broken
415,0.00032872018390947826,1.6421805620193481,1.8435605764389038,0.8685122728347778,0.8685122728347778,0.8685122728347778,False,3765,0.0399464199999926,94251.24954878804,,0.5812880992889404,0.28573086857795715,0.540326714515686,0.13527911901474,0.08854857087135315,0.07883702963590622,0.0717964842915535,0.07186286896467209,0.012126387096941471,"[2047, 922, 292, 504]",,,broken
416,0.00032648564541267497,1.6602966785430908,1.8961254358291626,0.8626413941383362,0.8626413941383362,0.8626413941383362,False,3746,0.03940276100000517,95069.48002957225,,0.573981761932373,0.2933967113494873,0.540911078453064,0.12623834609985352,0.07767634093761444,0.0712520182132721,0.06789253652095795,0.06522869318723679,0.010854626074433327,"[502, 199, 1099, 1946]",,,broken
417,0.00032425839945226793,1.734479546546936,1.8936580419540405,0.9126718640327454,0.9126718640327454,0.9126718640327454,False,3735,0.03903158500000359,95691.7327338784,,0.5690118074417114,0.32815468311309814,0.6030822396278381,0.13100741803646088,0.08155722171068192,0.0734325423836708,0.06609445810317993,0.06427589803934097,0.009750577621161938,"[551, 1961, 966, 257]",,,broken
418,0.00032203851869594885,1.6426150798797607,1.8630074262619019,0.8832880854606628,0.8832880854606628,0.8832880854606628,False,3740,0.04017186400000128,93099.98659758185,,0.5508003830909729,0.31125715374946594,0.5838941931724548,0.12848448753356934,0.08469612151384354,0.07632739841938019,0.06863328069448471,0.06834465265274048,0.010687439702451229,"[1934, 236, 487, 1083]",,,broken
419,0.0003198260755711073,1.6848456859588623,1.87251877784729,0.9400232434272766,0.9400232434272766,0.9400232434272766,False,3752,0.03983081799999866,94198.41691426288,,0.679192304611206,0.2854185104370117,0.5403366088867188,0.1397651582956314,0.09351041167974472,0.08593349903821945,0.07962670922279358,0.08188411593437195,0.014337757602334023,"[525, 284, 1941, 1002]",,,broken
420,0.0003176211422624672,1.6486514806747437,1.8262473344802856,0.9496608972549438,0.9496608972549438,0.9496608972549438,False,3595,0.08157936799999277,44067.51471769576,,0.5690111517906189,0.3407425582408905,0.6334970593452454,0.15864916145801544,0.10598491132259369,0.09162526577711105,0.08662307262420654,0.0905320793390274,0.012683248147368431,"[1038, 237, 1876, 444]",0.7858428722110532,0.7176585549237641,broken
421,0.0003154237907097321,1.6651731729507446,1.89651358127594,0.9424217939376831,0.9424217939376831,0.9424217939376831,False,3616,0.040125782999993476,90116.62152488308,,0.6106082201004028,0.3114960491657257,0.6059327721595764,0.1464322954416275,0.09385423362255096,0.08824338763952255,0.07743620872497559,0.08332794159650803,0.01242165919393301,"[528, 904, 1982, 202]",,,broken
422,0.0003132340926052382,1.708242416381836,1.881329894065857,0.8712899684906006,0.8712899684906006,0.8712899684906006,False,3563,0.03920408699998745,90883.3816229706,,0.5239908695220947,0.32751739025115967,0.5822742581367493,0.13387340307235718,0.08130592107772827,0.07275117188692093,0.0656033307313919,0.0635707825422287,0.009916214272379875,"[460, 1941, 895, 267]",,,broken
423,0.0003110521193916142,1.7142198085784912,1.868251085281372,0.9246250987052917,0.9246250987052917,0.9246250987052917,False,3732,0.04048723900000084,92177.19192953421,,0.5702545046806335,0.32853567600250244,0.6119116544723511,0.14133061468601227,0.09076611697673798,0.08101937919855118,0.0785994678735733,0.07910686731338501,0.012534954585134983,"[250, 1953, 1044, 485]",,,broken
424,0.0003088779422594514,1.6662055253982544,1.832293152809143,0.9432855844497681,0.9432855844497681,0.9432855844497681,False,3614,0.04013592399999766,90044.02141084906,,0.6137839555740356,0.3264310359954834,0.5986027717590332,0.1396675556898117,0.09322448074817657,0.08288408070802689,0.08170834183692932,0.07918050140142441,0.012687752954661846,"[533, 262, 1916, 903]",,,broken
425,0.00030671163214498126,1.622091293334961,1.8331494331359863,0.8232721090316772,0.8232721090316772,0.8232721090316772,False,3518,0.04039469699999643,87090.63964510766,,0.4907130002975464,0.28988951444625854,0.5640512704849243,0.1247355043888092,0.07846285402774811,0.0692291110754013,0.06361053138971329,0.06444499641656876,0.008970393799245358,"[1805, 950, 307, 456]",,,broken
426,0.00030455325972775904,1.7667979001998901,1.956325888633728,0.9048652648925781,0.9048652648925781,0.9048652648925781,False,3683,0.040106221999991476,91831.13782197642,,0.5658189654350281,0.3133566081523895,0.5962409377098083,0.13975268602371216,0.09058567136526108,0.07980272173881531,0.074762262403965,0.07129281759262085,0.012541836127638817,"[480, 244, 1080, 1879]",,,broken
427,0.0003024028954283603,1.6414809226989746,1.82816481590271,0.816377580165863,0.816377580165863,0.816377580165863,False,3571,0.040054660999999214,89153.16996441613,,0.519615650177002,0.2843991816043854,0.5270902514457703,0.12619727849960327,0.07982370257377625,0.07541719079017639,0.07006538659334183,0.06905815750360489,0.010071360506117344,"[1003, 266, 1822, 480]",,,broken
428,0.0003002606094060819,1.653257131576538,1.8443464040756226,0.813491940498352,0.813491940498352,0.813491940498352,False,3807,0.039546543000000156,96266.31586988489,,0.4910772144794464,0.2855865955352783,0.5481073260307312,0.13363824784755707,0.08081269264221191,0.07196639478206635,0.06594666838645935,0.06786084920167923,0.01038429420441389,"[1982, 256, 532, 1037]",,,broken
429,0.0002981264715566526,1.6754770278930664,1.8584223985671997,0.9955464005470276,0.9955464005470276,0.9955464005470276,False,3624,0.040491039000002615,89501.28446938015,,0.6145569086074829,0.3641005754470825,0.6563687920570374,0.14503690600395203,0.09665223956108093,0.08525559306144714,0.07923653721809387,0.07729998975992203,0.011980961076915264,"[225, 995, 480, 1924]",,,broken
430,0.00029600055150995396,1.6719214916229248,1.850797414779663,0.9152082204818726,0.9152082204818726,0.9152082204818726,False,3715,0.08280375799999717,44865.11348917433,,0.561425507068634,0.31900233030319214,0.6137868762016296,0.14376650750637054,0.08538351207971573,0.07674112915992737,0.0697384849190712,0.07125745713710785,0.011010050773620605,"[269, 2012, 950, 484]",0.771709359192429,0.7340218719226481,broken
431,0.00029388291862774687,1.7093662023544312,1.9009641408920288,0.9825605750083923,0.9825605750083923,0.9825605750083923,False,3642,0.03874369899999408,94002.3821680154,,0.5794682502746582,0.37442484498023987,0.6652648448944092,0.14592206478118896,0.09188631176948547,0.08030236512422562,0.07321497052907944,0.07222288101911545,0.010449526831507683,"[1952, 217, 993, 480]",,,broken
432,0.00029177364200141015,1.6205190420150757,1.8057130575180054,0.7813430428504944,0.7813430428504944,0.7813430428504944,False,3687,0.04038876699999605,91287.75830171692,,0.5238925218582153,0.26102539896965027,0.4846073091030121,0.11604547500610352,0.07550226897001266,0.07051508873701096,0.0649464875459671,0.06753119826316833,0.011703170835971832,"[1884, 572, 955, 276]",,,broken
433,0.00028967279044968513,1.6348663568496704,1.8415955305099487,0.8779754042625427,0.8779754042625427,0.8779754042625427,False,3805,0.04021644399999502,94613.03938260853,,0.5668101906776428,0.31213846802711487,0.5587791204452515,0.13114961981773376,0.08407151699066162,0.07560133934020996,0.06964363157749176,0.07020663470029831,0.011804405599832535,"[258, 467, 1032, 2048]",,,broken
434,0.0002875804325164306,1.6714158058166504,1.8555450439453125,0.8410409688949585,0.8410409688949585,0.8410409688949585,False,3929,0.03985396800000274,98584.91380330636,,0.5459883213043213,0.29702329635620117,0.532658576965332,0.12196409702301025,0.08400272578001022,0.07774718850851059,0.0683065727353096,0.06730397045612335,0.01125645637512207,"[527, 1999, 255, 1148]",,,broken
435,0.00028549663646838715,1.6518173217773438,1.8656495809555054,0.8971266746520996,0.8971266746520996,0.8971266746520996,False,3611,0.040041881000007606,90180.57867959085,,0.5746461153030396,0.3045155704021454,0.5828568339347839,0.1342611163854599,0.0865061804652214,0.07942619919776917,0.07096145302057266,0.07195525616407394,0.011632707901299,"[492, 268, 897, 1954]",,,broken
436,0.0002834214702929487,1.6099106073379517,1.801833987236023,0.8934447765350342,0.8934447765350342,0.8934447765350342,False,3629,0.04093832600000269,88645.53963441889,,0.5756786465644836,0.3383217751979828,0.5602203011512756,0.13096190989017487,0.08207131922245026,0.07706452906131744,0.06659845262765884,0.06454090774059296,0.010132793337106705,"[276, 461, 919, 1973]",,,broken
437,0.0002813550016959449,1.6002699136734009,1.8412022590637207,1.0490000247955322,1.0490000247955322,0.9999991655349731,True,3654,0.039773965999998495,91869.1387225538,,0.6392787098884583,0.4260430634021759,0.6863211393356323,0.14136482775211334,0.07807120680809021,0.06982088088989258,0.06395767629146576,0.06335915625095367,0.010744924657046795,"[1913, 522, 974, 245]",,,broken
438,0.0002792972980994326,1.6443473100662231,1.8269472122192383,0.9036311507225037,0.9036311507225037,0.9036311507225037,False,3682,0.040283615999996414,91401.92379950022,,0.5751409530639648,0.3291621804237366,0.5828735828399658,0.1282389760017395,0.08369437605142593,0.07135474681854248,0.06830240041017532,0.06604166328907013,0.010227865539491177,"[478, 247, 1843, 1114]",,,broken
439,0.0002772484266394953,1.667192816734314,1.8787717819213867,0.9692404866218567,0.9692404866218567,0.9692404866218567,False,3681,0.03986502800000835,92336.57129249298,,0.6159621477127075,0.33828699588775635,0.6343216300010681,0.13921917974948883,0.08912480622529984,0.07797309756278992,0.07144272327423096,0.0678163692355156,0.01036862749606371,"[1942, 239, 996, 504]",,,broken
440,0.0002752084541640528,1.6410155296325684,1.8232905864715576,1.0207748413085938,1.0207748413085938,0.9999990463256836,True,3530,0.08301636199999507,42521.73806412054,,0.6730291247367859,0.333654522895813,0.6555998921394348,0.14790339767932892,0.09427232295274734,0.08278771489858627,0.07323800772428513,0.06894748657941818,0.011936460621654987,"[221, 1877, 897, 535]",0.8255415882847877,0.6515227006899755,broken
441,0.00027317744723068086,1.628145694732666,1.8028618097305298,0.8923291563987732,0.8923291563987732,0.8923291563987732,False,3635,0.04012366199999917,90594.92127114607,,0.5437874794006348,0.30759528279304504,0.6066839098930359,0.1317220777273178,0.08171920478343964,0.07333919405937195,0.06564558297395706,0.06359439343214035,0.010266046971082687,"[228, 489, 1964, 954]",,,broken
442,0.0002711554721044385,1.641544222831726,1.8307183980941772,0.9228598475456238,0.9228598475456238,0.9228598475456238,False,3703,0.03989263799999776,92824.1446454408,,0.6039861440658569,0.30277279019355774,0.5929039120674133,0.13198722898960114,0.08679594844579697,0.08138684928417206,0.07685752213001251,0.07751457393169403,0.013081376440823078,"[495, 1987, 248, 973]",,,broken
443,0.00026914259475570724,1.6135551929473877,1.8197566270828247,0.9966132044792175,0.9966132044792175,0.9966132044792175,False,3809,0.040156002000003355,94855.06052120631,,0.6422184109687805,0.3324529826641083,0.6500070691108704,0.1476256400346756,0.09001505374908447,0.07933581620454788,0.07745896279811859,0.07367169857025146,0.01189779955893755,"[1037, 516, 240, 2016]",,,broken
444,0.0002671388808580382,1.603230595588684,1.818257451057434,0.8592066764831543,0.8592066764831543,0.8592066764831543,False,3663,0.04007960199999161,91393.12311536344,,0.5457109212875366,0.29479843378067017,0.5610458850860596,0.13320595026016235,0.08358193188905716,0.0724216103553772,0.0676654726266861,0.06407768279314041,0.009891591966152191,"[2042, 907, 452, 262]",,,broken
445,0.0002651443957860084,1.630128026008606,1.8527233600616455,0.9468476176261902,0.9468476176261902,0.9468476176261902,False,3715,0.04005320100000631,92751.63800265089,,0.6202885508537292,0.3133891224861145,0.6077299118041992,0.13857534527778625,0.08849982172250748,0.08260653167963028,0.07262621074914932,0.07013879716396332,0.012689024209976196,"[274, 460, 977, 2004]",,,broken
446,0.0002631592046130896,1.6178689002990723,1.775944709777832,0.9215195775032043,0.9215195775032043,0.9215195775032043,False,3566,0.03956804300000272,90123.23404520549,,0.5926394462585449,0.3124564290046692,0.59581458568573,0.14564603567123413,0.0883442759513855,0.07815913110971451,0.07130274176597595,0.07048525661230087,0.013197077438235283,"[1744, 1061, 503, 258]",,,broken
447,0.00026118337210952425,1.7415196895599365,1.8537815809249878,0.8708502650260925,0.8708502650260925,0.8708502650260925,False,3704,0.03953438199999937,93690.60075354305,,0.5303885340690613,0.3044058680534363,0.58575439453125,0.13709765672683716,0.08367819339036942,0.07514207065105438,0.06889894604682922,0.070691779255867,0.01042192429304123,"[303, 1888, 502, 1011]",,,broken
448,0.00025921696274021165,1.6408969163894653,1.89620840549469,0.8681584596633911,0.8681584596633911,0.8681584596633911,False,3664,0.03967987400000084,92339.00289098505,,0.5067144632339478,0.32229840755462646,0.5885874032974243,0.14061452448368073,0.09468712657690048,0.08141325414180756,0.07800903916358948,0.0712478831410408,0.010015311650931835,"[463, 217, 1994, 990]",,,broken
449,0.00025726004066260597,1.6142327785491943,1.8299603462219238,0.8695871233940125,0.8695871233940125,0.8695871233940125,False,3625,0.04007035200000075,90465.88859513716,,0.5311340093612671,0.3102349638938904,0.5820409655570984,0.133281409740448,0.08321321755647659,0.07446535676717758,0.06658925116062164,0.06567008048295975,0.008988878689706326,"[476, 244, 1017, 1888]",,,broken
450,0.00025531266972462173,1.6552174091339111,1.8441696166992188,0.9144307374954224,0.9144307374954224,0.9144307374954224,False,3707,0.08234892899999124,45015.764564471676,,0.6298115253448486,0.2908477783203125,0.5567400455474854,0.1413208693265915,0.0850447565317154,0.07980658859014511,0.0739302858710289,0.07596059888601303,0.01265300065279007,"[1904, 290, 525, 988]",0.8659248825555329,0.5454560355513337,broken
451,0.0002533749134625518,1.602102518081665,1.8028810024261475,0.9500870704650879,0.9500870704650879,0.9500870704650879,False,3828,0.03958716300000731,96698.01293917661,,0.6781377792358398,0.28891363739967346,0.5555959939956665,0.1433849334716797,0.0957595556974411,0.08921514451503754,0.07578995078802109,0.08353622257709503,0.01502261683344841,"[291, 500, 1098, 1939]",,,broken
452,0.0002514468350989937,1.6454230546951294,1.8204504251480103,0.8557571768760681,0.8557571768760681,0.8557571768760681,False,3570,0.039581332999986785,90194.03161589308,,0.5263084769248962,0.3101600408554077,0.5683100819587708,0.12491035461425781,0.08051587641239166,0.07195104658603668,0.06583952158689499,0.06664060056209564,0.010296890512108803,"[934, 516, 238, 1882]",,,broken
453,0.0002495284975407868,1.490950584411621,1.6879438161849976,0.8412830233573914,0.8412830233573914,0.8412830233573914,False,3352,0.038339123000000086,87430.27324855585,,0.5851709246635437,0.26371097564697266,0.5118623971939087,0.12114571779966354,0.07503701746463776,0.06985469907522202,0.06502362340688705,0.06498881429433823,0.012143612839281559,"[1688, 878, 286, 500]",,,broken
454,0.0002476199633769605,1.6208643913269043,1.800891637802124,0.9202211499214172,0.9202211499214172,0.9202211499214172,False,3653,0.0399355589999999,91472.36426564128,,0.6440160870552063,0.2744787633419037,0.5643253922462463,0.12395231425762177,0.08036927133798599,0.0755128338932991,0.07131733000278473,0.07400897890329361,0.012626555748283863,"[475, 1024, 1840, 314]",,,broken
455,0.0002457212948766914,1.5745189189910889,1.797287940979004,0.8774095773696899,0.8774095773696899,0.8774095773696899,False,3681,0.04110852899999884,89543.46189327534,,0.537161648273468,0.3040764629840851,0.5915611982345581,0.13587985932826996,0.080546535551548,0.07019376009702682,0.06708896160125732,0.06653238832950592,0.009598307311534882,"[1024, 1943, 244, 470]",,,broken
456,0.00024383255398727205,1.626208782196045,1.8239800930023193,0.8433531522750854,0.8433531522750854,0.8433531522750854,False,3708,0.03822827000000473,96996.28050130287,,0.5033272504806519,0.31250929832458496,0.5693472027778625,0.128989577293396,0.07951842993497849,0.06990949809551239,0.06517819315195084,0.06252053380012512,0.009057579562067986,"[1889, 224, 1052, 543]",,,broken
457,0.00024195380233209008,1.5903263092041016,1.7831130027770996,1.1191025972366333,1.1191025972366333,0.9999991059303284,True,3572,0.038849370999997745,91944.86057445324,,0.7282582521438599,0.3778603971004486,0.7147635221481323,0.17596232891082764,0.10781390219926834,0.0974627435207367,0.08901284635066986,0.09020189195871353,0.014827113598585129,"[447, 962, 1968, 195]",,,broken
458,0.00024008510120861735,1.6158254146575928,1.8609099388122559,0.858930230140686,0.858930230140686,0.858930230140686,False,3674,0.04007341199999814,91681.73650898931,,0.5277290344238281,0.2988264560699463,0.5698443651199341,0.14058969914913177,0.09135626256465912,0.08129820972681046,0.07262540608644485,0.07161819189786911,0.010905550792813301,"[272, 916, 500, 1986]",,,broken
459,0.00023822651158640954,1.6564204692840576,1.8163838386535645,0.9848576188087463,0.9848576188087463,0.9848576188087463,False,3662,0.04012900099999683,91255.69809226721,,0.6496157050132751,0.32762768864631653,0.6209612488746643,0.14899829030036926,0.09882637113332748,0.08674227446317673,0.08520171791315079,0.08973057568073273,0.014453872106969357,"[997, 1906, 268, 491]",,,broken
460,0.000236378094105118,1.6132011413574219,1.793459415435791,0.9283593893051147,0.9283593893051147,0.9283593893051147,False,3548,0.08113011100000733,43732.22169016482,,0.5540480017662048,0.3352086544036865,0.6264550089836121,0.14968664944171906,0.09498774260282516,0.08355329930782318,0.07766540348529816,0.0742487981915474,0.010799496434628963,"[234, 979, 508, 1827]",0.8028612967550186,0.6721843862961386,broken
461,0.00023453990907251006,1.5690540075302124,1.7908912897109985,0.9092222452163696,0.9092222452163696,0.9092222452163696,False,3726,0.03965786499999524,93953.62054917599,,0.5625171065330505,0.30754733085632324,0.6094030141830444,0.13491469621658325,0.08938109129667282,0.0813070684671402,0.07581602036952972,0.07500308752059937,0.011264605447649956,"[493, 251, 1093, 1889]",,,broken
462,0.0002327120164625024,1.5168943405151367,1.7734739780426025,0.9019967913627625,0.9019967913627625,0.9019967913627625,False,3621,0.03962848400000496,91373.669504984,,0.5900750160217285,0.2749062478542328,0.5893189907073975,0.13560432195663452,0.08500761538743973,0.0810224637389183,0.0713127851486206,0.0714879110455513,0.012801924720406532,"[470, 1022, 229, 1900]",,,broken
463,0.00023089447591320412,1.6157619953155518,1.8459854125976562,0.8534470796585083,0.8534470796585083,0.8534470796585083,False,3700,0.04026629599999865,91888.26307739168,,0.5306972861289978,0.2886427342891693,0.5686349868774414,0.13647978007793427,0.08197107166051865,0.07414421439170837,0.06698457151651382,0.0680958554148674,0.01023272704333067,"[997, 254, 525, 1924]",,,broken
464,0.0002290873467249698,1.6029725074768066,1.802514672279358,0.9358644485473633,0.9358644485473633,0.9358644485473633,False,3670,0.04018474400000116,91328.19161420797,,0.5835246443748474,0.3037635087966919,0.628330409526825,0.13825009763240814,0.09421392530202866,0.08743137121200562,0.08035174757242203,0.07757341116666794,0.012737768702208996,"[468, 1891, 257, 1054]",,,broken
465,0.00022729068785846648,1.7003508806228638,1.8341559171676636,1.0591001510620117,1.0591001510620117,0.9999991059303284,True,3790,0.039666885000002594,95545.692584627,,0.632660984992981,0.4113948941230774,0.7051125764846802,0.1489594727754593,0.10462269932031631,0.08882564306259155,0.08529867231845856,0.08111587911844254,0.011093406938016415,"[1146, 501, 1903, 240]",,,broken
466,0.00022550455793274884,1.6034107208251953,1.8302459716796875,0.847001314163208,0.847001314163208,0.847001314163208,False,3701,0.04010934199999383,92272.76777566108,,0.5127849578857422,0.2961302101612091,0.5700230002403259,0.13058750331401825,0.08547588437795639,0.07938817888498306,0.07436809688806534,0.07444680482149124,0.010438165627419949,"[1031, 527, 225, 1918]",,,broken
467,0.00022372901522334693,1.5373064279556274,1.812136173248291,0.8431746959686279,0.8431746959686279,0.8431746959686279,False,3691,0.04001743099999544,92234.80637726147,,0.5448862910270691,0.2823057770729065,0.5427744388580322,0.12715044617652893,0.08503151684999466,0.07747766375541687,0.07275409996509552,0.07020392268896103,0.01093804556876421,"[481, 952, 210, 2048]",,,broken
468,0.0002219641176603649,1.6180933713912964,1.823539137840271,0.9296668767929077,0.9296668767929077,0.9296668767929077,False,3543,0.04050924899999586,87461.50786454623,,0.5639235377311707,0.34083881974220276,0.6197986006736755,0.14443504810333252,0.08945359289646149,0.08179036527872086,0.07284644991159439,0.07030510157346725,0.012116807512938976,"[238, 1968, 469, 868]",,,broken
469,0.0002202099228265907,1.6616942882537842,1.8206199407577515,0.9867810606956482,0.9867810606956482,0.9867810606956482,False,3706,0.03950583200000324,93808.9343365733,,0.6146156787872314,0.35652443766593933,0.6465684175491333,0.14747054874897003,0.09853346645832062,0.08503405749797821,0.08040136098861694,0.0745897963643074,0.010429013520479202,"[541, 882, 245, 2038]",,,broken
470,0.00021846648795561773,1.5719757080078125,1.7810338735580444,0.9648906588554382,0.9648906588554382,0.9648906588554382,False,3499,0.08083959599998991,43283.24451300371,,0.6188080906867981,0.3305301368236542,0.6244097352027893,0.14538586139678955,0.09246648102998734,0.08370543271303177,0.07868345826864243,0.07694602757692337,0.012137950398027897,"[1901, 447, 913, 238]",0.8069751112228151,0.7699992524478068,broken
471,0.0002167338699299774,1.619931697845459,1.7814792394638062,0.8701099157333374,0.8701099157333374,0.8701099157333374,False,3720,0.04037605700000313,92133.81088697472,,0.5263479351997375,0.3028179705142975,0.5897216200828552,0.13329675793647766,0.08637673407793045,0.07767817378044128,0.0688747689127922,0.06690077483654022,0.009827129542827606,"[292, 484, 1992, 952]",,,broken
472,0.0002150121252792827,1.6062489748001099,1.7715286016464233,0.7540327906608582,0.7540327906608582,0.7540327906608582,False,3625,0.03941870100000244,91961.42714088359,,0.43822717666625977,0.2783501148223877,0.5180221796035767,0.11559104174375534,0.07380927354097366,0.06625175476074219,0.062004297971725464,0.0597882904112339,0.008890332654118538,"[278, 1852, 974, 521]",,,broken
473,0.00021330131017838438,1.5235130786895752,1.7268483638763428,0.7400943636894226,0.7400943636894226,0.7400943636894226,False,3819,0.03969001500000502,96220.67414183434,,0.47844669222831726,0.2581511437892914,0.47327208518981934,0.11024875938892365,0.07043439894914627,0.06381287425756454,0.059851206839084625,0.05768744647502899,0.010098185390233994,"[2022, 283, 987, 527]",,,broken
474,0.0002116014804455384,1.616682529449463,1.7929507493972778,0.8690834641456604,0.8690834641456604,0.8690834641456604,False,3668,0.03949997200000155,92860.82531906241,,0.5346662998199463,0.3052162826061249,0.5805367231369019,0.1286768615245819,0.08585909008979797,0.07486225664615631,0.07068847119808197,0.06799151003360748,0.01022543665021658,"[1003, 1954, 455, 256]",,,broken
475,0.00020991269154058384,1.5785138607025146,1.7697415351867676,0.8568465113639832,0.8568465113639832,0.8568465113639832,False,3620,0.039915409000002455,90691.79273597767,,0.533295750617981,0.29954496026039124,0.5640439391136169,0.1333741396665573,0.08725004643201828,0.07402793318033218,0.07550473511219025,0.07219323515892029,0.010706780478358269,"[268, 938, 1938, 476]",,,broken
476,0.00020823499856313427,1.6233868598937988,1.798958659172058,0.9581540822982788,0.9581540822982788,0.9581540822982788,False,3535,0.039941318999993314,88504.83881117175,,0.574053168296814,0.3467733860015869,0.6452450156211853,0.14722707867622375,0.10178283601999283,0.08667206764221191,0.07839123159646988,0.07826737314462662,0.010520600713789463,"[221, 1866, 971, 477]",,,broken
477,0.00020656845625077985,1.6654527187347412,1.8110216856002808,0.9124282598495483,0.9124282598495483,0.9124282598495483,False,3759,0.038647496999999476,97263.73741616568,,0.5535693168640137,0.31932464241981506,0.6158638000488281,0.13896934688091278,0.08683981746435165,0.08028971403837204,0.07610893994569778,0.07489977031946182,0.011284884996712208,"[1945, 1029, 522, 263]",,,broken
478,0.00020491311897730097,1.6420485973358154,1.8284157514572144,0.9383283853530884,0.9383283853530884,0.9383283853530884,False,3751,0.03976500699999974,94329.16735058099,,0.5877994894981384,0.324862003326416,0.6188421845436096,0.15262030065059662,0.08714305609464645,0.07606915384531021,0.07008365541696548,0.06900645047426224,0.010194309055805206,"[283, 517, 903, 2048]",,,broken
479,0.00020326904075089488,1.5340008735656738,1.766362190246582,0.7915620803833008,0.7915620803833008,0.7915620803833008,False,3545,0.03996161899999606,88710.11957749633,,0.499388188123703,0.26809635758399963,0.5213121175765991,0.11994422972202301,0.07701089233160019,0.07084157317876816,0.06472626328468323,0.06250321120023727,0.010395831428468227,"[534, 233, 1888, 890]",,,broken
480,0.00020163627521241288,1.6025933027267456,1.8095771074295044,0.8433844447135925,0.8433844447135925,0.8433844447135925,False,3821,0.08075627300000576,47315.20980419351,,0.5256587266921997,0.28061267733573914,0.5620903968811035,0.14019207656383514,0.08376306295394897,0.07119182497262955,0.06691061705350876,0.06322231143712997,0.008865471929311752,"[2009, 1034, 298, 480]",0.8340184186620337,0.5990372685881771,broken
481,0.0002000148756336109,1.6033084392547607,1.832733392715454,0.9301726818084717,0.9301726818084717,0.9301726818084717,False,3571,0.039540732000006074,90311.9345387802,,0.5938922762870789,0.3154536783695221,0.5989204049110413,0.15005576610565186,0.1001596748828888,0.08721395581960678,0.08542665094137192,0.08192642033100128,0.011483694426715374,"[978, 205, 475, 1913]",,,broken
482,0.00019840489491541115,1.5764682292938232,1.7985838651657104,0.88888019323349,0.88888019323349,0.88888019323349,False,3624,0.03956098200001179,91605.4106037843,,0.5282143354415894,0.3275071084499359,0.6007595062255859,0.1394340842962265,0.08834955096244812,0.07572238892316818,0.0713033378124237,0.06897508352994919,0.010076615028083324,"[1007, 178, 1930, 509]",,,broken
483,0.00019680638558617546,1.5593458414077759,1.7334822416305542,0.8046988844871521,0.8046988844871521,0.8046988844871521,False,3517,0.039423619999993775,89210.47838835082,,0.48532214760780334,0.2822495698928833,0.5433722734451294,0.1267494410276413,0.08027855306863785,0.07219313085079193,0.06854717433452606,0.06759986281394958,0.00970157515257597,"[254, 897, 1815, 551]",,,broken
484,0.0001952193997999926,1.5810906887054443,1.7829629182815552,0.8114641904830933,0.8114641904830933,0.8114641904830933,False,3680,0.040247294000010925,91434.71856763838,,0.4893801510334015,0.2785464823246002,0.5543162226676941,0.12366419285535812,0.07891754060983658,0.06912954151630402,0.062073998153209686,0.06234453245997429,0.009322094731032848,"[931, 559, 1947, 243]",,,broken
485,0.00019364398933497626,1.5522798299789429,1.7636982202529907,0.8605229258537292,0.8605229258537292,0.8605229258537292,False,3541,0.04019263300000375,88100.72233883431,,0.5494136214256287,0.29665857553482056,0.5559037923812866,0.12829464673995972,0.08610647171735764,0.08014004677534103,0.07590729743242264,0.07365152984857559,0.011241760104894638,"[491, 1873, 227, 950]",,,broken
486,0.00019208020559157503,1.6746253967285156,1.790496826171875,0.9666128158569336,0.9666128158569336,0.9666128158569336,False,3601,0.0399748800000026,90081.57122672453,,0.5990777015686035,0.33290794491767883,0.6423307061195374,0.15476441383361816,0.09292834252119064,0.08357718586921692,0.07866325974464417,0.07823283225297928,0.012195647694170475,"[1710, 302, 516, 1073]",,,broken
487,0.00019052809959089643,1.6101641654968262,1.8148181438446045,0.8402392268180847,0.8402392268180847,0.8402392268180847,False,3912,0.040953726000012125,95522.44403839693,,0.4996861517429352,0.2989252507686615,0.5707030296325684,0.1337958127260208,0.08590615540742874,0.07570762187242508,0.07236586511135101,0.07013773173093796,0.009408388286828995,"[450, 1175, 1996, 291]",,,broken
488,0.0001889877219730412,1.5978513956069946,1.7799046039581299,0.8313782811164856,0.8313782811164856,0.8313782811164856,False,3776,0.03944260100000463,95734.05161590526,,0.49860629439353943,0.2938896119594574,0.5623928308486938,0.13512755930423737,0.0841788798570633,0.07182543724775314,0.0687059685587883,0.06791368126869202,0.00935752410441637,"[241, 1954, 1015, 566]",,,broken
489,0.00018745912299545216,1.5854253768920898,1.7770483493804932,0.8094478845596313,0.8094478845596313,0.8094478845596313,False,3701,0.04014822300000276,92183.40746985852,,0.4517754018306732,0.2950417101383209,0.5726680755615234,0.13377924263477325,0.07913420349359512,0.06678950786590576,0.06238400563597679,0.05932989716529846,0.008643919602036476,"[1928, 523, 295, 955]",,,broken
490,0.00018594235253127368,1.5444227457046509,1.755326747894287,0.841661274433136,0.841661274433136,0.841661274433136,False,3846,0.08285988800000155,46415.70357903366,,0.4847942888736725,0.30752068758010864,0.5828390121459961,0.14013704657554626,0.0828639566898346,0.06851402670145035,0.06335301697254181,0.06153265759348869,0.00994889996945858,"[1074, 294, 491, 1987]",0.8006452228271916,0.6880120957339811,broken
491,0.00018443746006772477,1.5937306880950928,1.7975584268569946,0.9677655696868896,0.9677655696868896,0.9677655696868896,False,3692,0.0404419980000057,91291.23640230337,,0.5242670774459839,0.36087486147880554,0.6946321725845337,0.14871996641159058,0.09478545188903809,0.07899942994117737,0.08029511570930481,0.07145299017429352,0.008603453636169434,"[978, 258, 1972, 484]",,,broken
492,0.00018294449470448423,1.5804316997528076,1.8282486200332642,0.9535940885543823,0.9535940885543823,0.9535940885543823,False,3651,0.0393598389999994,92759.52576940307,,0.6280964612960815,0.30289238691329956,0.6104041337966919,0.14568784832954407,0.09614931792020798,0.08660785853862762,0.07948950678110123,0.07789182662963867,0.011966823600232601,"[238, 976, 1931, 506]",,,broken
493,0.00018146350515208936,1.587270975112915,1.785109519958496,0.9516798853874207,0.9516798853874207,0.9516798853874207,False,3517,0.0403105150000016,87247.70695685383,,0.5925313830375671,0.33224305510520935,0.6293054819107056,0.14583812654018402,0.09416115283966064,0.08223821222782135,0.07522585242986679,0.07437214255332947,0.010096902027726173,"[454, 205, 977, 1881]",,,broken
494,0.0001799945397303458,1.6388707160949707,1.8115125894546509,0.8459881544113159,0.8459881544113159,0.8459881544113159,False,3813,0.04059714999999642,93922.84926405762,,0.482208251953125,0.3264128267765045,0.5828661918640137,0.12958596646785736,0.08120442926883698,0.07075601071119308,0.06632351130247116,0.06334123760461807,0.009424840100109577,"[1985, 1007, 548, 273]",,,broken
495,0.0001785376463667517,1.6349610090255737,1.7854070663452148,0.8643816709518433,0.8643816709518433,0.8643816709518433,False,3628,0.039895888000003765,90936.69001676708,,0.5147427916526794,0.30428341031074524,0.5898085832595825,0.1373758614063263,0.08624320477247238,0.07482577860355377,0.07024507969617844,0.06922487914562225,0.009878473356366158,"[498, 1920, 288, 922]",,,broken
496,0.00017709287259493387,1.5805023908615112,1.7801681756973267,0.853897750377655,0.853897750377655,0.853897750377655,False,3524,0.04000067999999146,88098.50232547928,,0.4717182517051697,0.3251722753047943,0.6030195355415344,0.12532904744148254,0.08249490708112717,0.07233300805091858,0.07180772721767426,0.06539683789014816,0.008702713064849377,"[460, 267, 876, 1921]",,,broken
497,0.00017566026555309634,1.517756462097168,1.7463849782943726,0.9229097962379456,0.9229097962379456,0.9229097962379456,False,3379,0.03923760800000764,86116.36060993682,,0.5429672598838806,0.33059021830558777,0.6339181661605835,0.1354742795228958,0.09348128736019135,0.08309115469455719,0.07695814967155457,0.07602108269929886,0.01044089999049902,"[883, 432, 198, 1866]",,,broken
498,0.00017423987198248337,1.591134786605835,1.7678314447402954,0.8203867673873901,0.8203867673873901,0.8203867673873901,False,3737,0.039750126000001273,94012.28061515781,,0.4623151123523712,0.3002873957157135,0.5752934217453003,0.1304144263267517,0.08307702094316483,0.07374634593725204,0.06880848109722137,0.06329826265573502,0.008645493537187576,"[271, 1049, 498, 1919]",,,broken
499,0.00017283173822585357,1.577332854270935,1.7750264406204224,0.8268359899520874,0.8268359899520874,0.8268359899520874,False,3534,0.039912689000004775,88543.27003624279,,0.5191423892974854,0.27474963665008545,0.5477803945541382,0.129648819565773,0.08146420866250992,0.0718282014131546,0.07020003348588943,0.07036448270082474,0.010697837918996811,"[242, 1816, 935, 541]",,,broken
500,0.0001714359102259684,1.6452958583831787,1.814325213432312,0.8568743467330933,0.8568743467330933,0.8568743467330933,False,3733,0.08215039600000296,45441.046930557284,,0.49966588616371155,0.3092796802520752,0.5894704461097717,0.13605952262878418,0.08472027629613876,0.0751698762178421,0.07331253588199615,0.06808563321828842,0.009369165636599064,"[442, 1038, 286, 1967]",0.7905194535480379,0.7432390973116604,broken
501,0.00017005243352409332,1.5414893627166748,1.7457644939422607,0.8966018557548523,0.8966018557548523,0.8966018557548523,False,3630,0.03958423299999936,91703.17888943457,,0.5090564489364624,0.3121005892753601,0.6369233727455139,0.13658854365348816,0.0881180465221405,0.07896563410758972,0.06904995441436768,0.06457248330116272,0.009164119139313698,"[229, 506, 1877, 1018]",,,broken
502,0.00016868135325851088,1.5701295137405396,1.7590439319610596,0.864368200302124,0.864368200302124,0.864368200302124,False,3778,0.040016300999994314,94411.5249433109,,0.5007093548774719,0.3107281029224396,0.5999446511268616,0.13186736404895782,0.08529088646173477,0.0756140723824501,0.06934648752212524,0.06811213493347168,0.010379523038864136,"[502, 1034, 2020, 222]",,,broken
503,0.00016732271416304955,1.6096787452697754,1.8063290119171143,0.8486573696136475,0.8486573696136475,0.8486573696136475,False,3692,0.040476788000006536,91212.7711319239,,0.519445538520813,0.2942192852497101,0.5686923861503601,0.13106846809387207,0.08713986724615097,0.07765088975429535,0.06885052472352982,0.06909772753715515,0.010138873010873795,"[1905, 253, 532, 1002]",,,broken
504,0.00016597656056562324,1.6536846160888672,1.8295050859451294,0.9039613008499146,0.9039613008499146,0.9039613008499146,False,3649,0.04076834300001053,89505.72261421215,,0.5463256239891052,0.33066898584365845,0.6030898690223694,0.1380176842212677,0.0902707502245903,0.08075406402349472,0.07864361256361008,0.0749431848526001,0.009739239700138569,"[500, 811, 290, 2048]",,,broken
505,0.000164642936386785,1.56329345703125,1.83176589012146,0.8815912008285522,0.8815912008285522,0.8815912008285522,False,3822,0.03970027600000492,96271.37101010398,,0.48762398958206177,0.3161226809024811,0.6271868944168091,0.1405607908964157,0.09193025529384613,0.08088596165180206,0.07547235488891602,0.07485777884721756,0.008838792331516743,"[530, 1997, 1123, 172]",,,broken
506,0.00016332188513829444,1.6318793296813965,1.8324835300445557,0.8888512849807739,0.8888512849807739,0.8888512849807739,False,3825,0.03995482999999922,95733.10661064193,,0.5416216850280762,0.30378493666648865,0.5978437662124634,0.14771999418735504,0.0910172313451767,0.07818293571472168,0.07313403487205505,0.07305032759904861,0.00986618921160698,"[1054, 2023, 255, 493]",,,broken
507,0.0001620134499216981,1.6255120038986206,1.8035064935684204,0.9653159379959106,0.9653159379959106,0.9653159379959106,False,3708,0.040588029999995,91356.98382011782,,0.5860453844070435,0.3358871042728424,0.6505475640296936,0.15212035179138184,0.09446047246456146,0.08523975312709808,0.08158349990844727,0.07896503806114197,0.011524548754096031,"[982, 1978, 266, 482]",,,broken
508,0.00016071767342692252,1.5322792530059814,1.770524263381958,0.9318137168884277,0.9318137168884277,0.9318137168884277,False,3607,0.03986191799999972,90487.36691495942,,0.5824289917945862,0.31405937671661377,0.6152366995811462,0.15234944224357605,0.0967985987663269,0.08333313465118408,0.08126262575387955,0.07529374957084656,0.010313739068806171,"[251, 911, 1967, 478]",,,broken
509,0.0001594345979308824,1.6509060859680176,1.8182121515274048,0.8939936757087708,0.8939936757087708,0.8939936757087708,False,3841,0.03963280499999655,96914.6645058389,,0.5250961184501648,0.3246019184589386,0.6122697591781616,0.13656949996948242,0.09125608950853348,0.07717309892177582,0.07193316519260406,0.07123575359582901,0.008634909987449646,"[2048, 523, 1009, 261]",,,broken
510,0.00015816426529610033,1.5743155479431152,1.8179396390914917,0.9228070974349976,0.9228070974349976,0.9228070974349976,False,3780,0.0815919069999893,46328.12418516576,,0.5553194284439087,0.33211076259613037,0.6158889532089233,0.16038884222507477,0.09254315495491028,0.08370734006166458,0.07593695819377899,0.07979713380336761,0.012112710624933243,"[277, 1094, 476, 1933]",0.8032586156108386,0.6587484567634875,broken
511,0.00015690671696934149,1.5314440727233887,1.748928427696228,0.8757027387619019,0.8757027387619019,0.8757027387619019,False,3612,0.03958597300000122,91244.44156014275,,0.5046386122703552,0.32288262248039246,0.6005309224128723,0.1497422307729721,0.09000448137521744,0.07860459387302399,0.0713820680975914,0.07354319095611572,0.009922726079821587,"[490, 1835, 267, 1020]",,,broken
512,0.0001556619939802615,1.552424669265747,1.7314726114273071,0.9599043130874634,0.9599043130874634,0.9599043130874634,False,3723,0.039650473999998326,93895.47272499585,,0.5673161745071411,0.34611809253692627,0.6515752673149109,0.16243061423301697,0.09504573792219162,0.0848618820309639,0.0796838328242302,0.07821182906627655,0.01162548828870058,"[258, 980, 513, 1972]",,,broken
513,0.00015443013694006692,1.5653083324432373,1.762557029724121,0.8612042665481567,0.8612042665481567,0.8612042665481567,False,3787,0.039646204999996826,95519.86123262752,,0.4915710985660553,0.3095601201057434,0.6012206673622131,0.13722442090511322,0.08869250118732452,0.07714016735553741,0.07312490046024323,0.06832437217235565,0.00859740562736988,"[1993, 521, 219, 1054]",,,broken
514,0.00015321118604019138,1.6103498935699463,1.7764456272125244,0.8628100752830505,0.8628100752830505,0.8628100752830505,False,3803,0.04010680199999683,94821.82099685486,,0.5248403549194336,0.2958616614341736,0.58148193359375,0.1351124793291092,0.08961811661720276,0.07886306196451187,0.0744255781173706,0.07189279049634933,0.010704749263823032,"[459, 276, 1985, 1083]",,,broken
515,0.0001520051810509836,1.6110169887542725,1.802024006843567,0.8457785844802856,0.8457785844802856,0.8457785844802856,False,3724,0.039866598999992675,93411.52978714548,,0.48599034547805786,0.30741244554519653,0.5859672427177429,0.13235069811344147,0.08949626982212067,0.07808218151330948,0.06979745626449585,0.06868109852075577,0.009103863500058651,"[259, 582, 1970, 913]",,,broken
516,0.00015081216132040956,1.5501861572265625,1.785089373588562,0.8268097639083862,0.8268097639083862,0.8268097639083862,False,3767,0.040469987999998125,93081.32238636134,,0.4909326434135437,0.2899114787578583,0.563121497631073,0.12700365483760834,0.08912362158298492,0.07871668040752411,0.0753832682967186,0.07339274883270264,0.010329192504286766,"[1959, 534, 260, 1014]",,,broken
517,0.00014963216577276958,1.6159740686416626,1.763127088546753,0.8744326829910278,0.8744326829910278,0.8744326829910278,False,3796,0.03907404499999245,97148.88745203454,,0.51834636926651,0.3167421221733093,0.5938675999641418,0.13770608603954315,0.08835744857788086,0.07592035084962845,0.07289648801088333,0.07070222496986389,0.009928533807396889,"[1976, 297, 1047, 476]",,,broken
518,0.00014846523290742736,1.5842480659484863,1.791774868965149,1.0045245885849,1.0045245885849,0.9999990463256836,True,3596,0.040467548999998826,88861.32441577088,,0.5604476928710938,0.3948509097099304,0.6979720592498779,0.15552489459514618,0.09662048518657684,0.08236365765333176,0.07737292349338531,0.07430095225572586,0.009019161574542522,"[222, 1862, 983, 529]",,,broken
519,0.00014731140079755464,1.5388438701629639,1.7308430671691895,0.9406498074531555,0.9406498074531555,0.9406498074531555,False,3613,0.0393690199999952,91772.66795059771,,0.5663248300552368,0.3396686315536499,0.629574179649353,0.15622533857822418,0.09574153274297714,0.08358066529035568,0.07583879679441452,0.0769713744521141,0.011187465861439705,"[229, 978, 1944, 462]",,,broken
520,0.0001461707070888888,1.5987430810928345,1.7910929918289185,0.934855043888092,0.934855043888092,0.934855043888092,False,3609,0.08212800700000855,43943.59648834074,,0.5627807974815369,0.3350018262863159,0.621920645236969,0.15942305326461792,0.09865622967481613,0.09241729974746704,0.08415933698415756,0.08568567782640457,0.010283068753778934,"[913, 255, 520, 1921]",0.8066048666236219,0.6692957177115458,broken
521,0.00014504318899850408,1.509340763092041,1.7495840787887573,0.9280125498771667,0.9280125498771667,0.9280125498771667,False,3585,0.039515352999998754,90724.23065536357,,0.5274770259857178,0.33933740854263306,0.6455122232437134,0.145454540848732,0.09305964410305023,0.08602815121412277,0.0853661373257637,0.08080693334341049,0.010213242843747139,"[989, 467, 1930, 199]",,,broken
522,0.00014392888331359808,1.5857315063476562,1.7976855039596558,0.9633716344833374,0.9633716344833374,0.9633716344833374,False,3752,0.03871842899999933,96904.75819667334,,0.6122583746910095,0.31509846448898315,0.6357823610305786,0.14460057020187378,0.09317062795162201,0.08357121795415878,0.08337116241455078,0.07794372737407684,0.010870044119656086,"[260, 1993, 506, 993]",,,broken
523,0.0001428278263902913,1.5467524528503418,1.7700656652450562,0.9181464910507202,0.9181464910507202,0.9181464910507202,False,3738,0.039470641999997724,94703.29872010229,,0.5254307985305786,0.3448779284954071,0.6320386528968811,0.1385919451713562,0.09625808149576187,0.08687543869018555,0.07988938689231873,0.07739132642745972,0.010461275465786457,"[513, 1991, 1039, 195]",,,broken
524,0.0001417400541524403,1.5082837343215942,1.7481664419174194,0.9103570580482483,0.9103570580482483,0.9103570580482483,False,3568,0.04018466400000875,88790.09166281004,,0.5090087056159973,0.3383268415927887,0.6377909183502197,0.1433688998222351,0.09164571762084961,0.07945509254932404,0.07830344140529633,0.0830986276268959,0.01069228071719408,"[1916, 220, 976, 456]",,,broken
525,0.0001406656020904667,1.6566157341003418,1.827115774154663,0.9684125185012817,0.9684125185012817,0.9684125185012817,False,3550,0.04017543400000534,88362.4555244264,,0.5570082068443298,0.3379727005958557,0.6772896647453308,0.15045291185379028,0.10104819387197495,0.0906946137547493,0.08176733553409576,0.08219826966524124,0.010153881274163723,"[934, 1872, 499, 245]",,,broken
526,0.00013960450526019855,1.5759916305541992,1.7292498350143433,1.0327986478805542,1.0327986478805542,0.9999991655349731,True,3509,0.041150420000008125,85272.51969723048,,0.5892845392227173,0.3889327645301819,0.7143237590789795,0.15830063819885254,0.10068349540233612,0.09145104140043259,0.08549763262271881,0.08308349549770355,0.01083877682685852,"[499, 1851, 913, 246]",,,broken
527,0.00013855679828172647,1.6287875175476074,1.7819275856018066,0.9469350576400757,0.9469350576400757,0.9469350576400757,False,3735,0.04002721099999462,93311.5225040411,,0.5664812326431274,0.3329889476299286,0.641236424446106,0.15709877014160156,0.09640925377607346,0.08384360373020172,0.08347673714160919,0.07509630173444748,0.010335924103856087,"[479, 1084, 1866, 306]",,,broken
528,0.00013752251533827477,1.5160157680511475,1.6673741340637207,0.8313804268836975,0.8313804268836975,0.8313804268836975,False,3459,0.040196023999996555,86053.2872604588,,0.4909045696258545,0.2986818552017212,0.5619210600852966,0.13535909354686737,0.09500760585069656,0.08055207878351212,0.07631935179233551,0.07391927391290665,0.0106824841350317,"[482, 285, 858, 1834]",,,broken
529,0.0001365016901750854,1.6223087310791016,1.7941025495529175,0.8652709722518921,0.8652709722518921,0.8652709722518921,False,3823,0.03832861200000082,99742.71961635131,,0.5220745801925659,0.3034861385822296,0.5838502645492554,0.13166649639606476,0.08934031426906586,0.07953394949436188,0.07726510614156723,0.07375379651784897,0.00969439372420311,"[1973, 299, 1022, 529]",,,broken
530,0.0001354943560983175,1.5123863220214844,1.718026876449585,0.7989831566810608,0.7989831566810608,0.7989831566810608,False,3723,0.08094204599998989,45995.872157722144,,0.4674682319164276,0.285426527261734,0.5463882684707642,0.13238625228405,0.08265824615955353,0.0737219825387001,0.07208796590566635,0.06907840073108673,0.008782810531556606,"[574, 976, 1956, 217]",0.7559955308153925,0.7507809608071524,broken
531,0.00013450054597396056,1.549574851989746,1.7560440301895142,0.9245373606681824,0.9245373606681824,0.9245373606681824,False,3678,0.03956610299999852,92958.358825486,,0.5695068836212158,0.32215389609336853,0.6182669401168823,0.13924042880535126,0.08848897367715836,0.07884679734706879,0.07701242715120316,0.07027091085910797,0.009496958926320076,"[1972, 921, 234, 551]",,,broken
532,0.00013352029222676192,1.5742665529251099,1.7575411796569824,0.9716879725456238,0.9716879725456238,0.9716879725456238,False,3667,0.04036450700000671,90847.13954265292,,0.5892855525016785,0.3283800780773163,0.6542185544967651,0.1653393805027008,0.10310853272676468,0.08928591758012772,0.08577310293912888,0.08732006698846817,0.012741572223603725,"[223, 1950, 1013, 481]",,,broken
533,0.00013255362683916932,1.523806095123291,1.7826476097106934,0.7938804626464844,0.7938804626464844,0.7938804626464844,False,3795,0.04012194199999897,94586.64787462425,,0.4623854458332062,0.2969011664390564,0.5397206544876099,0.12462197989225388,0.08041136711835861,0.07329363375902176,0.07026916742324829,0.06789488345384598,0.009006128646433353,"[1028, 519, 2026, 222]",,,broken
534,0.0001316005813502869,1.501835823059082,1.726199984550476,0.8470959663391113,0.8470959663391113,0.8470959663391113,False,3722,0.040317856000001484,92316.41682533572,,0.5126932263374329,0.3011452257633209,0.5675907135009766,0.13710717856884003,0.08484256267547607,0.07586301118135452,0.07113877683877945,0.07013945281505585,0.011728106997907162,"[483, 2037, 951, 251]",,,broken
535,0.00013066118685484647,1.6034517288208008,1.7600759267807007,0.9624022245407104,0.9624022245407104,0.9624022245407104,False,3565,0.039767335999997044,89646.43746818406,,0.5671024918556213,0.3384290337562561,0.6599278450012207,0.15464268624782562,0.1010691449046135,0.08727142214775085,0.08127182722091675,0.0780753567814827,0.011284124106168747,"[251, 1912, 918, 484]",,,broken
536,0.000129735474002193,1.5211741924285889,1.7501286268234253,0.8836243152618408,0.8836243152618408,0.8836243152618408,False,3820,0.039308469000005175,97180.07587625702,,0.5475216507911682,0.30215758085250854,0.5856911540031433,0.141632080078125,0.09158440679311752,0.08052801340818405,0.07617608457803726,0.07627734541893005,0.011202211491763592,"[2048, 1021, 248, 503]",,,broken
537,0.00012882347299528446,1.5166525840759277,1.7053446769714355,0.9582316279411316,0.9582316279411316,0.9582316279411316,False,3516,0.04001544100000842,87866.08149587206,,0.5834232568740845,0.3137394189834595,0.6500802040100098,0.15954919159412384,0.09955480694770813,0.08688684552907944,0.08298388123512268,0.08281067758798599,0.011317634955048561,"[1908, 498, 242, 868]",,,broken
538,0.00012792521358970656,1.5588449239730835,1.7899214029312134,0.8974246382713318,0.8974246382713318,0.8974246382713318,False,3599,0.03987954800000182,90246.76006859045,,0.5707033276557922,0.2972216010093689,0.5815972685813904,0.15456944704055786,0.0923362672328949,0.08719265460968018,0.08164669573307037,0.07915839552879333,0.010956963524222374,"[228, 906, 543, 1922]",,,broken
539,0.00012704072509270206,1.5959125757217407,1.7914592027664185,0.9055058360099792,0.9055058360099792,0.9055058360099792,False,3901,0.039479591000002756,98810.5474547527,,0.5573017001152039,0.30368322134017944,0.6076905727386475,0.14823856949806213,0.0881902277469635,0.08235996961593628,0.07514865696430206,0.07470496743917465,0.008992139250040054,"[499, 269, 2035, 1098]",,,broken
540,0.00012617003636221393,1.5291341543197632,1.7629420757293701,0.8077065348625183,0.8077065348625183,0.8077065348625183,False,3675,0.08130319299999655,45201.17678527282,,0.4685383141040802,0.28470122814178467,0.5591512322425842,0.1344258338212967,0.08169717341661453,0.07168110460042953,0.06965744495391846,0.06592270731925964,0.008715812116861343,"[530, 240, 995, 1910]",0.8201636423250005,0.6031346006476935,broken
541,0.00012531317580594462,1.5605838298797607,1.7918833494186401,0.8818204998970032,0.8818204998970032,0.8818204998970032,False,3689,0.03999557000000209,92235.21505006198,,0.5217567086219788,0.3087836802005768,0.6030479073524475,0.1416504979133606,0.09008781611919403,0.08155550807714462,0.07438990473747253,0.07672452181577682,0.010523064993321896,"[1975, 228, 504, 982]",,,broken
542,0.00012447017138042884,1.553887128829956,1.755688190460205,0.8979166746139526,0.8979166746139526,0.8979166746139526,False,3736,0.03985528799999827,93739.12942242852,,0.5389367938041687,0.31870394945144653,0.60233074426651,0.15265189111232758,0.09632960706949234,0.08127256482839584,0.07879181951284409,0.07702282816171646,0.009956810623407364,"[536, 1986, 968, 246]",,,broken
543,0.0001236410505901212,1.5924031734466553,1.7398258447647095,0.9380109310150146,0.9380109310150146,0.9380109310150146,False,3731,0.04101718699999424,90961.86922814877,,0.5491592288017273,0.32839205861091614,0.6460627317428589,0.15193432569503784,0.09633516520261765,0.08521751314401627,0.08372700214385986,0.0792618840932846,0.011446443386375904,"[490, 278, 981, 1982]",,,broken
544,0.00012282584048649932,1.4939591884613037,1.716934084892273,0.8831820487976074,0.8831820487976074,0.8831820487976074,False,3591,0.04138603399999852,86768.40114711471,,0.5061346292495728,0.3223278820514679,0.609699547290802,0.14553777873516083,0.09281589090824127,0.08093325793743134,0.07942293584346771,0.07378954440355301,0.010507287457585335,"[485, 969, 1927, 210]",,,broken
545,0.00012202456766718092,1.5604565143585205,1.7361820936203003,0.9799268245697021,0.9799268245697021,0.9799268245697021,False,3474,0.04046551799999065,85850.87184601968,,0.569783091545105,0.36143752932548523,0.6677091717720032,0.1565091460943222,0.10503952950239182,0.09038032591342926,0.08555029332637787,0.08945939689874649,0.010595077648758888,"[929, 1842, 248, 455]",,,broken
546,0.00012123725827505598,1.5725009441375732,1.8086694478988647,0.9071113467216492,0.9071113467216492,0.9071113467216492,False,3775,0.04060966100000485,92958.17564198699,,0.5227093696594238,0.33392268419265747,0.620028018951416,0.14517518877983093,0.09989813715219498,0.08938641846179962,0.08522548526525497,0.08520591259002686,0.01085763331502676,"[1978, 505, 1069, 223]",,,broken
547,0.00012046393799743404,1.5337165594100952,1.696787714958191,0.8906595706939697,0.8906595706939697,0.8906595706939697,False,3508,0.04029193499999906,87064.57011806661,,0.5271422266960144,0.3213593065738678,0.6040456295013428,0.14504607021808624,0.09222108125686646,0.08070077747106552,0.07485505938529968,0.07426470518112183,0.008857901208102703,"[512, 269, 1751, 976]",,,broken
548,0.00011970463206520587,1.5725082159042358,1.7800922393798828,0.921720027923584,0.921720027923584,0.921720027923584,False,3751,0.03839442400000337,97696.47800940237,,0.5306507349014282,0.32649874687194824,0.6397681832313538,0.15427350997924805,0.09726709872484207,0.08438963443040848,0.07706655561923981,0.07535875588655472,0.008482499979436398,"[511, 1982, 1002, 256]",,,broken
549,0.00011895936525202033,1.59884774684906,1.7795425653457642,0.9124324321746826,0.9124324321746826,0.9124324321746826,False,3563,0.03936389899999426,90514.40763021263,,0.5126069784164429,0.3365055322647095,0.6354816555976868,0.1508364975452423,0.09434063732624054,0.08671334385871887,0.08398160338401794,0.079836905002594,0.00981132686138153,"[1788, 510, 228, 1037]",,,broken
550,0.00011822816187347625,1.4752317667007446,1.696075201034546,0.8848738670349121,0.8848738670349121,0.8848738670349121,False,3569,0.08121548100000098,43944.8237707286,,0.4935586154460907,0.3290430009365082,0.619345486164093,0.1484413594007492,0.09258846193552017,0.0777941346168518,0.0753556340932846,0.07146432250738144,0.00992350559681654,"[513, 1862, 245, 949]",0.784869041963228,0.7359181118472986,broken
551,0.00011751104578632874,1.544472336769104,1.7433412075042725,0.9187003970146179,0.9187003970146179,0.9187003970146179,False,3526,0.04067264200000409,86692.17996705613,,0.5435662865638733,0.3343547284603119,0.6214804649353027,0.14484788477420807,0.09446783363819122,0.087656170129776,0.07968505471944809,0.0803542286157608,0.010948043316602707,"[1901, 881, 247, 497]",,,broken
552,0.00011680804038771128,1.613187313079834,1.8003740310668945,0.9860712289810181,0.9860712289810181,0.9860712289810181,False,3673,0.040476788000006536,90743.36629673795,,0.5615131258964539,0.35983210802078247,0.6851481795310974,0.15510763227939606,0.10287489742040634,0.09270773082971573,0.08662634342908859,0.08545581996440887,0.009442674927413464,"[955, 502, 2006, 210]",,,broken
553,0.00011611916861437205,1.5985167026519775,1.7499271631240845,0.9037830829620361,0.9037830829620361,0.9037830829620361,False,3606,0.04009268199999383,89941.60081384816,,0.5236977934837341,0.3378831446170807,0.6151607632637024,0.1433931291103363,0.09951083362102509,0.08777537941932678,0.07907591760158539,0.07393021136522293,0.009457413107156754,"[1906, 916, 529, 255]",,,broken
554,0.00011544445294192548,1.6256049871444702,1.8212031126022339,0.8296629786491394,0.8296629786491394,0.8296629786491394,False,3794,0.03976902700000551,95400.87566134003,,0.4754660427570343,0.30141910910606384,0.574349582195282,0.13441874086856842,0.08708367496728897,0.07812796533107758,0.0697428435087204,0.06965725868940353,0.008345125243067741,"[1910, 273, 1052, 559]",,,broken
555,0.00011478391538411934,1.5564842224121094,1.739732265472412,0.9500765204429626,0.9500765204429626,0.9500765204429626,False,3752,0.039652064999998515,94623.06691972134,,0.5759508013725281,0.31866270303726196,0.6469339728355408,0.147414430975914,0.09902053326368332,0.08691127598285675,0.07689254730939865,0.07578828930854797,0.010519163683056831,"[959, 2048, 446, 299]",,,broken
556,0.00011413757749211603,1.5396324396133423,1.7172554731369019,0.8860104084014893,0.8860104084014893,0.8860104084014893,False,3656,0.03880837999999187,94206.45747131846,,0.4955337941646576,0.3282972574234009,0.6209032535552979,0.14009876549243927,0.09233648329973221,0.08196472376585007,0.0761907547712326,0.07345084846019745,0.009425945580005646,"[904, 260, 1949, 543]",,,broken
557,0.00011350546035378984,1.5405452251434326,1.7281386852264404,0.8562775254249573,0.8562775254249573,0.8562775254249573,False,3431,0.03911812500000167,87708.7028071988,,0.5049468278884888,0.3016374707221985,0.5811958909034729,0.1438557654619217,0.09581552445888519,0.08302920311689377,0.08123095333576202,0.07752446085214615,0.009415297769010067,"[827, 1855, 483, 266]",,,broken
558,0.00011288758459303878,1.5510611534118652,1.7442091703414917,0.8923341035842896,0.8923341035842896,0.8923341035842896,False,3802,0.040368477000001235,94182.39880587727,,0.47910892963409424,0.31886932253837585,0.6444771885871887,0.1480935662984848,0.09542937576770782,0.08242775499820709,0.07934725284576416,0.0741070806980133,0.008098486810922623,"[482, 1131, 1942, 247]",,,broken
559,0.00011228397036911156,1.5582587718963623,1.7363604307174683,0.8726255893707275,0.8726255893707275,0.8726255893707275,False,3695,0.03998904000000891,92400.31768702566,,0.4984440505504608,0.3150795102119446,0.6028348207473755,0.14908447861671448,0.09629718959331512,0.08136281371116638,0.07894212007522583,0.07687640935182571,0.00911125261336565,"[1873, 1026, 311, 485]",,,broken
560,0.00011169463737594994,1.5798872709274292,1.7531434297561646,0.9654228687286377,0.9654228687286377,0.9654228687286377,False,3684,0.08241588199999228,44700.12224100623,,0.5928422808647156,0.336222767829895,0.6408548355102539,0.15741066634655,0.10353989899158478,0.0912303775548935,0.079990454018116,0.08056513220071793,0.011304992251098156,"[293, 1089, 1846, 456]",0.8063167208261224,0.7051770369788032,broken
561,0.0001111196048415464,1.5288608074188232,1.7096550464630127,0.8767315149307251,0.8767315149307251,0.8767315149307251,False,3584,0.04044799800000476,88607.59931800773,,0.5102619528770447,0.31227031350135803,0.6035285592079163,0.14250554144382477,0.09285098314285278,0.07909379154443741,0.07682950049638748,0.07319972664117813,0.00924089178442955,"[471, 246, 1025, 1842]",,,broken
562,0.00011055889152731635,1.5594000816345215,1.7006831169128418,0.977393627166748,0.977393627166748,0.977393627166748,False,3575,0.04162578700000097,85884.26208013597,,0.6049309968948364,0.33660048246383667,0.6452837586402893,0.16098451614379883,0.10346068441867828,0.0911613255739212,0.08548370748758316,0.0854053944349289,0.011564413085579872,"[1003, 464, 1816, 292]",,,broken
563,0.00011001251572748646,1.536992073059082,1.6746593713760376,0.9194496870040894,0.9194496870040894,0.9194496870040894,False,3623,0.04037632700000415,89730.79695930805,,0.5288783311843872,0.32993754744529724,0.6352350115776062,0.1513696163892746,0.09869147092103958,0.08901681751012802,0.08002010732889175,0.07887755334377289,0.009565283544361591,"[931, 1899, 541, 252]",,,broken
564,0.00010948049526849758,1.465537190437317,1.670417070388794,0.9235640168190002,0.9235640168190002,0.9235640168190002,False,3481,0.04015677300000675,86685.25232342287,,0.5072587132453918,0.3393959701061249,0.6525663733482361,0.15229031443595886,0.10089438408613205,0.09198889881372452,0.07952754199504852,0.07978776097297668,0.01009102538228035,"[221, 912, 1861, 487]",,,broken
565,0.00010896284750842296,1.5656836032867432,1.7904430627822876,0.8683671355247498,0.8683671355247498,0.8683671355247498,False,3809,0.03902111399999342,97613.82004626117,,0.49827325344085693,0.3060983419418335,0.6011770963668823,0.14217425882816315,0.10103022307157516,0.08419639617204666,0.07945180684328079,0.08212710916996002,0.010397637262940407,"[1113, 451, 270, 1975]",,,broken
566,0.00010845958933640224,1.5811102390289307,1.7875463962554932,1.008213758468628,1.008213758468628,0.9999990463256836,True,3727,0.04001788100001136,93133.3670565651,,0.5754444599151611,0.35596275329589844,0.7061771154403687,0.16624069213867188,0.10091550648212433,0.08801253885030746,0.08159568160772324,0.08726787567138672,0.011104714125394821,"[1038, 465, 240, 1984]",,,broken
567,0.00010797073717209013,1.529521107673645,1.694749355316162,0.883675754070282,0.883675754070282,0.883675754070282,False,3617,0.03967643500000406,91162.42424501167,,0.48364734649658203,0.33410149812698364,0.6223045587539673,0.146476611495018,0.09349291026592255,0.08176077157258987,0.07669589668512344,0.07231983542442322,0.009363863617181778,"[513, 1024, 1810, 270]",,,broken
568,0.00010749630696512082,1.545786738395691,1.7273553609848022,0.9020466208457947,0.9020466208457947,0.9020466208457947,False,3612,0.03974343600000907,90882.93221550285,,0.519582986831665,0.3521149456501007,0.6107171773910522,0.14013482630252838,0.09244660288095474,0.08222505450248718,0.07907598465681076,0.07392451167106628,0.009915205650031567,"[1001, 468, 1824, 319]",,,broken
569,0.00010703631419458773,1.4978642463684082,1.7197654247283936,0.9248142242431641,0.9248142242431641,0.9248142242431641,False,3471,0.03934530000000791,88218.92322588219,,0.5277522206306458,0.3307029604911804,0.6428648829460144,0.15153859555721283,0.09825877845287323,0.08845090866088867,0.08356410264968872,0.08114151656627655,0.01049137581139803,"[517, 1906, 861, 187]",,,broken
570,0.00010659077386853816,1.494644284248352,1.6796863079071045,0.9981885552406311,0.9981885552406311,0.9981885552406311,False,3357,0.0842630619999909,39839.520666841694,,0.5590734481811523,0.3729707598686218,0.695383608341217,0.1623389571905136,0.10602335631847382,0.09443603456020355,0.0868455022573471,0.08366668224334717,0.009820022620260715,"[456, 207, 1769, 925]",0.7860512887362416,0.7356660019218945,broken
571,0.00010615970052348385,1.5470026731491089,1.7282228469848633,0.8766145706176758,0.8766145706176758,0.8766145706176758,False,3518,0.03921325700000011,89714.55750283609,,0.47944098711013794,0.3324495553970337,0.6147103905677795,0.149825781583786,0.09460506588220596,0.08113157749176025,0.07918118685483932,0.07663575559854507,0.008660024031996727,"[250, 476, 873, 1919]",,,broken
572,0.00010574310822392678,1.6200419664382935,1.7935905456542969,1.0089046955108643,1.0089046955108643,0.9999990463256836,True,3596,0.038047337999998376,94513.83957532464,,0.5602353811264038,0.3679855465888977,0.7109416723251343,0.16918060183525085,0.10617740452289581,0.09313644468784332,0.08686306327581406,0.0833449587225914,0.010577567853033543,"[486, 991, 224, 1895]",,,broken
573,0.00010534101056189993,1.5548404455184937,1.7644038200378418,0.8528227210044861,0.8528227210044861,0.8528227210044861,False,3675,0.037980806000007306,96759.39999796984,,0.45546799898147583,0.31140202283859253,0.6163267493247986,0.14134055376052856,0.08737998455762863,0.07466673105955124,0.07132795453071594,0.06850933283567429,0.007541508413851261,"[925, 529, 1964, 257]",,,broken
574,0.00010495342065652424,1.5187069177627563,1.7146992683410645,0.9640557765960693,0.9640557765960693,0.9640557765960693,False,3665,0.038088917999999694,96222.21350577692,,0.5742578506469727,0.3334450423717499,0.6518454551696777,0.16784942150115967,0.10473783314228058,0.09513779729604721,0.08886579424142838,0.08576686680316925,0.00977710634469986,"[1008, 488, 239, 1930]",,,broken
575,0.0001045803511535803,1.52048921585083,1.7173175811767578,0.9007521271705627,0.9007521271705627,0.9007521271705627,False,3699,0.03836797300000683,96408.53323159245,,0.5089952349662781,0.3165343701839447,0.6317348480224609,0.15405337512493134,0.09798020869493484,0.08554889261722565,0.07853829860687256,0.0780048742890358,0.00954375509172678,"[252, 1019, 1928, 500]",,,broken
576,0.00010422181422509582,1.5296213626861572,1.7061012983322144,0.9167249202728271,0.9167249202728271,0.9167249202728271,False,3631,0.03971847599999023,91418.41192499161,,0.5285826921463013,0.3344237506389618,0.6297904849052429,0.15251873433589935,0.09657293558120728,0.08542818576097488,0.08064959198236465,0.07771708816289902,0.00888900924474001,"[1953, 927, 489, 262]",,,broken
577,0.00010387782156894869,1.5662612915039062,1.7420607805252075,0.9141321182250977,0.9141321182250977,0.9141321182250977,False,3848,0.03875776999998948,99283.3178998958,,0.5256587266921997,0.3303714394569397,0.6336605548858643,0.14427657425403595,0.09528318047523499,0.08515255153179169,0.0781857818365097,0.07281807065010071,0.009402389638125896,"[515, 262, 1023, 2048]",,,broken
578,0.00010354838440848502,1.5365206003189087,1.7485591173171997,0.8750482201576233,0.8750482201576233,0.8750482201576233,False,3675,0.03910156499999573,93986.00797692883,,0.4949127733707428,0.3228110373020172,0.6098516583442688,0.14156705141067505,0.0888165831565857,0.07754667103290558,0.0740828812122345,0.07175231724977493,0.008053993806242943,"[499, 271, 998, 1907]",,,broken
579,0.00010323351349215295,1.4621984958648682,1.7126941680908203,0.9031364917755127,0.9031364917755127,0.9031364917755127,False,3525,0.03902404400000137,90328.9264433967,,0.5551097393035889,0.31615257263183594,0.6002421975135803,0.14135043323040009,0.09432259947061539,0.081454798579216,0.07896827906370163,0.07372287660837173,0.00910207163542509,"[873, 514, 247, 1891]",,,broken
580,0.0001029332190931524,1.5829591751098633,1.7469819784164429,0.9072375297546387,0.9072375297546387,0.9072375297546387,False,3710,0.08095942699999625,45825.42314683343,,0.5269429683685303,0.32837238907814026,0.620493471622467,0.1503250151872635,0.09441861510276794,0.0865672156214714,0.08131435513496399,0.08265742659568787,0.010947749949991703,"[311, 1036, 505, 1858]",0.8245716612844392,0.6365664730558266,broken
581,0.00010264751100909945,1.497023582458496,1.7225959300994873,0.8394966721534729,0.8394966721534729,0.8394966721534729,False,3679,0.039547132999999235,93028.23544756256,,0.4667395353317261,0.30199986696243286,0.5918304324150085,0.14212290942668915,0.09015360474586487,0.07906641066074371,0.07319653034210205,0.07363703101873398,0.009136616252362728,"[250, 502, 1025, 1902]",,,broken
582,0.00010237639856170672,1.5069977045059204,1.6987576484680176,0.8573877215385437,0.8573877215385437,0.8573877215385437,False,3577,0.03968850500000087,90126.85159090576,,0.4722059369087219,0.31047460436820984,0.6078361868858337,0.1397663801908493,0.0931258425116539,0.0821956917643547,0.07503128796815872,0.07475509494543076,0.00973852351307869,"[257, 996, 454, 1870]",,,broken
583,0.00010211989059647951,1.5039838552474976,1.7082492113113403,0.9747609496116638,0.9747609496116638,0.9747609496116638,False,3775,0.04036946700000499,93511.26681953798,,0.592154860496521,0.3296543061733246,0.6573472023010254,0.1649869829416275,0.09805724024772644,0.09259120374917984,0.08180433511734009,0.08068618923425674,0.011089382693171501,"[1949, 1106, 257, 463]",,,broken
584,0.0001018779954824269,1.525444746017456,1.7380149364471436,0.9358945488929749,0.9358945488929749,0.9358945488929749,False,3628,0.03930717900000502,92298.66126998166,,0.5692165493965149,0.33726704120635986,0.621314287185669,0.14778079092502594,0.0955585390329361,0.08831571787595749,0.08176536858081818,0.08090531826019287,0.010449099354445934,"[221, 950, 1955, 502]",,,broken
585,0.00010165072111178891,1.5597034692764282,1.7517579793930054,0.9225988388061523,0.9225988388061523,0.9225988388061523,False,3459,0.03987889900000141,86737.60025320352,,0.5090920925140381,0.3330814838409424,0.6509736180305481,0.1607077568769455,0.10232144594192505,0.08869687467813492,0.08061415702104568,0.08090837299823761,0.009764980524778366,"[1802, 462, 287, 908]",,,broken
586,0.00010143807489977882,1.471197485923767,1.7165429592132568,0.8797622323036194,0.8797622323036194,0.8797622323036194,False,3403,0.040291324999998324,84459.86822225731,,0.5040377974510193,0.3143828511238098,0.6089522242546082,0.14919960498809814,0.09532594680786133,0.08216768503189087,0.0785956010222435,0.07682029157876968,0.009507766924798489,"[864, 214, 1827, 498]",,,broken
587,0.00010124006378434135,1.5107979774475098,1.710652232170105,0.9842581152915955,0.9842581152915955,0.9842581152915955,False,3702,0.03921777700000462,94395.96742057981,,0.5256993770599365,0.3782244026660919,0.7057037949562073,0.1568509340286255,0.09306000173091888,0.08215876668691635,0.07712588459253311,0.07286783307790756,0.007882770150899887,"[1883, 221, 1084, 514]",,,broken
588,0.00010105669422592633,1.4516210556030273,1.7000486850738525,0.8435062170028687,0.8435062170028687,0.8435062170028687,False,3597,0.040484647999988965,88848.4938784939,,0.4721130430698395,0.3081081509590149,0.5880978107452393,0.14739632606506348,0.09001956135034561,0.08139192312955856,0.07606389373540878,0.0741613581776619,0.009105883538722992,"[520, 895, 253, 1929]",,,broken
589,0.0001008879722072778,1.5633227825164795,1.7930413484573364,0.9740769267082214,0.9740769267082214,0.9740769267082214,False,3799,0.03861729700000183,98375.60614353252,,0.5586168169975281,0.3515113592147827,0.6716330647468567,0.16946522891521454,0.10528264194726944,0.09121306240558624,0.08449753373861313,0.08217915147542953,0.010298610664904118,"[513, 2047, 1017, 222]",,,broken
590,0.00010073390323323896,1.5133109092712402,1.7023066282272339,0.8980191349983215,0.8980191349983215,0.8980191349983215,False,3749,0.08171851999999546,45876.99336698961,,0.5078365206718445,0.3338721692562103,0.6172624230384827,0.15873529016971588,0.09677936881780624,0.08914921432733536,0.08196885138750076,0.08204727619886398,0.009772166609764099,"[527, 1991, 220, 1011]",0.7650520991599116,0.7537720713338206,broken
591,0.00010059449233057235,1.5678255558013916,1.76105535030365,0.9959020018577576,0.9959020018577576,0.9959020018577576,False,3678,0.03877123000000893,94864.15571544037,,0.5679477453231812,0.35762327909469604,0.6941465139389038,0.16040341556072235,0.10557173192501068,0.09055225551128387,0.08588415384292603,0.08357764035463333,0.009306691586971283,"[1966, 480, 951, 281]",,,broken
592,0.0001004697440477961,1.5237197875976562,1.7624448537826538,0.972932755947113,0.972932755947113,0.972932755947113,False,3414,0.040211823999996454,84900.40143417272,,0.5348784923553467,0.36569449305534363,0.6797912120819092,0.16472885012626648,0.10912016034126282,0.09661804884672165,0.09205494821071625,0.08777418732643127,0.009915880858898163,"[430, 194, 890, 1900]",,,broken
593,0.00010035966245503533,1.5366450548171997,1.7478559017181396,0.9682418704032898,0.9682418704032898,0.9682418704032898,False,3645,0.039700494999991065,91812.45725023883,,0.5828279852867126,0.3246298134326935,0.6560459733009338,0.16257674992084503,0.10663339495658875,0.095638208091259,0.08738845586776733,0.08543573319911957,0.011767507530748844,"[1940, 248, 515, 942]",,,broken
594,0.00010026425114388942,1.491103172302246,1.7331879138946533,0.9486066699028015,0.9486066699028015,0.9486066699028015,False,3728,0.0437117120000039,85286.06703850142,,0.5676567554473877,0.3292410671710968,0.64201420545578,0.1582442969083786,0.09986954182386398,0.0891401469707489,0.08506632596254349,0.08190087229013443,0.01154865138232708,"[1082, 1949, 492, 205]",,,broken
595,0.00010018351322731485,1.5182068347930908,1.7237178087234497,0.9289612770080566,0.9289612770080566,0.9289612770080566,False,3617,0.0402322739999903,89902.94707181782,,0.5255206227302551,0.3305667042732239,0.648071825504303,0.1628987342119217,0.10253091901540756,0.08625417947769165,0.08098495006561279,0.07997921854257584,0.009058085270226002,"[254, 1914, 490, 959]",,,broken
596,0.00010011745133952362,1.576037883758545,1.7290918827056885,0.8921990394592285,0.8921990394592285,0.8921990394592285,False,3717,0.04073895300000174,91239.45821582212,,0.5221399664878845,0.3131367564201355,0.610438346862793,0.14999350905418396,0.09758282452821732,0.08763831108808517,0.08186601847410202,0.07883397489786148,0.009035052731633186,"[312, 470, 1866, 1069]",,,broken
597,0.00010006606763589737,1.5610496997833252,1.7208915948867798,0.8901861310005188,0.8901861310005188,0.8901861310005188,False,3715,0.04068181199998833,91318.44963053922,,0.5162937641143799,0.3107735216617584,0.6143221855163574,0.1499681919813156,0.09710393846035004,0.08486589789390564,0.07906360924243927,0.08021601289510727,0.009622647427022457,"[1064, 541, 1824, 286]",,,broken
598,0.00010002936379291684,1.5409154891967773,1.725705862045288,0.9385344386100769,0.9385344386100769,0.9385344386100769,False,3846,0.04036481699999683,95280.99681463443,,0.5151048302650452,0.3527655601501465,0.6598988771438599,0.15633894503116608,0.10194693505764008,0.08807110041379929,0.08113556355237961,0.07968433946371078,0.008927376940846443,"[1067, 1980, 544, 255]",,,broken
599,0.00010000734100810745,1.4835786819458008,1.7041863203048706,0.8696522116661072,0.8696522116661072,0.8696522116661072,False,3700,0.03992927899999188,92663.83197154029,,0.5206835269927979,0.30406707525253296,0.5842690467834473,0.14363543689250946,0.09726396203041077,0.08783309161663055,0.0829765647649765,0.08087538182735443,0.011156914755702019,"[289, 464, 1052, 1895]",,,broken
600,0.0001,1.5653700828552246,1.7295352220535278,0.9332646727561951,0.9332646727561951,0.9332646727561951,False,3883,0.08439075399999751,46012.14962482874,,0.5444806218147278,0.31212911009788513,0.6489066481590271,0.15825431048870087,0.09685977548360825,0.08897284418344498,0.08358998596668243,0.08118385076522827,0.00994942057877779,"[1982, 295, 530, 1076]",0.8149447216807267,0.7167484345131422,broken
