step,lr,loss,true_loss,grad_norm,grad_norm_manual,grad_norm_post_clip,clipped,valid_tokens,dt_s,tok_per_s,probe_loss,gn_wte/lm_head,gn_wpe,gn_h.0,gn_h.1,gn_h.2,gn_h.3,gn_h.4,gn_h.5,gn_ln_f
1,1e-05,4.282595634460449,4.282595634460449,14.871110916137695,14.871110916137695,1.0,True,16384,0.04853529300000048,337568.7873152396,4.285862922668457,2.763108253479004,0.8246839642524719,8.44836139678955,6.9983062744140625,5.759790897369385,5.043700218200684,4.397884368896484,3.8113534450531006,0.04559663310647011
2,2e-05,4.081335067749023,4.081335067749023,12.754549026489258,12.754549026489258,0.9999998211860657,True,16384,0.047506426000012425,344879.6590169868,4.084832191467285,2.6331918239593506,0.6839970946311951,7.064582347869873,5.895751476287842,4.919225215911865,4.387840747833252,3.894092559814453,3.4627957344055176,0.043695516884326935
3,3e-05,3.7866225242614746,3.7866225242614746,7.473779201507568,7.473779201507568,0.9999998807907104,True,16384,0.04756820699999764,344431.7335736622,3.8089041709899902,2.1878652572631836,0.3399891257286072,3.6130943298339844,3.0927670001983643,2.768242835998535,2.7336502075195312,2.6050071716308594,2.532137870788574,0.039640795439481735
4,4e-05,3.564945697784424,3.564945697784424,4.775527000427246,4.775527000427246,0.9999997615814209,True,16384,0.047417365000001155,345527.42439398734,3.6166276931762695,1.7424708604812622,0.18776606023311615,2.115976333618164,1.8495146036148071,1.7198524475097656,1.7410682439804077,1.7178618907928467,1.7013705968856812,0.03480519726872444
5,5e-05,3.4546806812286377,3.4546806812286377,2.8360795974731445,2.8360795974731445,0.9999997019767761,True,16384,0.047404854000006935,345618.61534258927,3.4890518188476562,1.2961221933364868,0.0908135324716568,1.2131824493408203,1.0460846424102783,0.9837757349014282,0.9681563377380371,0.9698096513748169,0.9708216190338135,0.029933834448456764
6,6e-05,3.3598103523254395,3.3598103523254395,2.5772299766540527,2.5772299766540527,0.9999995827674866,True,16384,0.04740249399999641,345635.82245274354,3.404158592224121,1.2167168855667114,0.09689363092184067,1.117315411567688,0.9849041104316711,0.9036438465118408,0.8712555766105652,0.8376080989837646,0.8097193837165833,0.031694747507572174
7,7.000000000000001e-05,3.2935776710510254,3.2935776710510254,2.2258529663085938,2.2258529663085938,0.9999995231628418,True,16384,0.04738028399999905,345797.8428326924,3.342069625854492,0.9052416086196899,0.11334692686796188,1.096276879310608,0.9331825375556946,0.8122708797454834,0.7148353457450867,0.6820849776268005,0.642514705657959,0.024908484891057014
8,8e-05,3.2401843070983887,3.2401843070983887,2.2272696495056152,2.2272696495056152,0.9999996423721313,True,16384,0.04740816399998948,345594.4845281002,3.2726526260375977,0.9097976088523865,0.12200366705656052,1.1290620565414429,0.9518494606018066,0.8145576119422913,0.7046582102775574,0.6579164862632751,0.5862346291542053,0.02725611999630928
9,9e-05,3.139592170715332,3.139592170715332,2.4946768283843994,2.4946768283843994,0.9999995827674866,True,16384,0.04735775399998943,345962.35285997007,3.185441732406616,0.9691503643989563,0.13649041950702667,1.2528759241104126,1.1083513498306274,0.9252334237098694,0.7871772050857544,0.7366346716880798,0.6694232821464539,0.030434999614953995
10,0.0001,3.0910325050354004,3.0910325050354004,6.266443252563477,6.266443252563477,0.9999998211860657,True,16384,0.04748124500000017,345062.5610175121,3.1264047622680664,1.2969974279403687,0.3573015332221985,3.302564859390259,3.541872024536133,2.729085922241211,1.9100821018218994,1.3642312288284302,1.0237535238265991,0.03362520411610603
11,0.00010999999999999999,3.0448243618011475,3.0448243618011475,4.16369104385376,4.16369104385376,0.9999997019767761,True,16384,0.04759942800001227,344205.816926955,3.0753073692321777,1.1727564334869385,0.22012728452682495,2.2985260486602783,2.0483591556549072,1.5744807720184326,1.2724926471710205,1.1134812831878662,1.046378493309021,0.02312782220542431
12,0.00012,2.9928412437438965,2.9928412437438965,4.646406650543213,4.646406650543213,0.9999998211860657,True,16384,0.04753976700000351,344637.78503581625,3.0409023761749268,1.4123320579528809,0.2738255262374878,2.7879631519317627,2.288691997528076,1.6032344102859497,1.2450833320617676,1.1272221803665161,1.056584358215332,0.031488511711359024
13,0.00013000000000000002,2.934065341949463,2.934065341949463,1.909192442893982,1.909192442893982,0.9999995231628418,True,16384,0.04746389500000703,345188.6955336804,2.9839203357696533,0.8245805501937866,0.1429653763771057,1.071035623550415,0.8509440422058105,0.6147652864456177,0.5189290642738342,0.4742780327796936,0.44796934723854065,0.02409680001437664
14,0.00014000000000000001,2.903402090072632,2.903402090072632,3.0642342567443848,3.0642342567443848,0.9999996423721313,True,16384,0.04759168700000771,344261.80353718804,2.9510498046875,1.070692539215088,0.22317947447299957,1.9936580657958984,1.4075322151184082,0.9150311350822449,0.7345669865608215,0.6734771728515625,0.6376798748970032,0.021012527868151665
15,0.00015,2.8430838584899902,2.8430838584899902,1.6097906827926636,1.6097906827926636,0.9999994039535522,True,16384,0.047467905999994287,345159.5273657526,2.89815092086792,0.8128684163093567,0.13954533636569977,0.9444650411605835,0.6228785514831543,0.44524645805358887,0.39007651805877686,0.3809712529182434,0.36761149764060974,0.02290169708430767
16,0.00016,2.8332366943359375,2.8332366943359375,3.4843363761901855,3.4843363761901855,0.9999996423721313,True,16384,0.04750869499999055,344863.18767550355,2.8797450065612793,1.214385747909546,0.33985552191734314,2.5304269790649414,1.5202531814575195,0.8773765563964844,0.684230625629425,0.5729677677154541,0.5188630819320679,0.025719376280903816
17,0.00017,2.806657075881958,2.806657075881958,1.3617750406265259,1.3617750406265259,0.9999993443489075,True,16384,0.04741578399999469,345538.945428,2.8304195404052734,0.7923682332038879,0.1401049941778183,0.7350701689720154,0.47188979387283325,0.3584631383419037,0.3278267979621887,0.32351815700531006,0.32048100233078003,0.024663962423801422
18,0.00018,2.7830495834350586,2.7830495834350586,2.398271083831787,2.398271083831787,0.9999997019767761,True,16384,0.047403645000002825,345627.4301269243,2.7979366779327393,0.9738855957984924,0.23051275312900543,1.714977741241455,0.9144629836082458,0.5797632336616516,0.49037912487983704,0.45844408869743347,0.43051010370254517,0.024842360988259315
19,0.00018999999999999998,2.7516329288482666,2.7516329288482666,2.2314741611480713,2.2314741611480713,0.9999996423721313,True,16384,0.04745951600000353,345220.54544337915,2.764522075653076,0.9573338031768799,0.22066771984100342,1.6200733184814453,0.8044847249984741,0.5076921582221985,0.4252198040485382,0.3961183428764343,0.3827430009841919,0.022282712161540985
20,0.0002,2.7199158668518066,2.7199158668518066,1.2147018909454346,1.2147018909454346,0.9999991059303284,True,16384,0.047430515999991485,345431.62043615425,2.735091209411621,0.7424368262290955,0.1423456072807312,0.6864498257637024,0.3915865421295166,0.2895796000957489,0.2621130347251892,0.25502708554267883,0.24753423035144806,0.02450917847454548
21,0.00021,2.7066757678985596,2.7066757678985596,2.1206815242767334,2.1206815242767334,0.9999995231628418,True,16384,0.04739640500000064,345680.2261690476,2.7304775714874268,0.807615339756012,0.264596551656723,1.632475733757019,0.765158474445343,0.47296953201293945,0.3614385426044464,0.3087722659111023,0.27281060814857483,0.022083314135670662
22,0.00021999999999999998,2.69447660446167,2.69447660446167,1.0019689798355103,1.0019689798355103,0.9999989867210388,True,16384,0.047528546999998866,344719.14321303344,2.6927809715270996,0.6061398386955261,0.1318737417459488,0.5538053512573242,0.32587799429893494,0.25260862708091736,0.22413362562656403,0.2177167385816574,0.21074751019477844,0.019664369523525238
23,0.00023,2.680748462677002,2.680748462677002,1.5885887145996094,1.5885887145996094,0.9999993443489075,True,16384,0.0474742960000043,345113.06918587093,2.6698687076568604,0.6711437106132507,0.20220248401165009,1.1981837749481201,0.5383506417274475,0.35749971866607666,0.2743937373161316,0.23687797784805298,0.2174747735261917,0.018000327050685883
24,0.00024,2.6563339233398438,2.6563339233398438,1.3034237623214722,1.3034237623214722,0.9999992847442627,True,16384,0.047397015000001375,345675.7772614905,2.659390926361084,0.6686981320381165,0.16240373253822327,0.8867536187171936,0.4085780382156372,0.2951890230178833,0.25335896015167236,0.2479332536458969,0.24285629391670227,0.018327878788113594
25,0.00025,2.642180919647217,2.642180919647217,1.4385110139846802,1.4385110139846802,0.9999992847442627,True,16384,0.04742901499999164,345442.5524123343,2.6491353511810303,0.8717909455299377,0.15552401542663574,0.8815740942955017,0.416495680809021,0.30761265754699707,0.27177098393440247,0.2832154333591461,0.2918069064617157,0.024858979508280754
26,0.00026000000000000003,2.623274803161621,2.623274803161621,1.3664454221725464,1.3664454221725464,0.9999994039535522,True,16384,0.04751989700000081,344781.89209879225,2.6523337364196777,0.7813383936882019,0.15683269500732422,0.8266201019287109,0.42141303420066833,0.3312287926673889,0.2880411446094513,0.2930383086204529,0.303678423166275,0.020617840811610222
27,0.00027,2.61557674407959,2.61557674407959,0.9286243915557861,0.9286243915557861,0.9286243915557861,False,16384,0.04737321499999325,345849.4425595209,2.6254749298095703,0.5571997165679932,0.12670643627643585,0.5641986727714539,0.2729204595088959,0.20863138139247894,0.1819712370634079,0.1824302077293396,0.18097275495529175,0.01841139793395996
28,0.00028000000000000003,2.6009087562561035,2.6009087562561035,0.8903273344039917,0.8903273344039917,0.8903273344039917,False,16384,0.04738970399999687,345729.1060522573,2.613804817199707,0.5259048938751221,0.12152470648288727,0.5403395295143127,0.269291490316391,0.20637322962284088,0.17579051852226257,0.17666341364383698,0.17862366139888763,0.015661723911762238
29,0.00029,2.572122097015381,2.572122097015381,0.720178484916687,0.720178484916687,0.720178484916687,False,16384,0.047472486000003755,345126.22743200563,2.6028690338134766,0.43561723828315735,0.11913898587226868,0.4161979556083679,0.23091045022010803,0.1732676476240158,0.14539004862308502,0.13627727329730988,0.13498973846435547,0.014372617937624454
30,0.0003,2.579753875732422,2.579753875732422,0.8908049464225769,0.8908049464225769,0.8908049464225769,False,16384,0.04743866500000138,345372.28229334706,2.599076509475708,0.5638889074325562,0.11664565652608871,0.4938688278198242,0.27002614736557007,0.21050269901752472,0.1836782991886139,0.18220262229442596,0.18352678418159485,0.014388512820005417
31,0.00031,2.5895793437957764,2.5895793437957764,0.6928964853286743,0.6928964853286743,0.6928964853286743,False,16384,0.047443306000005236,345338.4972792198,2.597801446914673,0.44707590341567993,0.10920538008213043,0.36047160625457764,0.21323537826538086,0.1656876653432846,0.14696599543094635,0.14550864696502686,0.1500691920518875,0.01220172643661499
32,0.00032,2.5602173805236816,2.5602173805236816,0.7918047308921814,0.7918047308921814,0.7918047308921814,False,16384,0.04747663599999896,345096.0594596542,2.5962936878204346,0.5152537226676941,0.10750143975019455,0.4228734076023102,0.23889628052711487,0.18882626295089722,0.16277529299259186,0.1601279079914093,0.16125036776065826,0.014988190494477749
33,0.00033,2.5586156845092773,2.5586156845092773,0.681260347366333,0.681260347366333,0.681260347366333,False,16384,0.047599778999995124,344203.27875895554,2.5895042419433594,0.4341854751110077,0.11866090446710587,0.39172399044036865,0.1983659416437149,0.1482241153717041,0.1275348663330078,0.12212664633989334,0.1240963339805603,0.013082247227430344
34,0.00034,2.560784339904785,2.560784339904785,0.7387629747390747,0.7387629747390747,0.7387629747390747,False,16384,0.047604437999993365,344169.5919191879,2.5749151706695557,0.47909051179885864,0.11548027396202087,0.40411102771759033,0.2138131707906723,0.16921642422676086,0.14838244020938873,0.14571429789066315,0.14771200716495514,0.013511596247553825
35,0.00035000000000000005,2.51578950881958,2.51578950881958,0.5813312530517578,0.5813312530517578,0.5813312530517578,False,16384,0.04742058499999757,345503.9620451928,2.5563557147979736,0.3831736445426941,0.10150769352912903,0.3034834861755371,0.17289899289608002,0.13714474439620972,0.11862070858478546,0.11477840691804886,0.1121874675154686,0.01357434131205082
36,0.00036,2.540510654449463,2.540510654449463,0.6733702421188354,0.6733702421188354,0.6733702421188354,False,16384,0.04753170700000453,344696.22561627,2.554962635040283,0.4350622594356537,0.11134835332632065,0.37859052419662476,0.19455328583717346,0.1490151584148407,0.12973013520240784,0.1255366951227188,0.1251174509525299,0.01089960616081953
37,0.00037,2.548463821411133,2.548463821411133,0.937277615070343,0.937277615070343,0.937277615070343,False,16384,0.04745407599999396,345260.12054269237,2.5562357902526855,0.6530942916870117,0.12602314352989197,0.4820875823497772,0.2510373890399933,0.2007824331521988,0.1774035394191742,0.18210847675800323,0.18839862942695618,0.014283928088843822
38,0.00037999999999999997,2.5283138751983643,2.5283138751983643,0.5009936094284058,0.5009936094284058,0.5009936094284058,False,16384,0.04743413499998894,345405.26563842304,2.5451245307922363,0.31874051690101624,0.10772892832756042,0.27094003558158875,0.15951208770275116,0.11650766432285309,0.09706109017133713,0.09084748476743698,0.08722373098134995,0.009211055934429169
39,0.00039,2.5239038467407227,2.5239038467407227,0.8380783200263977,0.8380783200263977,0.8380783200263977,False,16384,0.04737049400000615,345869.308434864,2.544515609741211,0.579248309135437,0.13120035827159882,0.4388929605484009,0.2172650396823883,0.17269785702228546,0.15379810333251953,0.16283896565437317,0.17219030857086182,0.01255358662456274
40,0.0004,2.522014856338501,2.522014856338501,1.1014785766601562,1.1014785766601562,0.9999991655349731,True,16384,0.04749849600000289,344937.23759167036,2.5516324043273926,0.7697913646697998,0.14527153968811035,0.5758497714996338,0.29783111810684204,0.22803443670272827,0.19698096811771393,0.20431546866893768,0.2156040370464325,0.015332599170506
41,0.00041,2.5246331691741943,2.5246331691741943,0.6026819348335266,0.6026819348335266,0.6026819348335266,False,16384,0.047462135000003514,345201.49588716956,2.5428693294525146,0.4142746925354004,0.11412990838289261,0.32098549604415894,0.1581961065530777,0.11986219882965088,0.10661190748214722,0.10845095664262772,0.11386299133300781,0.007693839259445667
42,0.00042,2.5225462913513184,2.5225462913513184,0.8094542622566223,0.8094542622566223,0.8094542622566223,False,16384,0.04745147499998836,345279.04559350404,2.5407533645629883,0.576061487197876,0.11977803707122803,0.4034278690814972,0.2134057581424713,0.16679562628269196,0.14768855273723602,0.15209642052650452,0.16685150563716888,0.011004888452589512
43,0.00043000000000000004,2.496145009994507,2.496145009994507,1.0506519079208374,1.0506519079208374,0.9999990463256836,True,16384,0.047455775000003086,345247.75962459645,2.5389792919158936,0.7517389059066772,0.16027753055095673,0.5579714179039001,0.24416519701480865,0.18916945159435272,0.17171084880828857,0.18750207126140594,0.2035931795835495,0.015599372796714306
44,0.00043999999999999996,2.520270586013794,2.520270586013794,0.7537423968315125,0.7537423968315125,0.7537423968315125,False,16384,0.04743891500000075,345370.46220386244,2.534200429916382,0.4967799484729767,0.11569364368915558,0.42525196075439453,0.21256676316261292,0.1598036140203476,0.13782718777656555,0.13661032915115356,0.13657508790493011,0.00893110316246748
45,0.00045,2.50260066986084,2.50260066986084,0.5027552247047424,0.5027552247047424,0.5027552247047424,False,16384,0.047427694999996106,345452.1667140127,2.535639762878418,0.328302264213562,0.1036188006401062,0.2784394919872284,0.1464919000864029,0.10846063494682312,0.09211056679487228,0.08743281662464142,0.08548423647880554,0.00741899199783802
46,0.00046,2.4904980659484863,2.4904980659484863,0.6707526445388794,0.6707526445388794,0.6707526445388794,False,16384,0.04754063600000791,344631.48536753433,2.536998748779297,0.46935126185417175,0.10810715705156326,0.334106981754303,0.19343411922454834,0.1475113034248352,0.12645836174488068,0.12424535304307938,0.12487108260393143,0.010300735011696815
47,0.00047,2.4946701526641846,2.4946701526641846,0.6576958298683167,0.6576958298683167,0.6576958298683167,False,16384,0.04740665399999955,345605.49242728995,2.5331053733825684,0.4254516363143921,0.13393212854862213,0.37342363595962524,0.1922730654478073,0.1406230628490448,0.1201779767870903,0.10969159007072449,0.10426650196313858,0.009025327861309052
48,0.00048,2.5004565715789795,2.5004565715789795,1.0003583431243896,1.0003583431243896,0.9999989867210388,True,16384,0.047526656000002276,344732.85896653903,2.5389089584350586,0.6904473900794983,0.15583539009094238,0.5610972046852112,0.2543279826641083,0.19174602627754211,0.16595964133739471,0.16572988033294678,0.16828285157680511,0.010346452705562115
49,0.00049,2.4878997802734375,2.4878997802734375,1.0614734888076782,1.0614734888076782,0.9999991059303284,True,16384,0.04744245500000943,345344.69179549714,2.5308868885040283,0.6947748064994812,0.17380192875862122,0.6090427041053772,0.29683858156204224,0.22638697922229767,0.1927087903022766,0.17972595989704132,0.18420466780662537,0.011834773235023022
50,0.0005,2.4993927478790283,2.4993927478790283,0.8027573823928833,0.8027573823928833,0.8027573823928833,False,16384,0.04739898399999731,345661.41755276715,2.538806200027466,0.501576840877533,0.15025849640369415,0.42905065417289734,0.2675093114376068,0.19881829619407654,0.17195652425289154,0.15324817597866058,0.14812906086444855,0.00958467461168766
51,0.00051,2.4705915451049805,2.4705915451049805,0.5732715725898743,0.5732715725898743,0.5732715725898743,False,16384,0.04757682700000032,344369.32921146444,2.515442371368408,0.38665568828582764,0.10671713948249817,0.2984485328197479,0.1760723739862442,0.12835991382598877,0.108408123254776,0.09935134649276733,0.09744108468294144,0.009058923460543156
52,0.0005200000000000001,2.5026180744171143,2.5026180744171143,0.8658255338668823,0.8658255338668823,0.8658255338668823,False,16384,0.047399503999997705,345657.62544689904,2.5125842094421387,0.5931864380836487,0.1548037827014923,0.44717252254486084,0.24135805666446686,0.18650062382221222,0.16607888042926788,0.15993158519268036,0.1658691167831421,0.01213168352842331
53,0.00053,2.4838688373565674,2.4838688373565674,0.8300015926361084,0.8300015926361084,0.8300015926361084,False,16384,0.04737313299999357,345850.04120378155,2.5307281017303467,0.5572402477264404,0.1452101767063141,0.4673597812652588,0.23088280856609344,0.16965074837207794,0.14330029487609863,0.13581939041614532,0.133169025182724,0.00840452779084444
54,0.00054,2.4612631797790527,2.4612631797790527,0.6149917244911194,0.6149917244911194,0.6149917244911194,False,16384,0.047519555999997465,344784.3662512519,2.525484085083008,0.43771830201148987,0.10359136760234833,0.3009408116340637,0.17784199118614197,0.13257108628749847,0.11337628960609436,0.10811921954154968,0.10731805115938187,0.007548295892775059
55,0.00055,2.4953246116638184,2.4953246116638184,0.7271177768707275,0.7271177768707275,0.7271177768707275,False,16384,0.04753549599999474,344668.75027456984,2.5191879272460938,0.48587170243263245,0.13458505272865295,0.3986290693283081,0.2088731825351715,0.1576012670993805,0.136603444814682,0.12328285723924637,0.11501485109329224,0.00754555081948638
56,0.0005600000000000001,2.495516777038574,2.495516777038574,0.7266284227371216,0.7266284227371216,0.7266284227371216,False,16384,0.047378383999998164,345811.71025167586,2.5217907428741455,0.5224266648292542,0.10208127647638321,0.3474687337875366,0.2084125280380249,0.16002732515335083,0.13962005078792572,0.13548918068408966,0.1301121860742569,0.008905739523470402
57,0.00057,2.491395950317383,2.491395950317383,0.7016593217849731,0.7016593217849731,0.7016593217849731,False,16384,0.0474760649999979,345100.2099689754,2.5166404247283936,0.4865299463272095,0.13779465854167938,0.3498364984989166,0.20132601261138916,0.15207408368587494,0.1351875513792038,0.12786392867565155,0.12603412568569183,0.008564899675548077
58,0.00058,2.4884700775146484,2.4884700775146484,0.8794468641281128,0.8794468641281128,0.8794468641281128,False,16384,0.04744762499998956,345307.06226083194,2.5209031105041504,0.6322295665740967,0.13388648629188538,0.4544466435909271,0.22296646237373352,0.17326073348522186,0.15152515470981598,0.15173178911209106,0.15302321314811707,0.01155159529298544
59,0.00059,2.496746063232422,2.496746063232422,1.1097198724746704,1.1097198724746704,0.9999991059303284,True,16384,0.0474268440000003,345458.3653088933,2.521759510040283,0.8046419620513916,0.17140984535217285,0.5802046656608582,0.2635054886341095,0.20279423892498016,0.18243202567100525,0.19006218016147614,0.1945251077413559,0.014314290136098862
60,0.0006,2.464712619781494,2.464712619781494,1.1585155725479126,1.1585155725479126,0.9999991655349731,True,16384,0.047459894999988705,345217.78861929424,2.526827812194824,0.8615418076515198,0.14925895631313324,0.56791752576828,0.2902646064758301,0.2270730882883072,0.19831572473049164,0.19741114974021912,0.20183713734149933,0.015532040037214756
61,0.00061,2.488213062286377,2.488213062286377,0.8555079102516174,0.8555079102516174,0.8555079102516174,False,16384,0.04747026500000118,345142.37491616263,2.5176942348480225,0.6460384726524353,0.13385982811450958,0.4004332423210144,0.19982875883579254,0.15871787071228027,0.1458386480808258,0.15354521572589874,0.16168642044067383,0.012346094474196434
62,0.00062,2.4539380073547363,2.4539380073547363,0.6243063807487488,0.6243063807487488,0.6243063807487488,False,16384,0.04751384600000108,344825.800883381,2.514936685562134,0.4590264558792114,0.09397778660058975,0.29014110565185547,0.17356625199317932,0.135548934340477,0.11855102330446243,0.11175544559955597,0.10452324151992798,0.00848329160362482
63,0.00063,2.4785819053649902,2.4785819053649902,0.7634654641151428,0.7634654641151428,0.7634654641151428,False,16384,0.04755837700000143,344502.9253205909,2.51615571975708,0.5728864073753357,0.12833969295024872,0.35449692606925964,0.19214951992034912,0.15068034827709198,0.13286906480789185,0.1310873180627823,0.13404959440231323,0.010401357896625996
64,0.00064,2.4717178344726562,2.4717178344726562,0.7973361611366272,0.7973361611366272,0.7973361611366272,False,16384,0.04758069700000078,344341.31975829887,2.502797842025757,0.6034771800041199,0.10514819622039795,0.3617541790008545,0.20984932780265808,0.16240783035755157,0.14158549904823303,0.13948741555213928,0.14001436531543732,0.010854233987629414
65,0.00065,2.4713563919067383,2.4713563919067383,0.6795976758003235,0.6795976758003235,0.6795976758003235,False,16384,0.04784450100000015,342442.6978557044,2.5030715465545654,0.43811485171318054,0.123642198741436,0.39496105909347534,0.20234094560146332,0.14453773200511932,0.12370331585407257,0.10826203972101212,0.09858262538909912,0.00721195712685585
66,0.00066,2.455015182495117,2.455015182495117,0.6444922685623169,0.6444922685623169,0.6444922685623169,False,16384,0.04758127699999193,344337.1223517767,2.49495792388916,0.45629915595054626,0.1132521852850914,0.3229122757911682,0.1869935691356659,0.1350678950548172,0.11744094640016556,0.10824998468160629,0.1061563491821289,0.008571246638894081
67,0.00067,2.4758448600769043,2.4758448600769043,0.5718514919281006,0.5718514919281006,0.5718514919281006,False,16384,0.0476032179999919,344178.4124762908,2.498615026473999,0.4225919544696808,0.09467746317386627,0.2762311100959778,0.14968277513980865,0.1124168261885643,0.0996805876493454,0.09572985023260117,0.09468068927526474,0.007445186842232943
68,0.00068,2.4740471839904785,2.4740471839904785,0.7086684703826904,0.7086684703826904,0.7086684703826904,False,16384,0.0474213140000046,345498.65067000064,2.5232911109924316,0.49402835965156555,0.11078701168298721,0.37494781613349915,0.1998177468776703,0.1488650143146515,0.12953877449035645,0.1182989552617073,0.11118649691343307,0.007879781536757946
69,0.0006900000000000001,2.441984176635742,2.441984176635742,0.7108636498451233,0.7108636498451233,0.7108636498451233,False,16384,0.04749841599999627,344937.8185580186,2.4997427463531494,0.5534000396728516,0.11454842239618301,0.32609429955482483,0.1678484082221985,0.1249154806137085,0.11106222867965698,0.10786623507738113,0.1084539145231247,0.010369615629315376
70,0.0007000000000000001,2.4551100730895996,2.4551100730895996,0.768805742263794,0.768805742263794,0.768805742263794,False,16384,0.04746612599998912,345172.47099550016,2.487133502960205,0.5810368657112122,0.11370550841093063,0.3626018166542053,0.18486641347408295,0.14539918303489685,0.13359829783439636,0.13478797674179077,0.13275554776191711,0.009622381068766117
71,0.0007100000000000001,2.447946548461914,2.447946548461914,0.7103253602981567,0.7103253602981567,0.7103253602981567,False,16384,0.047479795999990415,345073.09172101977,2.491588830947876,0.5356222987174988,0.11835630238056183,0.3396237790584564,0.17599819600582123,0.13332262635231018,0.11808189749717712,0.11291331797838211,0.11304102838039398,0.009849709458649158
72,0.00072,2.4665942192077637,2.4665942192077637,0.582845151424408,0.582845151424408,0.582845151424408,False,16384,0.047411335000006716,345571.37022186106,2.488266706466675,0.44053778052330017,0.09643582999706268,0.27037695050239563,0.1514337658882141,0.113629549741745,0.09997107088565826,0.0930209532380104,0.09312271326780319,0.008276436477899551
73,0.00073,2.454744338989258,2.454744338989258,0.8092526197433472,0.8092526197433472,0.8092526197433472,False,16384,0.047496996000006675,344948.1310354385,2.485283851623535,0.6326555013656616,0.11419814079999924,0.3632252514362335,0.18469548225402832,0.14841175079345703,0.13106346130371094,0.13208192586898804,0.13700726628303528,0.011412627063691616
74,0.00074,2.434277057647705,2.434277057647705,0.7905024290084839,0.7905024290084839,0.7905024290084839,False,16384,0.04748346599998854,345046.42100060586,2.484074354171753,0.5996052026748657,0.11993063241243362,0.377430260181427,0.18122199177742004,0.14688971638679504,0.13157318532466888,0.13465586304664612,0.13616330921649933,0.011340881697833538
75,0.00075,2.4522786140441895,2.4522786140441895,0.8798925280570984,0.8798925280570984,0.8798925280570984,False,16384,0.04753850699999873,344646.9196014178,2.4798641204833984,0.6774189472198486,0.136203795671463,0.42267557978630066,0.1955769807100296,0.15492914617061615,0.133855938911438,0.13498307764530182,0.13989217579364777,0.012132213450968266
76,0.0007599999999999999,2.457139015197754,2.457139015197754,1.2204196453094482,1.2204196453094482,0.9999992251396179,True,16384,0.047470696000004864,345139.2412699894,2.5125114917755127,0.9745582342147827,0.1661359965801239,0.5194437503814697,0.27394652366638184,0.21032099425792694,0.1896739900112152,0.19621793925762177,0.21940751373767853,0.018396859988570213
77,0.00077,2.4593441486358643,2.4593441486358643,0.7074956297874451,0.7074956297874451,0.7074956297874451,False,16384,0.04742496599999413,345472.0452514827,2.496332883834839,0.5341261625289917,0.11124718934297562,0.3263218104839325,0.1825360208749771,0.13638639450073242,0.12145113199949265,0.11896728724241257,0.12437155097723007,0.01024286262691021
78,0.00078,2.4544200897216797,2.4544200897216797,0.8338412046432495,0.8338412046432495,0.8338412046432495,False,16384,0.04740639499999588,345607.38060764637,2.488755464553833,0.6531227827072144,0.10766401141881943,0.3419434428215027,0.2091030478477478,0.16501879692077637,0.14988210797309875,0.14840753376483917,0.15677392482757568,0.013495835475623608
79,0.00079,2.4571170806884766,2.4571170806884766,1.0163828134536743,1.0163828134536743,0.9999991655349731,True,16384,0.04740080400000579,345648.145546181,2.4772186279296875,0.8163267374038696,0.11443518102169037,0.41074317693710327,0.2343393862247467,0.18390662968158722,0.16826777160167694,0.1755516529083252,0.1915958821773529,0.0161672905087471
80,0.0008,2.4304277896881104,2.4304277896881104,1.1527715921401978,1.1527715921401978,0.9999992251396179,True,16384,0.047434354999992934,345403.6636526931,2.4816360473632812,0.8999555110931396,0.1781826764345169,0.5897918939590454,0.2119290679693222,0.16070716083049774,0.14384052157402039,0.1526910960674286,0.15639321506023407,0.01244316902011633
81,0.0008100000000000001,2.4585399627685547,2.4585399627685547,1.1998995542526245,1.1998995542526245,0.9999991655349731,True,16384,0.04776672099998791,343000.30768291897,2.5077998638153076,0.8934484720230103,0.21066591143608093,0.6159953474998474,0.27850472927093506,0.21729686856269836,0.1814134269952774,0.17721600830554962,0.16846181452274323,0.014133000746369362
82,0.00082,2.451326847076416,2.451326847076416,0.6228392720222473,0.6228392720222473,0.6228392720222473,False,16384,0.04763488900000823,343949.5786375648,2.482372283935547,0.4734584093093872,0.10270374268293381,0.27964386343955994,0.1596343070268631,0.12302513420581818,0.11122164875268936,0.10246874392032623,0.1069830060005188,0.009133173152804375
83,0.00083,2.420475482940674,2.420475482940674,0.7058804035186768,0.7058804035186768,0.7058804035186768,False,16384,0.047487656000001266,345015.97636235325,2.4787895679473877,0.5233553647994995,0.14184728264808655,0.34412097930908203,0.17468196153640747,0.13378269970417023,0.11552831530570984,0.1113802120089531,0.1075650304555893,0.009604370221495628
84,0.00084,2.431377410888672,2.431377410888672,0.879691481590271,0.879691481590271,0.879691481590271,False,16384,0.047470066000002475,345143.8217928567,2.4896621704101562,0.6800525188446045,0.1327868103981018,0.3926083743572235,0.21892787516117096,0.16046838462352753,0.14685370028018951,0.14547500014305115,0.1518242061138153,0.012362739071249962
85,0.0008500000000000001,2.4301087856292725,2.4301087856292725,0.8305820226669312,0.8305820226669312,0.8305820226669312,False,16384,0.047429894999993394,345436.143175149,2.4781222343444824,0.5816313624382019,0.16634877026081085,0.44564634561538696,0.2437773495912552,0.15149164199829102,0.1327228993177414,0.11512556672096252,0.10939902067184448,0.009180592373013496
86,0.0008600000000000001,2.4267282485961914,2.4267282485961914,0.7032327651977539,0.7032327651977539,0.7032327651977539,False,16384,0.047549087999996686,344570.2260367463,2.4800336360931396,0.5389323830604553,0.13437525928020477,0.35103246569633484,0.15358248353004456,0.11120423674583435,0.09679429233074188,0.09218237549066544,0.0943903923034668,0.008801577612757683
87,0.0008700000000000001,2.4234261512756348,2.4234261512756348,0.6477842330932617,0.6477842330932617,0.6477842330932617,False,16384,0.04743051500000206,345431.6277189756,2.4757840633392334,0.48074132204055786,0.1317606270313263,0.3098096251487732,0.16519692540168762,0.12425306439399719,0.10772226005792618,0.10098649561405182,0.10275999456644058,0.008859695866703987
88,0.0008799999999999999,2.453341007232666,2.453341007232666,0.878958523273468,0.878958523273468,0.878958523273468,False,16384,0.047450306000001774,345287.55199174874,2.4654383659362793,0.593783974647522,0.1929357647895813,0.5094369053840637,0.23523658514022827,0.15529760718345642,0.13438072800636292,0.11923688650131226,0.10706393420696259,0.006823859177529812
89,0.00089,2.4539008140563965,2.4539008140563965,0.9984159469604492,0.9984159469604492,0.9984159469604492,False,16384,0.047475015000003395,345107.8425146117,2.4988088607788086,0.6647747159004211,0.17384770512580872,0.5787906646728516,0.29375338554382324,0.19291572272777557,0.1669757217168808,0.1453309804201126,0.13066765666007996,0.010182355530560017
90,0.0009,2.417874336242676,2.417874336242676,1.0077619552612305,1.0077619552612305,0.9999991059303284,True,16384,0.04744534499999986,345323.65609313303,2.469752550125122,0.751700222492218,0.14596112072467804,0.5794626474380493,0.19031208753585815,0.1358901709318161,0.11627490073442459,0.11387202143669128,0.11043930053710938,0.008993169292807579
91,0.00091,2.445047378540039,2.445047378540039,1.0317802429199219,1.0317802429199219,0.9999991655349731,True,16384,0.04744359500000428,345336.3936691248,2.4692368507385254,0.8177533149719238,0.14156657457351685,0.4597914516925812,0.22937598824501038,0.1717747151851654,0.163941890001297,0.16918548941612244,0.163127601146698,0.013025722466409206
92,0.00092,2.4359488487243652,2.4359488487243652,0.8492113351821899,0.8492113351821899,0.8492113351821899,False,16384,0.04743069500000274,345430.31680221116,2.461116313934326,0.6309176087379456,0.10150563716888428,0.4392545223236084,0.2116742879152298,0.15356659889221191,0.13595089316368103,0.12867766618728638,0.12751086056232452,0.012907505966722965
93,0.0009299999999999999,2.409183979034424,2.409183979034424,0.6132910251617432,0.6132910251617432,0.6132910251617432,False,16384,0.047484805999999935,345036.68394475535,2.467740297317505,0.4692731201648712,0.12251575291156769,0.2994762361049652,0.14063872396945953,0.1013525202870369,0.08781040459871292,0.08202539384365082,0.08163060992956161,0.0076499879360198975
94,0.00094,2.440131902694702,2.440131902694702,0.8117154240608215,0.8117154240608215,0.8117154240608215,False,16384,0.04749815600000318,344939.7067119596,2.4762418270111084,0.6455058455467224,0.1270466446876526,0.3557189702987671,0.18607649207115173,0.14079943299293518,0.12431379407644272,0.11857353895902634,0.12405428290367126,0.013238259591162205
95,0.00095,2.431082248687744,2.431082248687744,0.8959070444107056,0.8959070444107056,0.8959070444107056,False,16384,0.047454006000009485,345260.6298401177,2.461979866027832,0.7289050221443176,0.1199837252497673,0.3598506450653076,0.1988571733236313,0.1528422236442566,0.14430788159370422,0.146504744887352,0.14860118925571442,0.013516885228455067
96,0.00096,2.4222192764282227,2.4222192764282227,0.7963138818740845,0.7963138818740845,0.7963138818740845,False,16384,0.047394703999998455,345692.632662091,2.4515225887298584,0.613996148109436,0.1408601850271225,0.4037720263004303,0.16470764577388763,0.12172550708055496,0.10586931556463242,0.10397567600011826,0.10099297761917114,0.009300759993493557
97,0.00097,2.4143407344818115,2.4143407344818115,0.5814480185508728,0.5814480185508728,0.5814480185508728,False,16384,0.04740097500000218,345646.8986133565,2.4470746517181396,0.44524750113487244,0.10384906083345413,0.28801774978637695,0.1347188800573349,0.09539081156253815,0.08457209169864655,0.07685872167348862,0.07561381161212921,0.008477196097373962
98,0.00098,2.423032760620117,2.423032760620117,0.676880419254303,0.676880419254303,0.676880419254303,False,16384,0.04740852400000506,345591.8602316801,2.4500341415405273,0.5304690003395081,0.1319321244955063,0.3250279128551483,0.13885606825351715,0.10099692642688751,0.09000108391046524,0.08812879770994186,0.09106088429689407,0.00895207654684782
99,0.00099,2.4123363494873047,2.4123363494873047,0.9064808487892151,0.9064808487892151,0.9064808487892151,False,16384,0.047402134000009255,345638.44741666695,2.4696719646453857,0.7175315618515015,0.1551862210035324,0.4271719455718994,0.18313832581043243,0.1400282084941864,0.12596501410007477,0.12674206495285034,0.12282006442546844,0.011585271917283535
100,0.001,2.420630693435669,2.420630693435669,1.373845100402832,1.373845100402832,0.9999993443489075,True,16384,0.04743088499999715,345428.9330675779,2.4758074283599854,1.0578149557113647,0.19682617485523224,0.7236646413803101,0.2744702100753784,0.2051181048154831,0.1755065768957138,0.17479737102985382,0.16452546417713165,0.014634329825639725
101,0.0009999988670101741,2.410024642944336,2.410024642944336,0.9646878838539124,0.9646878838539124,0.9646878838539124,False,16384,0.04755975700000192,344492.92917958635,2.47104549407959,0.7560651898384094,0.13538068532943726,0.45899465680122375,0.20461390912532806,0.15831492841243744,0.13993822038173676,0.1482718586921692,0.14581473171710968,0.014985870569944382
102,0.0009999954680464025,2.3947622776031494,2.3947622776031494,0.756446123123169,0.756446123123169,0.756446123123169,False,16384,0.047460245999999984,345215.23550467915,2.4626290798187256,0.5991401672363281,0.12403923273086548,0.34828001260757446,0.16182047128677368,0.11618524044752121,0.10591758787631989,0.11217954009771347,0.11366476118564606,0.012237189337611198
103,0.0009999898031257995,2.3958513736724854,2.3958513736724854,0.8342867493629456,0.8342867493629456,0.8342867493629456,False,16384,0.047367933999993284,345888.0009417832,2.451415777206421,0.6101369261741638,0.1501525640487671,0.45234397053718567,0.1949613392353058,0.14123424887657166,0.11964669823646545,0.11303792148828506,0.1070500910282135,0.009835788980126381
104,0.000999981872276892,2.4204721450805664,2.4204721450805664,1.0399507284164429,1.0399507284164429,0.9999989867210388,True,16384,0.047386974000005466,345749.0237717671,2.4592771530151367,0.8354650139808655,0.15977226197719574,0.4760473966598511,0.20950235426425934,0.15958866477012634,0.1398460865020752,0.147312730550766,0.14337264001369476,0.013182730413973331
105,0.0009999716755396152,2.407288074493408,2.407288074493408,1.0263712406158447,1.0263712406158447,0.9999991059303284,True,16384,0.04743157499999029,345423.90801914874,2.44504976272583,0.8142978549003601,0.17935027182102203,0.4968712329864502,0.20429475605487823,0.14166370034217834,0.12464403361082077,0.12888015806674957,0.13114991784095764,0.012568923644721508
106,0.0009999592129653152,2.395550489425659,2.395550489425659,0.7499623894691467,0.7499623894691467,0.7499623894691467,False,16384,0.04758644800000411,344299.7048234948,2.4389731884002686,0.5761721134185791,0.1442253440618515,0.39411303400993347,0.14742214977741241,0.10368227958679199,0.08991405367851257,0.08383598923683167,0.08171998709440231,0.008290947414934635
107,0.0009999444846167471,2.393981456756592,2.393981456756592,0.8711944818496704,0.8711944818496704,0.8711944818496704,False,16384,0.0475443969999958,344604.2232905267,2.4373745918273926,0.6997868418693542,0.15874537825584412,0.4026118814945221,0.16498999297618866,0.12372956424951553,0.11077263951301575,0.1154632419347763,0.11699462682008743,0.012685803696513176
108,0.0009999274905680762,2.4168529510498047,2.4168529510498047,0.8838530778884888,0.8838530778884888,0.8838530778884888,False,16384,0.04748873600000536,345008.1299278665,2.4470810890197754,0.6505241394042969,0.17326098680496216,0.4526897370815277,0.22446472942829132,0.14919091761112213,0.12373387813568115,0.1305016577243805,0.13382211327552795,0.013256410136818886
109,0.0009999082309048756,2.409524917602539,2.409524917602539,0.705810546875,0.705810546875,0.705810546875,False,16384,0.0474173449999995,345527.57013283164,2.4413158893585205,0.5585587620735168,0.11872595548629761,0.346447616815567,0.14363017678260803,0.09821531921625137,0.08440814167261124,0.08428406715393066,0.08652380853891373,0.008249741047620773
110,0.000999886705724128,2.4044337272644043,2.4044337272644043,0.6698286533355713,0.6698286533355713,0.6698286533355713,False,16384,0.0474160350000119,345537.11629401083,2.442378282546997,0.5223426222801208,0.12298395484685898,0.32172662019729614,0.15108130872249603,0.10262894630432129,0.0914168730378151,0.08796459436416626,0.08752156049013138,0.00907654408365488
111,0.0009998629151342232,2.4017648696899414,2.4017648696899414,0.8306745886802673,0.8306745886802673,0.8306745886802673,False,16384,0.0474389350000024,345370.31659751997,2.4364173412323,0.637860894203186,0.1576690822839737,0.433614045381546,0.16126278042793274,0.1133217066526413,0.10195911675691605,0.10061822086572647,0.10399053245782852,0.009584244340658188
112,0.0009998368592549595,2.369101047515869,2.369101047515869,0.6224122643470764,0.6224122643470764,0.6224122643470764,False,16384,0.047405484000009324,345614.0222088393,2.4176740646362305,0.47173476219177246,0.11630668491125107,0.3138295114040375,0.14448361098766327,0.09809982031583786,0.08806877583265305,0.08336295187473297,0.08697982132434845,0.008776422590017319
113,0.000999808538217541,2.3793797492980957,2.3793797492980957,0.7147009968757629,0.7147009968757629,0.7147009968757629,False,16384,0.04749596599999961,344955.6115986805,2.413486957550049,0.5007762908935547,0.12818941473960876,0.4229176938533783,0.17214477062225342,0.11233782023191452,0.09328345954418182,0.08406570553779602,0.08152598887681961,0.007729148492217064
114,0.0009997779521645793,2.3577919006347656,2.3577919006347656,0.7598016858100891,0.7598016858100891,0.7598016858100891,False,16384,0.04765199900000994,343826.07957321126,2.4092912673950195,0.5412092804908752,0.15721280872821808,0.4421154856681824,0.16913805902004242,0.11491349339485168,0.09513604640960693,0.08565697073936462,0.07715889811515808,0.007405982818454504
115,0.00099974510125009,2.3988559246063232,2.3988559246063232,0.7629731893539429,0.7629731893539429,0.7629731893539429,False,16384,0.04763492899999733,343949.2898163219,2.4063947200775146,0.5792267918586731,0.14900217950344086,0.4060582220554352,0.14942051470279694,0.10730328410863876,0.09520652890205383,0.08831176161766052,0.09350322186946869,0.009638648480176926
116,0.0009997099856394946,2.37613582611084,2.37613582611084,0.7073659300804138,0.7073659300804138,0.7073659300804138,False,16384,0.0477746800000034,342943.1657103477,2.4098000526428223,0.5267232656478882,0.14166629314422607,0.3859764337539673,0.14930762350559235,0.10181143134832382,0.08702962845563889,0.0838058814406395,0.08092762529850006,0.008764666505157948
117,0.000999672605509618,2.3737943172454834,2.3737943172454834,0.7009191513061523,0.7009191513061523,0.7009191513061523,False,16384,0.04753500600000393,344672.3031863853,2.4077649116516113,0.5359528660774231,0.1315937489271164,0.36390382051467896,0.1411648690700531,0.10242705047130585,0.08944502472877502,0.08470515161752701,0.09293552488088608,0.008247004821896553
118,0.0009996329610486886,2.3726017475128174,2.3726017475128174,0.9871218204498291,0.9871218204498291,0.9871218204498291,False,16384,0.04754590699999994,344593.27908078436,2.4103922843933105,0.7421662211418152,0.17839379608631134,0.5447041392326355,0.19733470678329468,0.1379089653491974,0.12255042791366577,0.10677079111337662,0.10295601189136505,0.00966383796185255
119,0.000999591052456336,2.3538897037506104,2.3538897037506104,0.8770507574081421,0.8770507574081421,0.8770507574081421,False,16384,0.04743178500000056,345422.3786855124,2.406456470489502,0.6401910185813904,0.14117078483104706,0.48990121483802795,0.19496306777000427,0.14527639746665955,0.1290534883737564,0.1149124801158905,0.10185109823942184,0.009585595689713955
120,0.0009995468799435915,2.3516876697540283,2.3516876697540283,0.6404405236244202,0.6404405236244202,0.6404405236244202,False,16384,0.0474266450000016,345459.8148361422,2.388608455657959,0.4764603078365326,0.13003474473953247,0.3392879366874695,0.14248187839984894,0.098354771733284,0.0862017273902893,0.08015449345111847,0.08501079678535461,0.008196830749511719
121,0.0009995004437328865,2.3797659873962402,2.3797659873962402,0.9833516478538513,0.9833516478538513,0.9833516478538513,False,16384,0.04748681600000282,345022.07939144684,2.409174919128418,0.7537764310836792,0.14857728779315948,0.5084356665611267,0.203047513961792,0.15405362844467163,0.13699588179588318,0.13514401018619537,0.12665608525276184,0.0136107774451375
122,0.0009994517440580508,2.3314919471740723,2.3314919471740723,0.7958297729492188,0.7958297729492188,0.7958297729492188,False,16384,0.04740946399999757,345585.00809038547,2.391489267349243,0.6021284461021423,0.13117623329162598,0.43665140867233276,0.15502697229385376,0.10931643843650818,0.09765147417783737,0.09324147552251816,0.09273729473352432,0.010064256377518177
123,0.000999400781164312,2.3694887161254883,2.3694887161254883,0.8269855976104736,0.8269855976104736,0.8269855976104736,False,16384,0.047419853999997486,345509.28815598774,2.3924849033355713,0.6261610984802246,0.14566874504089355,0.45220229029655457,0.15837115049362183,0.1166195347905159,0.10267169028520584,0.09324420988559723,0.09010613709688187,0.009195306338369846
124,0.0009993475553082944,2.338670253753662,2.338670253753662,0.9788247346878052,0.9788247346878052,0.9788247346878052,False,16384,0.04743515499998807,345397.8383754437,2.3891255855560303,0.7459009289741516,0.18420474231243134,0.5407969355583191,0.18119587004184723,0.12170743197202682,0.098819300532341,0.09463237226009369,0.0943354144692421,0.008519148454070091
125,0.0009992920667580174,2.345639705657959,2.345639705657959,1.2250784635543823,1.2250784635543823,0.9999991655349731,True,16384,0.04745571499999812,345248.1961340304,2.3920366764068604,0.9295750260353088,0.17073743045330048,0.6954535841941833,0.24006205797195435,0.15967844426631927,0.11786491423845291,0.11254730820655823,0.11866030097007751,0.011580913327634335
126,0.000999234315792894,2.370117664337158,2.370117664337158,1.4047296047210693,1.4047296047210693,0.9999992847442627,True,16384,0.04745904600000017,345223.9642575188,2.4161906242370605,1.1322532892227173,0.16537180542945862,0.6932805180549622,0.2510698139667511,0.17949941754341125,0.15947659313678741,0.16853006184101105,0.1837765872478485,0.020419638603925705
127,0.0009991743027037302,2.327568531036377,2.327568531036377,0.6822964549064636,0.6822964549064636,0.6822964549064636,False,16384,0.04748405600000183,345042.1337216722,2.3927557468414307,0.5251240134239197,0.12064742296934128,0.3613581955432892,0.1311476081609726,0.09462480247020721,0.08213187754154205,0.07582846283912659,0.07692216336727142,0.008459685370326042
128,0.0009991120277927223,2.373349666595459,2.373349666595459,1.0310884714126587,1.0310884714126587,0.9999991059303284,True,16384,0.04752617599999098,344736.34066420805,2.4007229804992676,0.8853825926780701,0.13604384660720825,0.3975880742073059,0.16700458526611328,0.13158999383449554,0.12179828435182571,0.1357961893081665,0.1544564962387085,0.01784004643559456
129,0.000999047491373456,2.3175652027130127,2.3175652027130127,0.9136810898780823,0.9136810898780823,0.9136810898780823,False,16384,0.04744415500000798,345332.3175425349,2.3847639560699463,0.7214255332946777,0.16424186527729034,0.46021750569343567,0.17165252566337585,0.11813478916883469,0.10234498232603073,0.10056667029857635,0.10685758292675018,0.012478211894631386
130,0.000998980693770905,2.3092167377471924,2.3092167377471924,0.8247774839401245,0.8247774839401245,0.8247774839401245,False,16384,0.047391534999988494,345715.74860371114,2.3640809059143066,0.6606833934783936,0.1302400529384613,0.40627428889274597,0.15224811434745789,0.10823778808116913,0.09465470910072327,0.09083518385887146,0.09737333655357361,0.012123950757086277
131,0.0009989116353214301,2.3187317848205566,2.3187317848205566,1.1306267976760864,1.1306267976760864,0.9999991655349731,True,16384,0.04746147500000575,345206.29626445484,2.3557071685791016,0.8735046982765198,0.16987378895282745,0.640160858631134,0.20195066928863525,0.1165708377957344,0.09496337175369263,0.08190199732780457,0.08054427802562714,0.007578834891319275
132,0.0009988403163727754,2.3347339630126953,2.3347339630126953,1.2325105667114258,1.2325105667114258,0.9999992847442627,True,16384,0.04751043599999605,344850.5503085967,2.370330572128296,1.0149387121200562,0.18257644772529602,0.5787478089332581,0.23185209929943085,0.14601284265518188,0.12054873257875443,0.12149616330862045,0.12707677483558655,0.013475730083882809
133,0.0009987667372840679,2.342421054840088,2.342421054840088,1.3921394348144531,1.3921394348144531,0.9999992847442627,True,16384,0.047545997000000284,344592.62679884286,2.3668670654296875,1.1308766603469849,0.2345905303955078,0.6738476753234863,0.2313011735677719,0.18079587817192078,0.14928185939788818,0.14334703981876373,0.14424759149551392,0.015453435480594635
134,0.0009986908984258162,2.2971301078796387,2.2971301078796387,0.8021190762519836,0.8021190762519836,0.8021190762519836,False,16384,0.0474627650000059,345196.9138333589,2.3518218994140625,0.6000044345855713,0.14543618261814117,0.4617302417755127,0.1443852186203003,0.10316326469182968,0.08460336178541183,0.07321050018072128,0.07054935395717621,0.007662928197532892
135,0.0009986128001799076,2.305973529815674,2.305973529815674,0.9560708999633789,0.9560708999633789,0.9560708999633789,False,16384,0.047491516000008005,344987.93426592735,2.3562448024749756,0.7373534440994263,0.1604490578174591,0.5076489448547363,0.18495458364486694,0.1340877264738083,0.11390487849712372,0.10524021834135056,0.10283426195383072,0.010849768295884132
136,0.0009985324429396065,2.3104453086853027,2.3104453086853027,0.8609175086021423,0.8609175086021423,0.8609175086021423,False,16384,0.04752340600001048,344756.4343346179,2.3440070152282715,0.6349225640296936,0.1589163839817047,0.5122016072273254,0.15178360044956207,0.10288988053798676,0.08502088487148285,0.07234713435173035,0.06571194529533386,0.006492810323834419
137,0.000998449827109553,2.294126510620117,2.294126510620117,0.9298219084739685,0.9298219084739685,0.9298219084739685,False,16384,0.04740615400000081,345609.13758158317,2.3475353717803955,0.6991624236106873,0.17012035846710205,0.5301684141159058,0.16792398691177368,0.11308641731739044,0.09699453413486481,0.08926577121019363,0.08507714420557022,0.010945129208266735
138,0.0009983649531057593,2.2922093868255615,2.2922093868255615,1.0307828187942505,1.0307828187942505,0.9999989867210388,True,16384,0.04750206600000695,344911.31396258855,2.3467893600463867,0.7524925470352173,0.16426123678684235,0.6332984566688538,0.17301438748836517,0.11666078120470047,0.09861933439970016,0.0860372930765152,0.08634404838085175,0.009604004211723804
139,0.00099827782135561,2.2968554496765137,2.2968554496765137,1.145512342453003,1.145512342453003,0.9999992251396179,True,16384,0.047417194999994194,345528.6631780308,2.3572678565979004,0.888306736946106,0.1721544861793518,0.6449660062789917,0.17796534299850464,0.12446309626102448,0.10593992471694946,0.10111285001039505,0.09361680597066879,0.010836627334356308
140,0.0009981884322978576,2.2864909172058105,2.2864909172058105,1.176436185836792,1.176436185836792,0.9999992251396179,True,16384,0.04740913500000943,345587.4063088631,2.3506150245666504,0.9395354390144348,0.1698663979768753,0.6357691884040833,0.16283193230628967,0.11742691695690155,0.10186051577329636,0.09580565989017487,0.09097710251808167,0.009147875010967255
141,0.0009980967863826215,2.2894439697265625,2.2894439697265625,1.1605284214019775,1.1605284214019775,0.9999992251396179,True,16384,0.04760300800001005,344179.93081438344,2.3488502502441406,0.8947622776031494,0.17631836235523224,0.641421377658844,0.20731449127197266,0.14108656346797943,0.12458044290542603,0.11263203620910645,0.11182724684476852,0.01098951231688261
142,0.000998002884071386,2.292896032333374,2.292896032333374,1.0643019676208496,1.0643019676208496,0.9999990463256836,True,16384,0.04748948600000347,345002.68122503586,2.33001708984375,0.8551220893859863,0.1856006681919098,0.539978563785553,0.1779341846704483,0.11917994171380997,0.10862504690885544,0.09133923053741455,0.0969555452466011,0.008564815856516361
143,0.0009979067258369969,2.2846755981445312,2.2846755981445312,1.2230368852615356,1.2230368852615356,0.9999992251396179,True,16384,0.04743757499998935,345380.21810776956,2.3206448554992676,0.9294803738594055,0.1795916110277176,0.7134750485420227,0.2060387283563614,0.137423574924469,0.10862506181001663,0.09467600286006927,0.09169883280992508,0.008770029060542583
144,0.00099780831216366,2.259582996368408,2.259582996368408,1.0106514692306519,1.0106514692306519,0.9999991059303284,True,16384,0.047392815000009136,345706.4114042781,2.3104889392852783,0.8278317451477051,0.16604483127593994,0.49729254841804504,0.157286137342453,0.11422225832939148,0.09721029549837112,0.08575687557458878,0.0810825526714325,0.008726296946406364
145,0.0009977076435469384,2.2821903228759766,2.2821903228759766,1.2393261194229126,1.2393261194229126,0.9999991655349731,True,16384,0.047473444999994285,345119.25561757677,2.3150250911712646,1.0392053127288818,0.1601913720369339,0.6034411191940308,0.16235998272895813,0.11335086077451706,0.09760572016239166,0.09285134822130203,0.0934668779373169,0.009247525595128536
146,0.0009976047204937502,2.2462825775146484,2.2462825775146484,1.0613514184951782,1.0613514184951782,0.9999990463256836,True,16384,0.04748520600000461,345033.7774674161,2.314380645751953,0.862025797367096,0.16622726619243622,0.5455088019371033,0.15113729238510132,0.111094169318676,0.09319331496953964,0.08412586152553558,0.08465703576803207,0.007313163485378027
147,0.0009974995435223651,2.2586121559143066,2.2586121559143066,1.7553963661193848,1.7553963661193848,0.9999992847442627,True,16384,0.04741057399999704,345576.9170818523,2.3154430389404297,1.5225536823272705,0.19783230125904083,0.7708982229232788,0.2575313448905945,0.1660729944705963,0.1225559338927269,0.10766369849443436,0.09598226845264435,0.009901057928800583
148,0.0009973921131624032,2.2625274658203125,2.2625274658203125,0.8787264227867126,0.8787264227867126,0.8787264227867126,False,16384,0.04754916699999967,344569.6535546062,2.3092899322509766,0.7093379497528076,0.15434987843036652,0.42130038142204285,0.152896910905838,0.1167982816696167,0.10224344581365585,0.09888999164104462,0.10155614465475082,0.010774737223982811
149,0.0009972824299548308,2.2248942852020264,2.2248942852020264,1.3377392292022705,1.3377392292022705,0.9999992847442627,True,16384,0.04740299399999515,345632.17673553864,2.3110764026641846,1.1149699687957764,0.1844167560338974,0.6312573552131653,0.24169480800628662,0.15763048827648163,0.10894040018320084,0.09813083708286285,0.09516479820013046,0.00865205004811287
150,0.000997170494451959,2.2110371589660645,2.2110371589660645,1.5161619186401367,1.5161619186401367,0.9999992847442627,True,16384,0.047456475999993586,345242.65982164827,2.3106367588043213,1.3343901634216309,0.18403461575508118,0.5840067267417908,0.22815941274166107,0.17490270733833313,0.1400022953748703,0.13516679406166077,0.1498015969991684,0.016069067642092705
151,0.0009970563072174404,2.2051987648010254,2.2051987648010254,0.8681407570838928,0.8681407570838928,0.8681407570838928,False,16384,0.04758148799999162,344335.5953895953,2.2870399951934814,0.6640815734863281,0.16307926177978516,0.4555744230747223,0.17619821429252625,0.13061240315437317,0.10449759662151337,0.09905051440000534,0.09793564677238464,0.009672810323536396
152,0.0009969398688262658,2.1935877799987793,2.1935877799987793,0.6438463926315308,0.6438463926315308,0.6438463926315308,False,16384,0.04741548500000192,345541.12438160944,2.262498140335083,0.4762829840183258,0.16152644157409668,0.3367406129837036,0.1368287205696106,0.09589339792728424,0.08593635261058807,0.0806891918182373,0.07956105470657349,0.00801335833966732
153,0.0009968211798647617,2.2062087059020996,2.2062087059020996,0.7813780903816223,0.7813780903816223,0.7813780903816223,False,16384,0.047416894999997794,345530.8492890722,2.2612013816833496,0.5966319441795349,0.16828064620494843,0.41794583201408386,0.14354869723320007,0.10472910851240158,0.0898030549287796,0.07632815092802048,0.07774315774440765,0.008716246113181114
154,0.000996700240930588,2.196913719177246,2.196913719177246,1.324194073677063,1.324194073677063,0.9999992847442627,True,16384,0.04739266299999656,345707.5201703941,2.2529828548431396,1.1778644323349,0.18124927580356598,0.5279778242111206,0.15112242102622986,0.10545128583908081,0.08874548226594925,0.07971908897161484,0.07908135652542114,0.008419407531619072
155,0.000996577052632734,2.2028298377990723,2.2028298377990723,0.8174410462379456,0.8174410462379456,0.8174410462379456,False,16384,0.0473974840000011,345672.3567858501,2.253182888031006,0.6504744291305542,0.19170822203159332,0.3790730834007263,0.15516789257526398,0.11470045894384384,0.10134648531675339,0.09026316553354263,0.0943373516201973,0.00964577030390501
156,0.000996451615591515,2.194424867630005,2.194424867630005,0.8643760681152344,0.8643760681152344,0.8643760681152344,False,16384,0.047515435999997635,344814.2620431982,2.244816780090332,0.7022817134857178,0.17367005348205566,0.4076484739780426,0.14056342840194702,0.10745549947023392,0.09439302235841751,0.08794570714235306,0.09774299710988998,0.010235934518277645
157,0.0009963239304385712,2.186174154281616,2.186174154281616,1.018585443496704,1.018585443496704,0.9999990463256836,True,16384,0.04740775399999109,345597.47335853707,2.2451319694519043,0.7956295013427734,0.20272624492645264,0.5159081816673279,0.18604159355163574,0.14114956557750702,0.12287456542253494,0.11676112562417984,0.11740435659885406,0.013454770669341087
158,0.000996193997816862,2.148607015609741,2.148607015609741,0.9527125954627991,0.9527125954627991,0.9527125954627991,False,16384,0.047367913000002204,345888.15428704314,2.2353150844573975,0.7346300482749939,0.2079332172870636,0.4861706793308258,0.174322247505188,0.13649706542491913,0.11939197778701782,0.11771149933338165,0.1055404394865036,0.01062339823693037
159,0.000996061818380665,2.1531972885131836,2.1531972885131836,0.6347358822822571,0.6347358822822571,0.6347358822822571,False,16384,0.04751953599999581,344784.5113639461,2.223074436187744,0.46025028824806213,0.1682947874069214,0.34029296040534973,0.12756910920143127,0.09928432106971741,0.0869482234120369,0.08130641281604767,0.08099877834320068,0.008606743067502975
160,0.0009959273927955706,2.172577142715454,2.172577142715454,0.8038493990898132,0.8038493990898132,0.8038493990898132,False,16384,0.04747050499999261,345140.62995543337,2.221381902694702,0.6290757060050964,0.1845136284828186,0.3844321370124817,0.1491391509771347,0.11713588982820511,0.10622105002403259,0.10612533986568451,0.09990502148866653,0.01069625187665224
161,0.0009957907217384805,2.1162233352661133,2.1162233352661133,0.8432703018188477,0.8432703018188477,0.8432703018188477,False,16384,0.047413224000010246,345557.60224186524,2.203974962234497,0.6620946526527405,0.18675589561462402,0.41079166531562805,0.1604728102684021,0.11573005467653275,0.10045138001441956,0.09453416615724564,0.10387212038040161,0.012094918638467789
162,0.0009956518058976034,2.136237621307373,2.136237621307373,0.8776120543479919,0.8776120543479919,0.8776120543479919,False,16384,0.04737767400000337,345816.8925726247,2.2015724182128906,0.7249695062637329,0.18853072822093964,0.38472092151641846,0.14688906073570251,0.11069986969232559,0.09437919408082962,0.09246879816055298,0.0984036847949028,0.009801952168345451
163,0.000995510645972451,2.1476244926452637,2.1476244926452637,0.9167028069496155,0.9167028069496155,0.9167028069496155,False,16384,0.04752126600000395,344771.9595685569,2.208136558532715,0.7206663489341736,0.2185373306274414,0.46059778332710266,0.15910786390304565,0.11134520918130875,0.09297439455986023,0.08569715917110443,0.08550766855478287,0.0078958198428154
164,0.0009953672426738357,2.1510114669799805,2.1510114669799805,0.8237305879592896,0.8237305879592896,0.8237305879592896,False,16384,0.04744100499999604,345355.2470062843,2.2070868015289307,0.6117677688598633,0.21038249135017395,0.4370642900466919,0.1639171540737152,0.12111510336399078,0.10638869553804398,0.09273242205381393,0.08637327700853348,0.008390120230615139
165,0.0009952215967238664,2.1320719718933105,2.1320719718933105,1.1678193807601929,1.1678193807601929,0.9999992847442627,True,16384,0.04752135600000429,344771.3066099907,2.1888773441314697,1.027169108390808,0.20229722559452057,0.4582480192184448,0.15382374823093414,0.11271882057189941,0.09282015264034271,0.08033666759729385,0.07938474416732788,0.00847330130636692
166,0.0009950737088559448,2.1131863594055176,2.1131863594055176,1.9412238597869873,1.9412238597869873,0.999999463558197,True,16384,0.04758230699999899,344329.668588796,2.19624662399292,1.7386661767959595,0.25506284832954407,0.7570229768753052,0.22059550881385803,0.14674820005893707,0.12343980371952057,0.10767645388841629,0.10058050602674484,0.010158875025808811
167,0.000994923579814762,2.106870174407959,2.106870174407959,0.7714954018592834,0.7714954018592834,0.7714954018592834,False,16384,0.047510256000009576,344851.85682848556,2.1891744136810303,0.6054652333259583,0.22366246581077576,0.3550873100757599,0.13411517441272736,0.10811129212379456,0.09413379430770874,0.08370068669319153,0.08301951736211777,0.00842275656759739
168,0.0009947712103562938,2.104165554046631,2.104165554046631,0.9669974446296692,0.9669974446296692,0.9669974446296692,False,16384,0.047702459000007025,343462.3779037803,2.1831343173980713,0.7912928462028503,0.22242623567581177,0.44877883791923523,0.15059126913547516,0.11033077538013458,0.09481511265039444,0.08270827680826187,0.08549265563488007,0.008584958501160145
169,0.0009946166012477985,2.0839080810546875,2.0839080810546875,1.1347137689590454,1.1347137689590454,0.9999991655349731,True,16384,0.047580237000005354,344344.64880866726,2.179847240447998,0.955977201461792,0.2378750890493393,0.4913325309753418,0.17260423302650452,0.13428272306919098,0.10876653343439102,0.09134207665920258,0.08728891611099243,0.008598060347139835
170,0.000994459753267812,2.1031746864318848,2.1031746864318848,0.9682021737098694,0.9682021737098694,0.9682021737098694,False,16384,0.047437693999995645,345379.35170292016,2.168660879135132,0.7617753744125366,0.1977720856666565,0.4858648180961609,0.18269261717796326,0.13550502061843872,0.11311350762844086,0.0918867290019989,0.09424450993537903,0.00879670586436987
171,0.0009943006672061435,2.0912134647369385,2.0912134647369385,1.080949068069458,1.080949068069458,0.9999991655349731,True,16384,0.0475470960000024,344584.66191077523,2.172607660293579,0.8792529702186584,0.22784081101417542,0.5140537023544312,0.17406544089317322,0.13046301901340485,0.11630722880363464,0.09736942499876022,0.09374365210533142,0.009324353188276291
172,0.000994139343863873,2.0625503063201904,2.0625503063201904,0.8566849827766418,0.8566849827766418,0.8566849827766418,False,16384,0.047467556000000855,345162.0723847612,2.1554596424102783,0.6768862009048462,0.20696116983890533,0.4176485240459442,0.16362236440181732,0.10520636290311813,0.08896452188491821,0.07986486703157425,0.07907094806432724,0.009221769869327545
173,0.0009939757840533455,2.093129873275757,2.093129873275757,0.7813516855239868,0.7813516855239868,0.7813516855239868,False,16384,0.04737671500001284,345823.892602,2.154142379760742,0.5258775949478149,0.22036685049533844,0.4569801986217499,0.18195687234401703,0.11970154941082001,0.10332921892404556,0.09144231677055359,0.10015805810689926,0.00798132922500372
174,0.0009938099885981684,2.0817832946777344,2.0817832946777344,0.9882526993751526,0.9882526993751526,0.9882526993751526,False,16384,0.04738624499999844,345754.3428478146,2.1467840671539307,0.7912808656692505,0.21781198680400848,0.4804478883743286,0.1765919029712677,0.12133698910474777,0.10244105011224747,0.09273240715265274,0.08471035957336426,0.008310439996421337
175,0.0009936419583332062,2.0577609539031982,2.0577609539031982,1.1874698400497437,1.1874698400497437,0.9999991655349731,True,16384,0.0473861549999981,345754.99953521567,2.1404454708099365,1.017661452293396,0.2202366441488266,0.502197802066803,0.17195522785186768,0.13356046378612518,0.10286441445350647,0.0903107300400734,0.08683431893587112,0.0076635549776256084
176,0.0009934716941045769,2.0391640663146973,2.0391640663146973,0.9849106669425964,0.9849106669425964,0.9849106669425964,False,16384,0.04741866499999503,345517.9516336387,2.1361608505249023,0.7597214579582214,0.24311286211013794,0.5066872239112854,0.19276395440101624,0.12464513629674911,0.10263796150684357,0.08582480996847153,0.08001458644866943,0.0062692235223948956
177,0.000993299196769648,2.065882682800293,2.065882682800293,1.0403151512145996,1.0403151512145996,0.9999991059303284,True,16384,0.04736368500000765,345919.0305821296,2.133612632751465,0.8203089833259583,0.2075503021478653,0.5194168090820312,0.20217017829418182,0.13736006617546082,0.12087929248809814,0.10454685986042023,0.1054147258400917,0.009115979075431824
178,0.0009931244671970319,2.046782970428467,2.046782970428467,0.7987167239189148,0.7987167239189148,0.7987167239189148,False,16384,0.04755040699998858,344560.6680086657,2.121138572692871,0.5775400996208191,0.19610698521137238,0.4257398843765259,0.18313737213611603,0.13188083469867706,0.11678432673215866,0.10099902004003525,0.09906888008117676,0.009874715469777584
179,0.0009929475062665808,2.0606369972229004,2.0606369972229004,0.8635360598564148,0.8635360598564148,0.8635360598564148,False,16384,0.047437544999993975,345380.43652980105,2.124281883239746,0.6231582164764404,0.23113319277763367,0.4727556109428406,0.1731123924255371,0.1398169994354248,0.11404658854007721,0.0985044538974762,0.09033739566802979,0.007786624599248171
180,0.0009927683148693834,2.03847074508667,2.03847074508667,0.7646438479423523,0.7646438479423523,0.7646438479423523,False,16384,0.04738768400000026,345743.8434847314,2.1216635704040527,0.5334609150886536,0.2172321230173111,0.4295251667499542,0.1583646982908249,0.12666930258274078,0.10527846962213516,0.09280212223529816,0.08679500222206116,0.00802203081548214
181,0.0009925868939077596,2.058380603790283,2.058380603790283,1.1966626644134521,1.1966626644134521,0.9999991655349731,True,16384,0.047408064999999056,345595.2062165019,2.1233649253845215,0.9618679881095886,0.25874799489974976,0.5969617366790771,0.17862458527088165,0.14118592441082,0.11808030307292938,0.09799506515264511,0.08975762128829956,0.007430119439959526
182,0.0009924032442952568,2.065279960632324,2.065279960632324,1.5499931573867798,1.5499931573867798,0.9999992847442627,True,16384,0.04740924499999721,345586.6044692541,2.136352777481079,1.3816065788269043,0.2227640450000763,0.597684919834137,0.18225786089897156,0.13943414390087128,0.11723138391971588,0.10556935518980026,0.09569457173347473,0.009239446371793747
183,0.0009922173669566444,2.039982318878174,2.039982318878174,1.0416889190673828,1.0416889190673828,0.9999990463256836,True,16384,0.047354003999998895,345989.7498847274,2.138637065887451,0.8232080340385437,0.22739189863204956,0.5253112316131592,0.1782832145690918,0.12848380208015442,0.11145316064357758,0.09959185868501663,0.09530728310346603,0.008279488421976566
184,0.00099202926282791,2.0593886375427246,2.0593886375427246,1.1212427616119385,1.1212427616119385,0.9999991655349731,True,16384,0.047497255999999766,344946.24278926937,2.121016502380371,0.8914934396743774,0.23715399205684662,0.5565954446792603,0.19110892713069916,0.14752386510372162,0.12115676701068878,0.1143672913312912,0.10131976008415222,0.008599425666034222
185,0.0009918389328562533,2.0143513679504395,2.0143513679504395,0.9167088866233826,0.9167088866233826,0.9167088866233826,False,16384,0.047429915999998684,345435.99023031065,2.1138789653778076,0.6938618421554565,0.20985476672649384,0.47569602727890015,0.18015967309474945,0.1360025554895401,0.11740738153457642,0.111555315554142,0.10645835101604462,0.008276057429611683
186,0.0009916463780000832,2.040710926055908,2.040710926055908,0.9198302626609802,0.9198302626609802,0.9198302626609802,False,16384,0.047438345000003324,345374.61203587207,2.113846778869629,0.7339593768119812,0.1944361925125122,0.4524189531803131,0.15461421012878418,0.11505991220474243,0.1015196368098259,0.09652075171470642,0.08968289196491241,0.009650842286646366
187,0.0009914515992290114,2.015554428100586,2.015554428100586,0.9138279557228088,0.9138279557228088,0.9138279557228088,False,16384,0.047426495000010505,345460.9074526037,2.114504337310791,0.7197798490524292,0.21161019802093506,0.44454801082611084,0.15535211563110352,0.12881776690483093,0.11067023873329163,0.10384856909513474,0.10332758724689484,0.012625439092516899
188,0.000991254597523849,1.9788751602172852,1.9788751602172852,0.7685083150863647,0.7685083150863647,0.7685083150863647,False,16384,0.047470825999994304,345138.29609794373,2.1114070415496826,0.570389986038208,0.20052361488342285,0.3975861370563507,0.1426471620798111,0.12181590497493744,0.10761228948831558,0.10164359956979752,0.09895329922437668,0.009216093458235264
189,0.0009910553738765996,1.989238977432251,1.989238977432251,0.8298035264015198,0.8298035264015198,0.8298035264015198,False,16384,0.047358915000003776,345953.87162055325,2.1018624305725098,0.6583022475242615,0.2038211077451706,0.39615800976753235,0.1333128958940506,0.10824097692966461,0.09696640819311142,0.0929085984826088,0.09543941169977188,0.009808296337723732
190,0.0009908539292904559,2.0129501819610596,2.0129501819610596,0.9215419888496399,0.9215419888496399,0.9215419888496399,False,16384,0.0474542759999963,345258.66541513096,2.10538911819458,0.699266791343689,0.22502107918262482,0.47200316190719604,0.16832180321216583,0.13303415477275848,0.11745848506689072,0.11329369992017746,0.11856521666049957,0.011144332587718964
191,0.0009906502647797945,2.0008771419525146,2.0008771419525146,1.0856597423553467,1.0856597423553467,0.9999991059303284,True,16384,0.047417955000000234,345523.1251537507,2.090725898742676,0.8270767331123352,0.20692133903503418,0.5840396881103516,0.21326032280921936,0.15050235390663147,0.12967374920845032,0.11002890020608902,0.11623772978782654,0.010894840583205223
192,0.00099044438137017,2.0233936309814453,2.0233936309814453,1.584383487701416,1.584383487701416,0.999999463558197,True,16384,0.04745520500000566,345251.9065084229,2.1086957454681396,1.253304362297058,0.22585679590702057,0.7807607054710388,0.3149107098579407,0.24475868046283722,0.21119491755962372,0.19590429961681366,0.19106456637382507,0.01838095299899578
193,0.0009902362800983105,2.010112762451172,2.010112762451172,0.9598163366317749,0.9598163366317749,0.9598163366317749,False,16384,0.047453055000005406,345267.549159862,2.088076591491699,0.7160467505455017,0.21438957750797272,0.519181489944458,0.1779359132051468,0.14288996160030365,0.12472052127122879,0.11255235970020294,0.11227236688137054,0.010246969759464264
194,0.0009900259620121122,2.0065388679504395,2.0065388679504395,0.853234589099884,0.853234589099884,0.853234589099884,False,16384,0.04740097500000218,345646.8986133565,2.086085796356201,0.6476135849952698,0.19623823463916779,0.42470625042915344,0.17048059403896332,0.13712304830551147,0.12468509376049042,0.1123139038681984,0.1163562461733818,0.012454861775040627
195,0.0009898134281706337,1.9984400272369385,1.9984400272369385,1.1498109102249146,1.1498109102249146,0.9999991059303284,True,16384,0.047483956000007765,345042.86037156044,2.07631516456604,0.9253612756729126,0.21249400079250336,0.5585237145423889,0.2045287936925888,0.13568268716335297,0.12703019380569458,0.12064556777477264,0.1325002908706665,0.013371871784329414
196,0.0009895986796440914,1.9676591157913208,1.9676591157913208,0.8560209274291992,0.8560209274291992,0.8560209274291992,False,16384,0.04740386500000682,345625.82607974357,2.0585570335388184,0.5883685946464539,0.22183598577976227,0.509893000125885,0.1723116785287857,0.13627028465270996,0.11209368705749512,0.09444160014390945,0.08709108829498291,0.00788331963121891
197,0.000989381717513854,1.9671998023986816,1.9671998023986816,0.8318949937820435,0.8318949937820435,0.8318949937820435,False,16384,0.04743007500000829,345434.83222400845,2.058650255203247,0.6350485682487488,0.20704397559165955,0.42047208547592163,0.14607173204421997,0.12277637422084808,0.110940121114254,0.10061634331941605,0.10073664039373398,0.010412903502583504
198,0.0009891625428724363,1.9717735052108765,1.9717735052108765,1.0743694305419922,1.0743694305419922,0.9999991059303284,True,16384,0.04736280299999862,345925.4723585611,2.0668153762817383,0.8666754364967346,0.21867792308330536,0.5179777145385742,0.18300658464431763,0.13607846200466156,0.11901453137397766,0.10420815646648407,0.09946046024560928,0.009874431416392326
199,0.0009889411568234946,1.9609363079071045,1.9609363079071045,0.8247789144515991,0.8247789144515991,0.8247789144515991,False,16384,0.047419383999994125,345512.7126915447,2.062826156616211,0.6313703060150146,0.19690385460853577,0.4325813055038452,0.14171269536018372,0.11630019545555115,0.09795957803726196,0.0802873894572258,0.07742362469434738,0.009446938522160053
200,0.0009887175604818205,1.9507254362106323,1.9507254362106323,0.7931299209594727,0.7931299209594727,0.7931299209594727,False,16384,0.04754341699999998,344611.32652707753,2.0609350204467773,0.5766904950141907,0.2072925865650177,0.44275346398353577,0.13364891707897186,0.11695358902215958,0.10134927928447723,0.09173648059368134,0.08479773998260498,0.008015523664653301
201,0.000988491754973336,1.9620929956436157,1.9620929956436157,0.7579143047332764,0.7579143047332764,0.7579143047332764,False,16384,0.047817821999998955,342633.75692854344,2.0542006492614746,0.5313287377357483,0.2077762335538864,0.434965580701828,0.14696623384952545,0.11874964833259583,0.09954068064689636,0.08619525283575058,0.08164136111736298,0.007348223589360714
202,0.0009882637414350868,1.9568428993225098,1.9568428993225098,0.6767095923423767,0.6767095923423767,0.6767095923423767,False,16384,0.04753955699999324,344639.30742985953,2.044285774230957,0.47284016013145447,0.20707668364048004,0.3720933496952057,0.13126765191555023,0.11042430996894836,0.09438265860080719,0.08573905378580093,0.0852494016289711,0.00850947480648756
203,0.0009880335210152374,1.9418768882751465,1.9418768882751465,0.6738240718841553,0.6738240718841553,0.6738240718841553,False,16384,0.047405935000000454,345610.7341833853,2.034285306930542,0.4299854338169098,0.22648309171199799,0.3989029824733734,0.14460887014865875,0.12110521644353867,0.10026588290929794,0.08341419696807861,0.07801546156406403,0.007585360202938318
204,0.000987801094873065,1.9504988193511963,1.9504988193511963,0.6705626845359802,0.6705626845359802,0.6705626845359802,False,16384,0.0475098869999897,344854.53522555315,2.0339999198913574,0.43310701847076416,0.2271699458360672,0.4037761986255646,0.127569317817688,0.10614747554063797,0.09271711111068726,0.07856877148151398,0.07132595032453537,0.005753375589847565
205,0.0009875664641789544,1.9536789655685425,1.9536789655685425,0.6972569227218628,0.6972569227218628,0.6972569227218628,False,16384,0.047477055000001656,345093.0138779549,2.0433053970336914,0.46933484077453613,0.2157810628414154,0.40154722332954407,0.13820378482341766,0.11853301525115967,0.09769707173109055,0.08659475296735764,0.08854763209819794,0.007477702107280493
206,0.0009873296301143903,1.9265376329421997,1.9265376329421997,0.8298957347869873,0.8298957347869873,0.8298957347869873,False,16384,0.04748377500000345,345044.17561575107,2.031076192855835,0.5922144651412964,0.21341921389102936,0.4712764024734497,0.16246679425239563,0.12302932888269424,0.10884376615285873,0.09465283155441284,0.08912625908851624,0.008856202475726604
207,0.0009870905938719535,1.9318301677703857,1.9318301677703857,0.8409826755523682,0.8409826755523682,0.8409826755523682,False,16384,0.04742956399999798,345438.55389437475,2.0381569862365723,0.5958120822906494,0.21062904596328735,0.4774363338947296,0.18130910396575928,0.11555138975381851,0.10466373711824417,0.09819196164608002,0.1141844093799591,0.009509017691016197
208,0.000986849356655313,1.9344741106033325,1.9344741106033325,1.1945406198501587,1.1945406198501587,0.9999991655349731,True,16384,0.04743846499999904,345373.73837876774,2.048112630844116,0.90201336145401,0.23169417679309845,0.6433272361755371,0.2432718575000763,0.1629239171743393,0.14478519558906555,0.1358518898487091,0.14311228692531586,0.011046520434319973
209,0.0009866059196792219,1.9258716106414795,1.9258716106414795,0.888335108757019,0.888335108757019,0.888335108757019,False,16384,0.04747198600000502,345129.86248349224,2.0386853218078613,0.5900818705558777,0.21043667197227478,0.545539915561676,0.19226707518100739,0.1454426497220993,0.1282006949186325,0.1134311780333519,0.10741278529167175,0.009245852008461952
210,0.000986360284169509,1.908475637435913,1.908475637435913,1.1229331493377686,1.1229331493377686,0.9999990463256836,True,16384,0.0474458449999986,345320.0169582918,2.027395009994507,0.929508626461029,0.2176632583141327,0.5256407260894775,0.16577953100204468,0.13389714062213898,0.10857855528593063,0.09373509883880615,0.08526228368282318,0.0077738999389112
211,0.0009861124513630749,1.9316234588623047,1.9316234588623047,0.8188015818595886,0.8188015818595886,0.8188015818595886,False,16384,0.04752717599998846,344729.08720694826,2.0258660316467285,0.5495415925979614,0.2201174646615982,0.4916306436061859,0.16922461986541748,0.1404401808977127,0.11322958022356033,0.09938565641641617,0.08468255400657654,0.007591790519654751
212,0.000985862422507884,1.8856990337371826,1.8856990337371826,0.846884548664093,0.846884548664093,0.846884548664093,False,16384,0.047466344999989474,345170.8784403693,2.0124244689941406,0.6291004419326782,0.21448102593421936,0.4614925980567932,0.1452808827161789,0.12584646046161652,0.10235454887151718,0.08691958338022232,0.08622845262289047,0.007605497259646654
213,0.0009856101988629591,1.9085696935653687,1.9085696935653687,0.8203378319740295,0.8203378319740295,0.8203378319740295,False,16384,0.0473783329999975,345812.08249772876,2.0229811668395996,0.5882132053375244,0.2160131186246872,0.45929625630378723,0.15614187717437744,0.12993602454662323,0.10827107727527618,0.09348233044147491,0.0869428887963295,0.007770048454403877
214,0.0009853557816983753,1.896763801574707,1.896763801574707,0.7530868053436279,0.7530868053436279,0.7530868053436279,False,16384,0.04744539499999689,345323.292176218,2.021575450897217,0.5147837400436401,0.21443326771259308,0.44782376289367676,0.1446916162967682,0.1156301274895668,0.09504051506519318,0.08047184348106384,0.07573334127664566,0.007724076975136995
215,0.0009850991722952528,1.8930515050888062,1.8930515050888062,0.7391626238822937,0.7391626238822937,0.7391626238822937,False,16384,0.047507826000000364,344869.4958173812,2.026265859603882,0.5088226795196533,0.21188730001449585,0.42115283012390137,0.15226277709007263,0.12842640280723572,0.10433328151702881,0.08874087780714035,0.08186542242765427,0.007436838932335377
216,0.0009848403719457507,1.906744360923767,1.906744360923767,0.6891911625862122,0.6891911625862122,0.6891911625862122,False,16384,0.04757290700000283,344397.7051896161,2.0166492462158203,0.463100790977478,0.21290139853954315,0.4014807343482971,0.1349663883447647,0.11326176673173904,0.09573875367641449,0.08379817754030228,0.08189596980810165,0.008321967907249928
217,0.000984579381953061,1.8811326026916504,1.8811326026916504,0.6622400283813477,0.6622400283813477,0.6622400283813477,False,16384,0.04778625100000511,342860.12518534355,2.016772508621216,0.41462647914886475,0.2097487598657608,0.40165263414382935,0.14046984910964966,0.12130463123321533,0.10783252120018005,0.09082037955522537,0.08334917575120926,0.007584425620734692
218,0.0009843162036314015,1.879787564277649,1.879787564277649,0.7197381854057312,0.7197381854057312,0.7197381854057312,False,16384,0.047566795999998135,344441.9506413811,2.0084891319274902,0.4639795124530792,0.2245984673500061,0.4413418471813202,0.14431853592395782,0.11545310914516449,0.10068574547767639,0.08385204523801804,0.07839272916316986,0.006891331169754267
219,0.000984050838306009,1.8872392177581787,1.8872392177581787,1.2217214107513428,1.2217214107513428,0.9999991655349731,True,16384,0.047447055000006344,345311.21056929266,2.0139546394348145,1.0410645008087158,0.22833287715911865,0.5424188375473022,0.15784209966659546,0.11863867938518524,0.10216983407735825,0.08430738002061844,0.07654009014368057,0.006319200620055199
220,0.000983783287313134,1.8962922096252441,1.8962922096252441,1.046566367149353,1.046566367149353,0.9999991059303284,True,16384,0.04768307800000571,343601.97972115054,2.000863790512085,0.8054490685462952,0.2547481656074524,0.5393919348716736,0.1790294349193573,0.1452370136976242,0.12676313519477844,0.10622074455022812,0.10067682713270187,0.008938588201999664
221,0.0009835135520000317,1.882515788078308,1.882515788078308,0.9652172923088074,0.9652172923088074,0.9652172923088074,False,16384,0.04739927399999999,345659.30271421466,1.9946321249008179,0.7082046866416931,0.2194473147392273,0.5369660258293152,0.18783743679523468,0.14294713735580444,0.12204805016517639,0.10721360146999359,0.10685735195875168,0.008666510693728924
222,0.0009832416337249574,1.8829244375228882,1.8829244375228882,1.0912981033325195,1.0912981033325195,0.9999991059303284,True,16384,0.04736634400001094,345899.61175800726,1.999314546585083,0.8137755393981934,0.21583479642868042,0.6068049073219299,0.2130822241306305,0.14860612154006958,0.12834645807743073,0.12383893132209778,0.12054484337568283,0.008734975010156631
223,0.000982967533857158,1.8461239337921143,1.8461239337921143,0.7723302245140076,0.7723302245140076,0.7723302245140076,False,16384,0.04739360400000692,345700.6561475597,1.9832195043563843,0.5483541488647461,0.2195354849100113,0.433437317609787,0.1405685991048813,0.12097037583589554,0.10163173824548721,0.09228074550628662,0.08032158017158508,0.006955286487936974
224,0.000982691253776867,1.8599776029586792,1.8599776029586792,1.0121839046478271,1.0121839046478271,0.9999991059303284,True,16384,0.047432355000012194,345418.227705451,1.9805101156234741,0.7960690259933472,0.2229306846857071,0.5118945837020874,0.17522010207176208,0.1255059540271759,0.10958242416381836,0.09901072829961777,0.10336222499608994,0.010353145189583302
225,0.000982412794875295,1.8633089065551758,1.8633089065551758,1.1015892028808594,1.1015892028808594,0.9999991655349731,True,16384,0.04741190500000414,345567.215660256,1.9839892387390137,0.90789794921875,0.22431255877017975,0.5081271529197693,0.17172004282474518,0.1240803599357605,0.11129488050937653,0.10828230530023575,0.1076965183019638,0.010810901410877705
226,0.0009821321585546244,1.8626821041107178,1.8626821041107178,0.7163882851600647,0.7163882851600647,0.7163882851600647,False,16384,0.04756266799999764,344471.84501930827,1.9795969724655151,0.46523934602737427,0.22854767739772797,0.4254907965660095,0.14201529324054718,0.11917084455490112,0.10501512140035629,0.09691053628921509,0.0929405689239502,0.007759895641356707
227,0.0009818493462280028,1.8678487539291382,1.8678487539291382,0.8411887288093567,0.8411887288093567,0.8411887288093567,False,16384,0.047435316000004946,345396.66606201784,1.9836325645446777,0.5745327472686768,0.21449166536331177,0.4899778366088867,0.1925576776266098,0.1290137618780136,0.11432377994060516,0.10585623979568481,0.11544530838727951,0.009973214007914066
228,0.0009815643593195345,1.8793894052505493,1.8793894052505493,0.7898445129394531,0.7898445129394531,0.7898445129394531,False,16384,0.047374854000011624,345837.4774093442,1.9793732166290283,0.5343813300132751,0.2128782570362091,0.46231454610824585,0.162255197763443,0.1363750547170639,0.11800763756036758,0.10694669932126999,0.09429621696472168,0.007682593539357185
229,0.000981277199264274,1.8683695793151855,1.8683695793151855,0.8596322536468506,0.8596322536468506,0.8596322536468506,False,16384,0.04738838400000134,345738.7363114036,1.9807788133621216,0.6173377633094788,0.22400954365730286,0.4599303603172302,0.1667259782552719,0.1428156942129135,0.1291385442018509,0.12215238809585571,0.12750108540058136,0.009859849698841572
230,0.0009809878675082187,1.8588148355484009,1.8588148355484009,0.8466413021087646,0.8466413021087646,0.8466413021087646,False,16384,0.04752018700000349,344779.78800880554,1.986994981765747,0.5775718688964844,0.23057159781455994,0.49013209342956543,0.18563535809516907,0.1356198936700821,0.11737075448036194,0.10803860425949097,0.10695591568946838,0.008857621811330318
231,0.0009806963655083017,1.8377199172973633,1.8377199172973633,1.309069037437439,1.309069037437439,0.9999993443489075,True,16384,0.04739864500000124,345663.8897588649,1.9853578805923462,1.0955623388290405,0.23987257480621338,0.5966812372207642,0.17963244020938873,0.15162532031536102,0.13196183741092682,0.11472636461257935,0.11782801896333694,0.010954759083688259
232,0.0009804026947323843,1.84730064868927,1.84730064868927,0.8301070332527161,0.8301070332527161,0.8301070332527161,False,16384,0.047355644999996116,345977.76041275216,1.982039213180542,0.5584548711776733,0.2392140030860901,0.5036548972129822,0.15717101097106934,0.11803723126649857,0.10285281389951706,0.09243250638246536,0.09211697429418564,0.008412430994212627
233,0.0009801068566592484,1.8330941200256348,1.8330941200256348,0.9250812530517578,0.9250812530517578,0.9250812530517578,False,16384,0.0474189149999944,345516.1300084984,1.9657840728759766,0.7258374691009521,0.22408832609653473,0.4673139452934265,0.13959398865699768,0.11962979286909103,0.10182815790176392,0.09079857915639877,0.08863257616758347,0.008402802050113678
234,0.0009798088527785903,1.8329017162322998,1.8329017162322998,0.9255430698394775,0.9255430698394775,0.9255430698394775,False,16384,0.04738594500000204,345756.5318154844,1.9579949378967285,0.6661871075630188,0.2432233989238739,0.5218202471733093,0.1656465381383896,0.13944290578365326,0.12329442799091339,0.1001843586564064,0.09583500772714615,0.008053070865571499
235,0.0009795086845910113,1.795175552368164,1.795175552368164,0.7550387382507324,0.7550387382507324,0.7550387382507324,False,16384,0.047375373999997805,345833.6814396602,1.9615046977996826,0.507350504398346,0.21027787029743195,0.4520479440689087,0.14568519592285156,0.12290652096271515,0.10728990286588669,0.09235047549009323,0.08767618238925934,0.007604300044476986
236,0.0009792063536080114,1.8351857662200928,1.8351857662200928,0.7406066656112671,0.7406066656112671,0.7406066656112671,False,16384,0.04754126699999972,344626.91118434217,1.960422396659851,0.48184484243392944,0.2211199402809143,0.44062596559524536,0.15160682797431946,0.13143397867679596,0.11523167788982391,0.10113760828971863,0.09715352207422256,0.008548533543944359
237,0.0009789018613519814,1.7963529825210571,1.7963529825210571,0.6802201867103577,0.6802201867103577,0.6802201867103577,False,16384,0.0474394459999985,345366.5963974478,1.9426772594451904,0.4199172854423523,0.2084924429655075,0.42781558632850647,0.14110177755355835,0.1198849156498909,0.10363490879535675,0.0904422327876091,0.08141160011291504,0.0066141351126134396
238,0.0009785952093561952,1.8197007179260254,1.8197007179260254,0.8529433608055115,0.8529433608055115,0.8529433608055115,False,16384,0.04742076600000189,345502.64329343283,1.9444842338562012,0.5538497567176819,0.2145986258983612,0.5260885953903198,0.21212516725063324,0.133027121424675,0.11323602497577667,0.1031273603439331,0.108270563185215,0.008220680989325047
239,0.0009782863991648022,1.8269340991973877,1.8269340991973877,1.0361303091049194,1.0361303091049194,0.9999989867210388,True,16384,0.04755501799999706,344527.2589319809,1.9577275514602661,0.7338030338287354,0.23114781081676483,0.6059000492095947,0.21026647090911865,0.15780799090862274,0.13906273245811462,0.11457254737615585,0.11361350119113922,0.008135358802974224
240,0.0009779754323328191,1.8101646900177002,1.8101646900177002,1.0686979293823242,1.0686979293823242,0.9999990463256836,True,16384,0.047473647000003893,345117.78713774943,1.9699993133544922,0.8177175521850586,0.22085455060005188,0.5650789141654968,0.20439836382865906,0.14779448509216309,0.1321224719285965,0.11211296916007996,0.1079334169626236,0.008067086338996887
241,0.0009776623104261228,1.8167352676391602,1.8167352676391602,1.194791316986084,1.194791316986084,0.9999991059303284,True,16384,0.04760949899998934,344133.005894552,1.9558271169662476,0.8768731951713562,0.242509663105011,0.6769855618476868,0.24606463313102722,0.17376933991909027,0.13830089569091797,0.12252035737037659,0.12826363742351532,0.01287933997809887
242,0.0009773470350214418,1.8006571531295776,1.8006571531295776,0.7936663627624512,0.7936663627624512,0.7936663627624512,False,16384,0.04755066799999952,344558.77675577905,1.936956524848938,0.5576316714286804,0.2151169627904892,0.4432397782802582,0.14301510155200958,0.13309335708618164,0.11668228358030319,0.10937703400850296,0.11130523681640625,0.009071258828043938
243,0.0009770296077063487,1.8206679821014404,1.8206679821014404,0.7699712514877319,0.7699712514877319,0.7699712514877319,False,16384,0.04748954599999422,345002.2453363103,1.9463051557540894,0.4886215329170227,0.22936223447322845,0.4698491096496582,0.1602022647857666,0.1429494023323059,0.1223646029829979,0.10087447613477707,0.09718915075063705,0.00675627589225769
244,0.0009767100300792518,1.8134465217590332,1.8134465217590332,0.7517940402030945,0.7517940402030945,0.7517940402030945,False,16384,0.04750555600000439,344885.9750215004,1.9432344436645508,0.5059806108474731,0.22450581192970276,0.44373664259910583,0.1363256722688675,0.12284775823354721,0.10706030577421188,0.09346207231283188,0.08914516121149063,0.007259576581418514
245,0.0009763883037493881,1.7796272039413452,1.7796272039413452,0.7459080815315247,0.7459080815315247,0.7459080815315247,False,16384,0.04750722500000393,344873.8586604173,1.9159061908721924,0.516211748123169,0.20737102627754211,0.43135786056518555,0.13557003438472748,0.12317584455013275,0.10715264827013016,0.09083400666713715,0.08653012663125992,0.007770650554448366
246,0.0009760644303368132,1.793384075164795,1.793384075164795,0.7334883213043213,0.7334883213043213,0.7334883213043213,False,16384,0.04746755500001143,345162.0796562211,1.9042787551879883,0.4785511791706085,0.21191559731960297,0.44683873653411865,0.14251714944839478,0.12317642569541931,0.1054588034749031,0.0981377363204956,0.09010154008865356,0.008147981017827988
247,0.0009757384114723954,1.823349952697754,1.823349952697754,0.780562698841095,0.780562698841095,0.780562698841095,False,16384,0.04746811500000092,345158.0076436505,1.8995015621185303,0.5427486896514893,0.22982154786586761,0.4539068341255188,0.13618913292884827,0.11853200942277908,0.09910512715578079,0.08370129764080048,0.07988419383764267,0.006787562742829323
248,0.0009754102487978059,1.761707067489624,1.761707067489624,0.890133798122406,0.890133798122406,0.890133798122406,False,16384,0.04743373499999848,345408.17837769946,1.902140736579895,0.6598852276802063,0.2128661721944809,0.4823859632015228,0.1624801903963089,0.13202965259552002,0.11433673650026321,0.10582790523767471,0.10335736721754074,0.009723683819174767
249,0.0009750799439655116,1.773357629776001,1.773357629776001,0.8867588639259338,0.8867588639259338,0.8867588639259338,False,16384,0.047468934999997714,345152.0452270688,1.8980128765106201,0.6240351796150208,0.21303386986255646,0.5184701681137085,0.16399933397769928,0.14067386090755463,0.11821140348911285,0.10334666073322296,0.10627476871013641,0.009644005447626114
250,0.0009747474986387655,1.7867401838302612,1.7867401838302612,0.9168200492858887,0.9168200492858887,0.9168200492858887,False,16384,0.04739506399999982,345690.00687497883,1.903903841972351,0.6446616053581238,0.21772345900535583,0.5276769399642944,0.20055058598518372,0.13781560957431793,0.11696407943964005,0.11198578029870987,0.11655594408512115,0.010176786221563816
251,0.0009744129144915995,1.779706358909607,1.779706358909607,1.2433230876922607,1.2433230876922607,0.9999992251396179,True,16384,0.047624657999989495,344023.4678431415,1.911344289779663,0.9962618947029114,0.22956138849258423,0.633267343044281,0.19581440091133118,0.1579556167125702,0.1253979653120041,0.10881483554840088,0.09319189190864563,0.00672724237665534
252,0.0009740761932088157,1.7749202251434326,1.7749202251434326,1.0206098556518555,1.0206098556518555,0.9999990463256836,True,16384,0.0475572560000046,344511.04580126354,1.9134896993637085,0.80693119764328,0.20823296904563904,0.4996725022792816,0.17475685477256775,0.14507146179676056,0.13068021833896637,0.12122413516044617,0.11841554939746857,0.009612489491701126
253,0.0009737373364859776,1.7812094688415527,1.7812094688415527,0.9399102330207825,0.9399102330207825,0.9399102330207825,False,16384,0.04736322300000495,345922.40481603815,1.903014063835144,0.6525347232818604,0.22067058086395264,0.5474799275398254,0.2050587236881256,0.15210497379302979,0.12445960938930511,0.10880686342716217,0.12861482799053192,0.011997916735708714
254,0.0009733963460294015,1.7358509302139282,1.7358509302139282,0.7831445932388306,0.7831445932388306,0.7831445932388306,False,16384,0.047445525000000544,345322.3459957459,1.9058061838150024,0.5113967061042786,0.21854788064956665,0.4702123701572418,0.16003943979740143,0.14178521931171417,0.1213822066783905,0.10512765496969223,0.10657142847776413,0.008210066705942154
255,0.0009730532235561485,1.7754420042037964,1.7754420042037964,0.8071159720420837,0.8071159720420837,0.8071159720420837,False,16384,0.04738570300000333,345758.29760294675,1.9090564250946045,0.5861004590988159,0.213777095079422,0.4377323389053345,0.14731816947460175,0.12691175937652588,0.11245128512382507,0.09634890407323837,0.10383402556180954,0.009645280428230762
256,0.0009727079707940157,1.7846870422363281,1.7846870422363281,0.9250183701515198,0.9250183701515198,0.9250183701515198,False,16384,0.04738350400000968,345774.3437462255,1.923311471939087,0.6194168329238892,0.2294715940952301,0.5719707608222961,0.18382273614406586,0.14856092631816864,0.11827434599399567,0.10492532700300217,0.10585950314998627,0.010417725890874863
257,0.0009723605894815264,1.7571156024932861,1.7571156024932861,0.70456862449646,0.70456862449646,0.70456862449646,False,16384,0.047563138000001004,344468.4410856082,1.8982808589935303,0.495187371969223,0.2123345583677292,0.40128085017204285,0.12057217955589294,0.1045440286397934,0.08850957453250885,0.07792304456233978,0.07535222172737122,0.006566284224390984
258,0.0009720110813679231,1.7345446348190308,1.7345446348190308,0.8529446721076965,0.8529446721076965,0.8529446721076965,False,16384,0.047409215000001836,345586.8231524054,1.895885705947876,0.6176369190216064,0.2033451795578003,0.47088584303855896,0.16616645455360413,0.13360343873500824,0.11232028156518936,0.1037103608250618,0.11824600398540497,0.011898664757609367
259,0.0009716594482131574,1.7774343490600586,1.7774343490600586,0.7263165712356567,0.7263165712356567,0.7263165712356567,False,16384,0.04745445599999698,345257.355810823,1.885090708732605,0.478341668844223,0.21846888959407806,0.43376481533050537,0.13743267953395844,0.11850180476903915,0.10838072001934052,0.09645070135593414,0.09388009458780289,0.007172194309532642
260,0.0009713056917878818,1.7727463245391846,1.7727463245391846,0.8483039736747742,0.8483039736747742,0.8483039736747742,False,16384,0.047382314999993014,345783.0205215261,1.8863893747329712,0.6140469312667847,0.2423664927482605,0.46488332748413086,0.14986510574817657,0.1241542398929596,0.10532607138156891,0.09336332976818085,0.0996813252568245,0.009353016503155231
261,0.0009709498138734404,1.7202708721160889,1.7202708721160889,0.7243645787239075,0.7243645787239075,0.7243645787239075,False,16384,0.047457536000010236,345234.9485653125,1.8813778162002563,0.45939597487449646,0.2138790786266327,0.4459480047225952,0.141696035861969,0.13113553822040558,0.11896780133247375,0.09556786715984344,0.09170176833868027,0.008681843057274818
262,0.0009705918162618599,1.7381482124328613,1.7381482124328613,0.8063850402832031,0.8063850402832031,0.8063850402832031,False,16384,0.04740044499999385,345650.7634053251,1.879454255104065,0.5667321085929871,0.2234012335538864,0.4674716591835022,0.1411897987127304,0.12034418433904648,0.10375569015741348,0.08925272524356842,0.08624781668186188,0.00681702746078372
263,0.0009702317007558414,1.7529489994049072,1.7529489994049072,0.7891942858695984,0.7891942858695984,0.7891942858695984,False,16384,0.047477376000003346,345090.6806643831,1.8904622793197632,0.5368794798851013,0.21709586679935455,0.46090295910835266,0.16338972747325897,0.12753674387931824,0.11564730852842331,0.09806031733751297,0.09489499032497406,0.008304975926876068
264,0.0009698694691687499,1.7150235176086426,1.7150235176086426,0.7264692187309265,0.7264692187309265,0.7264692187309265,False,16384,0.04738984499999788,345728.0773971878,1.8899540901184082,0.4714442789554596,0.21799945831298828,0.4466031491756439,0.1384054720401764,0.11705929040908813,0.0979030430316925,0.08722913265228271,0.09173779934644699,0.007143448106944561
265,0.0009695051233246064,1.7401294708251953,1.7401294708251953,0.6868340373039246,0.6868340373039246,0.6868340373039246,False,16384,0.04753858700000535,344646.3396145568,1.8818023204803467,0.46268430352211,0.20934833586215973,0.4030328094959259,0.12468944489955902,0.10918819904327393,0.09788042306900024,0.08478306978940964,0.08431732654571533,0.007375697139650583
266,0.0009691386650580783,1.7173216342926025,1.7173216342926025,0.8794571757316589,0.8794571757316589,0.8794571757316589,False,16384,0.04743084599999747,345429.2170964202,1.8842464685440063,0.6393716335296631,0.2303490787744522,0.49333685636520386,0.14680689573287964,0.12449847161769867,0.11174182593822479,0.09538067132234573,0.09746015816926956,0.008513785898685455
267,0.0009687700962144698,1.7351129055023193,1.7351129055023193,0.7814892530441284,0.7814892530441284,0.7814892530441284,False,16384,0.04742916499999694,345441.4599118719,1.8803579807281494,0.529016375541687,0.23244860768318176,0.45119860768318176,0.15078586339950562,0.12907546758651733,0.11785085499286652,0.10415378212928772,0.0951487347483635,0.008225895464420319
268,0.0009683994186497131,1.734873652458191,1.734873652458191,0.8202323317527771,0.8202323317527771,0.8202323317527771,False,16384,0.04747366600000191,345117.6490140732,1.875123143196106,0.5314513444900513,0.21290239691734314,0.5130323767662048,0.16383202373981476,0.1314079314470291,0.11598291248083115,0.10741449892520905,0.11226557195186615,0.01041046530008316
269,0.0009680266342303592,1.7422382831573486,1.7422382831573486,0.8989677429199219,0.8989677429199219,0.8989677429199219,False,16384,0.04748224600000128,345055.2865590974,1.8673490285873413,0.5635799765586853,0.20746096968650818,0.5888537764549255,0.22462473809719086,0.13276271522045135,0.11446893215179443,0.09730016440153122,0.1000787764787674,0.007961537688970566
270,0.0009676517448335676,1.7435572147369385,1.7435572147369385,0.7706248164176941,0.7706248164176941,0.7706248164176941,False,16384,0.04741229500000088,345564.37312304106,1.8714649677276611,0.46739089488983154,0.21452242136001587,0.5052209496498108,0.16301296651363373,0.12876561284065247,0.10878296941518784,0.0997273400425911,0.09563123434782028,0.007867570966482162
271,0.0009672747523470978,1.707834243774414,1.707834243774414,0.8168498277664185,0.8168498277664185,0.8168498277664185,False,16384,0.047432534999998666,345416.9168904943,1.8720449209213257,0.6138458847999573,0.21083799004554749,0.42292454838752747,0.147769033908844,0.1207742914557457,0.10735823959112167,0.09873417764902115,0.09676571190357208,0.00767924077808857
272,0.0009668956586692994,1.7124507427215576,1.7124507427215576,0.9751860499382019,0.9751860499382019,0.9751860499382019,False,16384,0.047921323000011284,341893.732775202,1.8611876964569092,0.7587552070617676,0.22720342874526978,0.488552451133728,0.1609959900379181,0.13454647362232208,0.12165539711713791,0.11113928258419037,0.11698029935359955,0.010707102715969086
273,0.0009665144657091026,1.7131993770599365,1.7131993770599365,0.8019616603851318,0.8019616603851318,0.8019616603851318,False,16384,0.04758819799999969,344287.0436069066,1.853623390197754,0.5487951636314392,0.20522257685661316,0.4633875787258148,0.1556515246629715,0.13880376517772675,0.12679623067378998,0.11574219167232513,0.10990484803915024,0.008692367933690548
274,0.0009661311753860083,1.7084641456604004,1.7084641456604004,0.8339521884918213,0.8339521884918213,0.8339521884918213,False,16384,0.04752321799999493,344757.7981777612,1.851029396057129,0.5491759181022644,0.2325219362974167,0.494621604681015,0.16910161077976227,0.14669695496559143,0.12838180363178253,0.11866947263479233,0.12000998854637146,0.009110539220273495
275,0.000965745789630079,1.7364842891693115,1.7364842891693115,0.6844914555549622,0.6844914555549622,0.6844914555549622,False,16384,0.047434315000003835,345403.95492163586,1.8546793460845947,0.45489269495010376,0.2132958024740219,0.3969009220600128,0.12698140740394592,0.11683136224746704,0.10619530826807022,0.09412220120429993,0.09281811118125916,0.007088761776685715
276,0.0009653583103819289,1.6944677829742432,1.6944677829742432,0.7640560269355774,0.7640560269355774,0.7640560269355774,False,16384,0.0475759879999913,344375.40214620443,1.8612571954727173,0.522894024848938,0.2147757112979889,0.4288024604320526,0.16225112974643707,0.13485634326934814,0.11429930478334427,0.10360550135374069,0.10939355939626694,0.009287508204579353
277,0.0009649687395927132,1.7097104787826538,1.7097104787826538,0.6723529696464539,0.6723529696464539,0.6723529696464539,False,16384,0.0474415450000123,345351.3160247153,1.8571141958236694,0.4530118405818939,0.2150864154100418,0.39642471075057983,0.11688589304685593,0.1038067415356636,0.09071642905473709,0.07621154934167862,0.07010093331336975,0.0058386982418596745
278,0.0009645770792241201,1.71947181224823,1.71947181224823,0.7251702547073364,0.7251702547073364,0.7251702547073364,False,16384,0.04738430399999061,345768.5059593415,1.8550673723220825,0.460741251707077,0.2311880737543106,0.44792091846466064,0.14403870701789856,0.11864858865737915,0.09900391101837158,0.08555442094802856,0.08667849749326706,0.0070151533000171185
279,0.0009641833312483593,1.7200868129730225,1.7200868129730225,0.8900251984596252,0.8900251984596252,0.8900251984596252,False,16384,0.047565586999994025,344450.70550694683,1.8538613319396973,0.6379290223121643,0.23722858726978302,0.5042873024940491,0.17035728693008423,0.1270066499710083,0.10915754735469818,0.09692917764186859,0.08996225148439407,0.007226553279906511
280,0.0009637874976481528,1.689894676208496,1.689894676208496,0.7583203315734863,0.7583203315734863,0.7583203315734863,False,16384,0.04748975599999028,345000.7197342381,1.8445452451705933,0.494669646024704,0.24232631921768188,0.45740848779678345,0.1470242440700531,0.12254340946674347,0.1079491674900055,0.08790992945432663,0.07970492541790009,0.006319164298474789
281,0.0009633895804167248,1.7114739418029785,1.7114739418029785,0.7633223533630371,0.7633223533630371,0.7633223533630371,False,16384,0.04739443400001164,345694.6020284993,1.841115951538086,0.5041875243186951,0.2188139110803604,0.4600982964038849,0.13979394733905792,0.12721821665763855,0.11536604911088943,0.10035309195518494,0.09858379513025284,0.007766128517687321
282,0.0009629895815577914,1.6931513547897339,1.6931513547897339,0.7929890751838684,0.7929890751838684,0.7929890751838684,False,16384,0.04753977699999723,344637.7125412463,1.8366442918777466,0.5344533920288086,0.21657805144786835,0.47475290298461914,0.14600183069705963,0.13473477959632874,0.114033043384552,0.09651420265436172,0.09509949386119843,0.007901656441390514
283,0.0009625875030855515,1.710280418395996,1.710280418395996,0.7608465552330017,0.7608465552330017,0.7608465552330017,False,16384,0.047403264999999806,345630.2007889133,1.8406193256378174,0.521783709526062,0.20645463466644287,0.4391798973083496,0.14113469421863556,0.1377560943365097,0.11631997674703598,0.10237627476453781,0.09040004014968872,0.006900662090629339
284,0.000962183347024675,1.68617582321167,1.68617582321167,0.7975752353668213,0.7975752353668213,0.7975752353668213,False,16384,0.047494576000005395,344965.70724198356,1.8525159358978271,0.5201764106750488,0.22190608084201813,0.48757582902908325,0.16012026369571686,0.13572831451892853,0.11730970442295074,0.09986178576946259,0.10341455042362213,0.009000105783343315
285,0.000961777115410294,1.6603816747665405,1.6603816747665405,0.7901914715766907,0.7901914715766907,0.7901914715766907,False,16384,0.04737332399999161,345848.64680390386,1.8470909595489502,0.5156871676445007,0.22083792090415955,0.48616451025009155,0.14646437764167786,0.12988874316215515,0.11599813401699066,0.10588011890649796,0.10120783001184464,0.010577421635389328
286,0.000961368810287992,1.7156044244766235,1.7156044244766235,0.8842725157737732,0.8842725157737732,0.8842725157737732,False,16384,0.04738766399999861,345743.9894061982,1.8433635234832764,0.6171823740005493,0.23197205364704132,0.5132307410240173,0.1718057543039322,0.12997373938560486,0.12246742844581604,0.10381171107292175,0.10743807256221771,0.00885840319097042
287,0.0009609584337137938,1.632575511932373,1.632575511932373,1.155113935470581,1.155113935470581,0.9999991655349731,True,16384,0.047352353999997376,346001.8059503633,1.8360217809677124,0.9154718518257141,0.2618733048439026,0.5796779990196228,0.17722222208976746,0.14784245193004608,0.1289113312959671,0.10661958158016205,0.1014479473233223,0.007262535858899355
288,0.0009605459877541546,1.6937527656555176,1.6937527656555176,0.7539792060852051,0.7539792060852051,0.7539792060852051,False,16384,0.04749830600000848,344938.61738978804,1.8303676843643188,0.5017738938331604,0.2173321545124054,0.4541384279727936,0.14577725529670715,0.12024764716625214,0.10755325853824615,0.09281594306230545,0.08548810333013535,0.0056000943295657635
289,0.0009601314744859503,1.6633228063583374,1.6633228063583374,0.710766613483429,0.710766613483429,0.710766613483429,False,16384,0.04746193600000481,345202.943259591,1.82834792137146,0.42111337184906006,0.22126837074756622,0.45921871066093445,0.14178839325904846,0.1272318810224533,0.10773738473653793,0.10226130485534668,0.09801676869392395,0.006874094717204571
290,0.0009597148959964672,1.6782102584838867,1.6782102584838867,0.6651970148086548,0.6651970148086548,0.6651970148086548,False,16384,0.04743674499999884,345386.26122008165,1.816688895225525,0.4117496609687805,0.20224708318710327,0.42054834961891174,0.13528816401958466,0.1160648912191391,0.09942565858364105,0.08495080471038818,0.07922444492578506,0.00564745906740427
291,0.0009592962543833901,1.6467878818511963,1.6467878818511963,0.6976949572563171,0.6976949572563171,0.6976949572563171,False,16384,0.04746030599999074,345214.7990786911,1.8091973066329956,0.46438518166542053,0.21252410113811493,0.4072851538658142,0.1247270256280899,0.12205341458320618,0.10675930231809616,0.09740158170461655,0.09315066039562225,0.00783911906182766
292,0.0009588755517547935,1.6663966178894043,1.6663966178894043,0.8769406080245972,0.8769406080245972,0.8769406080245972,False,16384,0.04745575500000143,345247.90512761846,1.8193079233169556,0.6306627988815308,0.22517229616641998,0.4969499111175537,0.15965956449508667,0.13152723014354706,0.11456666141748428,0.09923965483903885,0.08845212310552597,0.006246638484299183
293,0.0009584527902291298,1.6780835390090942,1.6780835390090942,1.1884064674377441,1.1884064674377441,0.9999991655349731,True,16384,0.04742329500000153,345484.21825179947,1.8150110244750977,0.9811567068099976,0.21735307574272156,0.5633203387260437,0.17257679998874664,0.1427912712097168,0.12005750834941864,0.10441004484891891,0.09749104827642441,0.008803021162748337
294,0.0009580279719352187,1.6794570684432983,1.6794570684432983,0.8051714897155762,0.8051714897155762,0.8051714897155762,False,16384,0.04742591499999094,345465.1323016779,1.8119040727615356,0.5209265351295471,0.21851427853107452,0.5011350512504578,0.15591216087341309,0.1388026922941208,0.11684514582157135,0.10664422810077667,0.09698108583688736,0.006775666493922472
295,0.0009576010990122373,1.6655752658843994,1.6655752658843994,0.7705696225166321,0.7705696225166321,0.7705696225166321,False,16384,0.04745814599999676,345230.51111185673,1.805954933166504,0.5141255855560303,0.2242405116558075,0.45788776874542236,0.14712269604206085,0.12565791606903076,0.11113505810499191,0.10549041628837585,0.09238578379154205,0.007616364862769842
296,0.0009571721736097088,1.6926119327545166,1.6926119327545166,0.7942471504211426,0.7942471504211426,0.7942471504211426,False,16384,0.04738714500000185,345747.7761109972,1.8072082996368408,0.5375818610191345,0.21333497762680054,0.46779051423072815,0.1525004506111145,0.1349400281906128,0.11996369063854218,0.10620244592428207,0.10145014524459839,0.008179121650755405
297,0.0009567411978874914,1.6549639701843262,1.6549639701843262,0.7391538619995117,0.7391538619995117,0.7391538619995117,False,16384,0.04739424399998882,345695.98789261974,1.7990959882736206,0.5093134641647339,0.20024120807647705,0.4253445863723755,0.13486133515834808,0.12404875457286835,0.11078456789255142,0.10445190221071243,0.09550327062606812,0.007331984117627144
298,0.0009563081740157675,1.6286048889160156,1.6286048889160156,0.6618924736976624,0.6618924736976624,0.6618924736976624,False,16384,0.04742554499999585,345467.82751787954,1.8018815517425537,0.41165581345558167,0.19780674576759338,0.411374032497406,0.12895266711711884,0.11934789270162582,0.10789421945810318,0.09848497062921524,0.08952891826629639,0.007511423900723457
299,0.0009558731041750338,1.657874345779419,1.657874345779419,0.7557854056358337,0.7557854056358337,0.7557854056358337,False,16384,0.04740207399999008,345638.884914686,1.8160803318023682,0.5249717831611633,0.2040816992521286,0.43573400378227234,0.1341325342655182,0.11927928030490875,0.10847421735525131,0.10074517130851746,0.09946077316999435,0.008656589314341545
300,0.0009554359905560886,1.6308903694152832,1.6308903694152832,0.631205141544342,0.631205141544342,0.631205141544342,False,16384,0.047449014999997985,345296.9466278846,1.8154653310775757,0.3676599860191345,0.20469237864017487,0.40863165259361267,0.1263335943222046,0.1120343953371048,0.10326917469501495,0.0930527076125145,0.0806211531162262,0.005683413706719875
301,0.0009549968353600222,1.6646466255187988,1.6646466255187988,0.7161906957626343,0.7161906957626343,0.7161906957626343,False,16384,0.04751633600000105,344807.73096645414,1.8087774515151978,0.4614412486553192,0.20392689108848572,0.4409446120262146,0.15101654827594757,0.11821240931749344,0.10529422760009766,0.0936460942029953,0.08547502011060715,0.006337322294712067
302,0.0009545556407982051,1.61786949634552,1.61786949634552,0.8159216046333313,0.8159216046333313,0.8159216046333313,False,16384,0.047546986999989826,344585.45186056703,1.7995855808258057,0.5637889504432678,0.21845683455467224,0.4769262671470642,0.1556755155324936,0.1315029412508011,0.11477354168891907,0.09798691421747208,0.09127504378557205,0.007391080260276794
303,0.000954112409092277,1.6444132328033447,1.6444132328033447,0.8174850344657898,0.8174850344657898,0.8174850344657898,False,16384,0.04741611500000431,345536.53330726293,1.7912533283233643,0.533519446849823,0.22318407893180847,0.5155656337738037,0.1525408923625946,0.13051965832710266,0.11198671907186508,0.09051286429166794,0.08328285068273544,0.006780567578971386
304,0.000953667142474136,1.6614540815353394,1.6614540815353394,0.7782399654388428,0.7782399654388428,0.7782399654388428,False,16384,0.04740365399999291,345627.36450659373,1.7890082597732544,0.5119972825050354,0.21041296422481537,0.4778672158718109,0.14632685482501984,0.13265809416770935,0.11655683815479279,0.09706287831068039,0.09377346187829971,0.00869498960673809
305,0.0009532198431859264,1.6186761856079102,1.6186761856079102,0.687832772731781,0.687832772731781,0.687832772731781,False,16384,0.04748550600000101,345031.5976415972,1.7787071466445923,0.4712718725204468,0.20672258734703064,0.39938193559646606,0.11878650635480881,0.11008812487125397,0.09749534726142883,0.08311410993337631,0.07803621888160706,0.006634725723415613
306,0.0009527705134800285,1.6360759735107422,1.6360759735107422,0.6964038610458374,0.6964038610458374,0.6964038610458374,False,16384,0.04748971600000118,345001.010323995,1.7836352586746216,0.4269811511039734,0.19995923340320587,0.4507530927658081,0.13671080768108368,0.11572512239217758,0.1050947979092598,0.09256955236196518,0.08811051398515701,0.006610565818846226
307,0.0009523191556190468,1.6097586154937744,1.6097586154937744,0.655180811882019,0.655180811882019,0.655180811882019,False,16384,0.047411144000008676,345572.7623867714,1.7867529392242432,0.3901909589767456,0.2107822448015213,0.4218127131462097,0.1320265531539917,0.11588428169488907,0.09843384474515915,0.0887754037976265,0.07867255061864853,0.006161806173622608
308,0.0009518657718757985,1.6355955600738525,1.6355955600738525,0.6434590816497803,0.6434590816497803,0.6434590816497803,False,16384,0.04749394600000301,344970.2831598571,1.7795045375823975,0.3912287950515747,0.20550929009914398,0.40529146790504456,0.12344437837600708,0.11443429440259933,0.10363440215587616,0.09315676242113113,0.08177822828292847,0.0066890353336930275
309,0.0009514103645333018,1.6519112586975098,1.6519112586975098,0.7257248163223267,0.7257248163223267,0.7257248163223267,False,16384,0.04759994799999845,344202.05669133365,1.7879430055618286,0.495860755443573,0.22475898265838623,0.41098788380622864,0.13438352942466736,0.12012887001037598,0.10588698089122772,0.09292203933000565,0.09475204348564148,0.0075222221203148365
310,0.0009509529358847655,1.6458468437194824,1.6458468437194824,0.7839217782020569,0.7839217782020569,0.7839217782020569,False,16384,0.04760402799999497,344172.5561543181,1.796764612197876,0.4784643054008484,0.208740696310997,0.4991718530654907,0.17921438813209534,0.13392648100852966,0.1266113668680191,0.11958754807710648,0.11131511628627777,0.009125753305852413
311,0.0009504934882335762,1.6423966884613037,1.6423966884613037,0.7983676791191101,0.7983676791191101,0.7983676791191101,False,16384,0.047800161000012054,342760.35179036047,1.7941434383392334,0.4919129014015198,0.20846036076545715,0.5149570107460022,0.18646444380283356,0.12940654158592224,0.11691084504127502,0.10555990040302277,0.10197555273771286,0.007145771291106939
312,0.0009500320238932869,1.6430895328521729,1.6430895328521729,0.7962158918380737,0.7962158918380737,0.7962158918380737,False,16384,0.047567777999987015,344434.8399036943,1.7939872741699219,0.5495295524597168,0.2104538083076477,0.46150487661361694,0.1554560512304306,0.1296602338552475,0.11551223695278168,0.10216499119997025,0.09931901842355728,0.008721176534891129
313,0.0009495685451876067,1.6490225791931152,1.6490225791931152,0.7373712062835693,0.7373712062835693,0.7373712062835693,False,16384,0.04780296100000214,342740.2750218604,1.7849242687225342,0.4697759747505188,0.21955649554729462,0.4505021572113037,0.1457461416721344,0.13500219583511353,0.11336036771535873,0.10090422630310059,0.09646809846162796,0.007980745285749435
314,0.0009491030544503868,1.625089406967163,1.625089406967163,0.6721501350402832,0.6721501350402832,0.6721501350402832,False,16384,0.047719389999997475,343340.5162974813,1.7839449644088745,0.4200162887573242,0.20426011085510254,0.4164167642593384,0.1267927885055542,0.11791352927684784,0.10980507731437683,0.09889747202396393,0.09149906784296036,0.007550782989710569
315,0.000948635554025611,1.6490956544876099,1.6490956544876099,0.8323536515235901,0.8323536515235901,0.8323536515235901,False,16384,0.04786337299999843,342307.6764773878,1.7849808931350708,0.5793718695640564,0.2120751142501831,0.4884491562843323,0.1445472091436386,0.1329818069934845,0.11547353118658066,0.10670125484466553,0.10106474906206131,0.00842294842004776
316,0.0009481660462673822,1.6271308660507202,1.6271308660507202,1.0543845891952515,1.0543845891952515,0.9999990463256836,True,16384,0.0476678990000039,343711.3936991152,1.7878262996673584,0.8180009722709656,0.22990399599075317,0.5516281127929688,0.1735553741455078,0.1420857012271881,0.11670190095901489,0.10987215489149094,0.0969163179397583,0.007606639992445707
317,0.0009476945335399121,1.6025214195251465,1.6025214195251465,0.7158645987510681,0.7158645987510681,0.7158645987510681,False,16384,0.047593917000000374,344245.67324433225,1.7697170972824097,0.42772409319877625,0.22598208487033844,0.4519566297531128,0.14455746114253998,0.134237140417099,0.12202969938516617,0.10407388210296631,0.09737394750118256,0.007796098478138447
318,0.0009472210182175074,1.6175798177719116,1.6175798177719116,0.6604070663452148,0.6604070663452148,0.6604070663452148,False,16384,0.047857631999988826,342348.7396953494,1.7840646505355835,0.3780684471130371,0.21105867624282837,0.4399089813232422,0.13219106197357178,0.1178329661488533,0.10107594728469849,0.08732163161039352,0.0768551453948021,0.005369708873331547
319,0.0009467455026845596,1.6082786321640015,1.6082786321640015,0.7120140194892883,0.7120140194892883,0.7120140194892883,False,16384,0.04783635200000447,342501.03352359455,1.7829211950302124,0.47342556715011597,0.1987457275390625,0.40421077609062195,0.14223329722881317,0.134797140955925,0.12316882610321045,0.1142837256193161,0.11497812718153,0.009701010771095753
320,0.0009462679893355321,1.5964524745941162,1.5964524745941162,0.753139078617096,0.753139078617096,0.753139078617096,False,16384,0.047770350999996936,342974.24358470907,1.763053297996521,0.4863907992839813,0.2165791541337967,0.4577105641365051,0.15099528431892395,0.1324978768825531,0.1207897961139679,0.09929941594600677,0.09672106057405472,0.008732080459594727
321,0.0009457884805749482,1.632003903388977,1.632003903388977,0.770129382610321,0.770129382610321,0.770129382610321,False,16384,0.047656328999991615,343794.83992572915,1.7577054500579834,0.5172033309936523,0.22305706143379211,0.4570585787296295,0.13991737365722656,0.12443092465400696,0.11035557836294174,0.10175040364265442,0.0963883027434349,0.007806083187460899
322,0.0009453069788173795,1.6087934970855713,1.6087934970855713,0.7830094695091248,0.7830094695091248,0.7830094695091248,False,16384,0.04766586899999936,343726.031723039,1.759472131729126,0.49937087297439575,0.2025173455476761,0.5007254481315613,0.16535499691963196,0.11838458478450775,0.10661561787128448,0.10063105821609497,0.09533186256885529,0.007379824761301279
323,0.0009448234864874327,1.618246078491211,1.618246078491211,0.8854605555534363,0.8854605555534363,0.8854605555534363,False,16384,0.04768552899999179,343584.3188402675,1.768102765083313,0.5567176938056946,0.21610987186431885,0.5651132464408875,0.1963977813720703,0.14280055463314056,0.13565945625305176,0.1257120966911316,0.12164618819952011,0.008967983536422253
324,0.0009443380060197386,1.6161012649536133,1.6161012649536133,0.6646308302879333,0.6646308302879333,0.6646308302879333,False,16384,0.047670049000004155,343695.89173274336,1.759968876838684,0.4047604501247406,0.19200624525547028,0.4207916855812073,0.1290854513645172,0.12687711417675018,0.11159040778875351,0.09981611371040344,0.09345091134309769,0.007842263206839561
325,0.0009438505398589392,1.6378097534179688,1.6378097534179688,0.6589325666427612,0.6589325666427612,0.6589325666427612,False,16384,0.047889652000009164,342119.83833160583,1.7637008428573608,0.371286004781723,0.204452246427536,0.4342827796936035,0.1406879723072052,0.12252386659383774,0.11303067207336426,0.09918291121721268,0.09200917929410934,0.007248524110764265
326,0.0009433610904596752,1.611438512802124,1.611438512802124,0.6815451383590698,0.6815451383590698,0.6815451383590698,False,16384,0.04781461199999626,342656.7594023618,1.7613307237625122,0.4360012412071228,0.2137010395526886,0.4070848226547241,0.12498915940523148,0.12685199081897736,0.11259399354457855,0.10188347101211548,0.09052851796150208,0.007330389693379402
327,0.0009428696602865743,1.6063566207885742,1.6063566207885742,0.8949267864227295,0.8949267864227295,0.8949267864227295,False,16384,0.04770210900001359,343464.8979565103,1.7649363279342651,0.6786354780197144,0.21840888261795044,0.47755634784698486,0.1451786756515503,0.12136361747980118,0.10902485251426697,0.09488048404455185,0.08857908844947815,0.0066594453528523445
328,0.0009423762518142381,1.5871752500534058,1.5871752500534058,0.7655398845672607,0.7655398845672607,0.7655398845672607,False,16384,0.047716648999994504,343360.2388969495,1.7626103162765503,0.4868710935115814,0.21427002549171448,0.47349923849105835,0.16560707986354828,0.1253206431865692,0.11585984379053116,0.10857996344566345,0.10235102474689484,0.0086486442014575
329,0.0009418808675272301,1.5863323211669922,1.5863323211669922,0.8488614559173584,0.8488614559173584,0.8488614559173584,False,16384,0.04769412999999645,343522.3579925081,1.7548089027404785,0.6376286149024963,0.20839963853359222,0.45441994071006775,0.13894057273864746,0.12510061264038086,0.11056724190711975,0.09682457149028778,0.08644258975982666,0.0063712820410728455
330,0.0009413835099200629,1.5788836479187012,1.5788836479187012,0.8244008421897888,0.8244008421897888,0.8244008421897888,False,16384,0.04784408200001167,342445.69683657016,1.7561475038528442,0.5604215264320374,0.2073589414358139,0.48918095231056213,0.18451805412769318,0.12638616561889648,0.11012165993452072,0.1043425053358078,0.10083994269371033,0.00809190422296524
331,0.0009408841814971861,1.6331861019134521,1.6331861019134521,0.9413236379623413,0.9413236379623413,0.9413236379623413,False,16384,0.047696869999995783,343502.62396676023,1.7505159378051758,0.6735302209854126,0.21354323625564575,0.5356552004814148,0.19316786527633667,0.13425759971141815,0.12306351959705353,0.11405912786722183,0.12771598994731903,0.010750898160040379
332,0.0009403828847729729,1.5840301513671875,1.5840301513671875,0.6640690565109253,0.6640690565109253,0.6640690565109253,False,16384,0.04764087799999572,343906.3402652124,1.7493871450424194,0.3939209282398224,0.19168609380722046,0.4229735732078552,0.14789114892482758,0.12234433740377426,0.11308533698320389,0.10358618199825287,0.09877358376979828,0.007015887647867203
333,0.0009398796222717084,1.5507713556289673,1.5507713556289673,0.633247971534729,0.633247971534729,0.633247971534729,False,16384,0.04764547800000685,343873.13734154677,1.7423852682113647,0.3958418667316437,0.18893402814865112,0.3881697356700897,0.13066434860229492,0.11354038864374161,0.1040206328034401,0.09158365428447723,0.093355692923069,0.00725862430408597
334,0.0009393743965275757,1.585456132888794,1.585456132888794,0.8266025185585022,0.8266025185585022,0.8266025185585022,False,16384,0.04799184400000911,341391.34141203016,1.7412025928497314,0.5549351572990417,0.21207040548324585,0.4973852038383484,0.16807855665683746,0.1367824673652649,0.12234245985746384,0.10496950149536133,0.09967803955078125,0.008420867845416069
335,0.0009388672100846447,1.5555834770202637,1.5555834770202637,0.6607187986373901,0.6607187986373901,0.6607187986373901,False,16384,0.04772445999999775,343304.04157534253,1.7428895235061646,0.3909761905670166,0.20396862924098969,0.42431578040122986,0.1360159069299698,0.12056098878383636,0.10996392369270325,0.0926733985543251,0.09101788699626923,0.006316039711236954
336,0.0009383580654968576,1.600841760635376,1.600841760635376,0.69793701171875,0.69793701171875,0.69793701171875,False,16384,0.04760981799999797,344130.7001005695,1.7447059154510498,0.4473050832748413,0.21252459287643433,0.42176538705825806,0.1346665471792221,0.12204889208078384,0.10934377461671829,0.09876049309968948,0.0957917720079422,0.008047768846154213
337,0.0009378469653280176,1.5833380222320557,1.5833380222320557,0.8271742463111877,0.8271742463111877,0.8271742463111877,False,16384,0.04809949600000607,340627.2697742598,1.7376629114151,0.5492233633995056,0.198941171169281,0.5144885778427124,0.16773639619350433,0.13883236050605774,0.11451271921396255,0.09607447683811188,0.09209313243627548,0.007768331561237574
338,0.0009373339121517746,1.5866587162017822,1.5866587162017822,0.8540998697280884,0.8540998697280884,0.8540998697280884,False,16384,0.04772932000000196,343269.08491466724,1.7302360534667969,0.6429965496063232,0.21250103414058685,0.4539622366428375,0.14072631299495697,0.12887942790985107,0.1132805123925209,0.09322446584701538,0.08265478163957596,0.005895692389458418
339,0.0009368189085516135,1.5670771598815918,1.5670771598815918,0.831934928894043,0.831934928894043,0.831934928894043,False,16384,0.04757358700000225,344392.7824908226,1.7376561164855957,0.5675148963928223,0.20977133512496948,0.48897695541381836,0.16546787321567535,0.13624383509159088,0.12425603717565536,0.1114514023065567,0.11434797942638397,0.007848314940929413
340,0.0009363019571208398,1.5505104064941406,1.5505104064941406,0.7140578031539917,0.7140578031539917,0.7140578031539917,False,16384,0.047877762000013036,342204.80063365406,1.736763834953308,0.45916420221328735,0.2158886045217514,0.4277323782444,0.14567168056964874,0.13049015402793884,0.1091269999742508,0.09898296743631363,0.09735801815986633,0.0071446276269853115
341,0.000935783060462568,1.550745964050293,1.550745964050293,0.7351049780845642,0.7351049780845642,0.7351049780845642,False,16384,0.04748248600000693,345053.54247874906,1.7389435768127441,0.42781901359558105,0.217926487326622,0.4763641655445099,0.14608630537986755,0.1460312306880951,0.12567660212516785,0.11307212710380554,0.10776607692241669,0.008703351020812988
342,0.0009352622211897077,1.5818541049957275,1.5818541049957275,0.7635588049888611,0.7635588049888611,0.7635588049888611,False,16384,0.047553397000001496,344539.0031757244,1.7309590578079224,0.5015245079994202,0.2041785567998886,0.45819076895713806,0.1428195983171463,0.13851521909236908,0.12328536808490753,0.1076241135597229,0.11572564393281937,0.010440614074468613
343,0.0009347394419249504,1.5640801191329956,1.5640801191329956,0.6835899949073792,0.6835899949073792,0.6835899949073792,False,16384,0.04763647800000115,343938.10558370006,1.7231944799423218,0.3775128424167633,0.21544699370861053,0.46064186096191406,0.13942258059978485,0.1313474327325821,0.112825408577919,0.09769994020462036,0.08466804027557373,0.006055844947695732
344,0.0009342147253007562,1.5720244646072388,1.5720244646072388,0.7379339337348938,0.7379339337348938,0.7379339337348938,False,16384,0.04755265699999711,344544.3647870401,1.7134910821914673,0.4802446961402893,0.21794365346431732,0.43602511286735535,0.13473325967788696,0.13637304306030273,0.12256579101085663,0.10994993895292282,0.11114837229251862,0.00884158443659544
345,0.0009336880739593415,1.5702893733978271,1.5702893733978271,0.7574569582939148,0.7574569582939148,0.7574569582939148,False,16384,0.04756946700000242,344422.61041098414,1.714848518371582,0.5070775151252747,0.20989447832107544,0.44513198733329773,0.14256244897842407,0.1294528990983963,0.11403606832027435,0.11056720465421677,0.10960736125707626,0.009489132091403008
346,0.0009331594905526644,1.583691120147705,1.583691120147705,0.6627824902534485,0.6627824902534485,0.6627824902534485,False,16384,0.04761737799999821,344076.0639949687,1.7141205072402954,0.39037108421325684,0.20427948236465454,0.41955599188804626,0.14055021107196808,0.13094781339168549,0.11401593685150146,0.10181400179862976,0.09392096102237701,0.006718474440276623
347,0.0009326289777424119,1.5745782852172852,1.5745782852172852,0.8052195906639099,0.8052195906639099,0.8052195906639099,False,16384,0.04747234600000638,345127.2452386869,1.7208538055419922,0.5652056932449341,0.19155964255332947,0.45280882716178894,0.152597576379776,0.13785779476165771,0.12478545308113098,0.11656021326780319,0.1249416172504425,0.01145840436220169
348,0.0009320965381999872,1.5982210636138916,1.5982210636138916,0.7065443396568298,0.7065443396568298,0.7065443396568298,False,16384,0.047516567000002397,344806.0546966529,1.728638768196106,0.4251100718975067,0.19320546090602875,0.45615625381469727,0.15801529586315155,0.1234319880604744,0.11197265982627869,0.10299427062273026,0.09830252826213837,0.008129915222525597
349,0.0009315621746064947,1.5639828443527222,1.5639828443527222,0.8277831077575684,0.8277831077575684,0.8277831077575684,False,16384,0.04747397500000261,345115.4027021984,1.7192656993865967,0.531404972076416,0.20213466882705688,0.5257925391197205,0.17604659497737885,0.13072046637535095,0.1202315166592598,0.10923726856708527,0.10483209788799286,0.00767781026661396
350,0.0009310258896527278,1.5769119262695312,1.5769119262695312,0.8743704557418823,0.8743704557418823,0.8743704557418823,False,16384,0.04746459499999389,345183.6047479623,1.7180143594741821,0.5555577874183655,0.21731869876384735,0.5486636757850647,0.19400769472122192,0.15082313120365143,0.13623502850532532,0.1264556497335434,0.11240345984697342,0.006924120243638754
351,0.0009304876860391553,1.578629970550537,1.578629970550537,0.9971688389778137,0.9971688389778137,0.9971688389778137,False,16384,0.047539166999996496,344642.13476860477,1.7112131118774414,0.7836318016052246,0.21186333894729614,0.5113097429275513,0.1620938777923584,0.12941302359104156,0.11453980952501297,0.09783046692609787,0.09051386266946793,0.0061672888696193695
352,0.0009299475664759069,1.5590529441833496,1.5590529441833496,0.67375248670578,0.67375248670578,0.67375248670578,False,16384,0.04753625700000441,344663.2325300345,1.716782569885254,0.40436312556266785,0.18997052311897278,0.43183472752571106,0.13322502374649048,0.1334623396396637,0.11178738623857498,0.10112783312797546,0.09762868285179138,0.0068648927845060825
353,0.00092940553368276,1.560396671295166,1.560396671295166,0.7774558067321777,0.7774558067321777,0.7774558067321777,False,16384,0.04745425500000522,345258.8182028819,1.7114149332046509,0.553078293800354,0.19924816489219666,0.4394570291042328,0.1342245489358902,0.12592530250549316,0.11023043096065521,0.09918920695781708,0.09898724406957626,0.007648559287190437
354,0.0009288615903891266,1.587973952293396,1.587973952293396,0.7681251764297485,0.7681251764297485,0.7681251764297485,False,16384,0.047433084999994435,345412.9116839422,1.7124239206314087,0.5090181231498718,0.19488289952278137,0.46401819586753845,0.1424512267112732,0.14216895401477814,0.12282147258520126,0.10665484517812729,0.10297100991010666,0.007535846438258886
355,0.0009283157393340386,1.5402705669403076,1.5402705669403076,0.6422679424285889,0.6422679424285889,0.6422679424285889,False,16384,0.04750363600000185,344899.9146086283,1.7059065103530884,0.40251174569129944,0.18361079692840576,0.3937215209007263,0.13072912395000458,0.12561571598052979,0.10625985264778137,0.09397456049919128,0.09335371106863022,0.007493371143937111
356,0.0009277679832661348,1.5579710006713867,1.5579710006713867,0.8206804990768433,0.8206804990768433,0.8206804990768433,False,16384,0.04747340599999461,345119.5391373827,1.7112715244293213,0.5526111721992493,0.2097732424736023,0.5035419464111328,0.1466641128063202,0.13478252291679382,0.11208809912204742,0.099134162068367,0.09201152622699738,0.006629181560128927
357,0.0009272183249436464,1.5768758058547974,1.5768758058547974,0.6562598347663879,0.6562598347663879,0.6562598347663879,False,16384,0.04741799500000354,345522.83368368435,1.7133980989456177,0.4062437415122986,0.20426468551158905,0.4028446674346924,0.13046427071094513,0.1229887381196022,0.1067337766289711,0.09531454741954803,0.09464630484580994,0.007285419385880232
358,0.0009266667671343836,1.5576786994934082,1.5576786994934082,0.8406714200973511,0.8406714200973511,0.8406714200973511,False,16384,0.04740859500000738,345591.34266681917,1.7042441368103027,0.6179853677749634,0.2111557275056839,0.46751219034194946,0.14939559996128082,0.11962734162807465,0.10107945650815964,0.09111832827329636,0.08051798492670059,0.005969395861029625
359,0.0009261133126157217,1.5458314418792725,1.5458314418792725,0.9884212613105774,0.9884212613105774,0.9884212613105774,False,16384,0.04738186400000188,345786.31182596256,1.6953988075256348,0.7604548931121826,0.20107631385326385,0.5262413620948792,0.18991494178771973,0.12317512184381485,0.10644994676113129,0.09503209590911865,0.09824944287538528,0.008235915564000607
360,0.0009255579641745862,1.5676112174987793,1.5676112174987793,0.9365982413291931,0.9365982413291931,0.9365982413291931,False,16384,0.047368633000004934,345882.89681060234,1.7070796489715576,0.6296902894973755,0.1964237242937088,0.5773123502731323,0.20925027132034302,0.1363433450460434,0.12567293643951416,0.11905065178871155,0.12799927592277527,0.010426228865981102
361,0.0009250007246074403,1.5529996156692505,1.5529996156692505,0.6756184697151184,0.6756184697151184,0.6756184697151184,False,16384,0.047381344999990915,345790.0994579859,1.6994417905807495,0.4262024164199829,0.20129939913749695,0.4063616096973419,0.1426984965801239,0.11969253420829773,0.10929159820079803,0.102896548807621,0.10881723463535309,0.00989722553640604
362,0.0009244415967202694,1.5751662254333496,1.5751662254333496,0.6836885809898376,0.6836885809898376,0.6836885809898376,False,16384,0.04754232700000216,344619.22740969865,1.7090047597885132,0.42061612010002136,0.19458234310150146,0.43288344144821167,0.14655263721942902,0.12029116600751877,0.10323135554790497,0.09522198140621185,0.09769707173109055,0.00674459571018815
363,0.0009238805833285676,1.5490736961364746,1.5490736961364746,0.8245947957038879,0.8245947957038879,0.8245947957038879,False,16384,0.04746046500000034,345213.6425549114,1.722880244255066,0.5828527808189392,0.19003476202487946,0.46357399225234985,0.15616419911384583,0.14174583554267883,0.1250111162662506,0.11693688482046127,0.12381875514984131,0.010626901872456074
364,0.0009233176872573241,1.5688257217407227,1.5688257217407227,0.653972327709198,0.653972327709198,0.653972327709198,False,16384,0.0473997149999974,345656.08675075154,1.7121390104293823,0.3988066017627716,0.196001797914505,0.4154793322086334,0.12657201290130615,0.12012957781553268,0.10552573204040527,0.09327005594968796,0.0852508395910263,0.006246562581509352
365,0.0009227529113410074,1.5307400226593018,1.5307400226593018,0.7814786434173584,0.7814786434173584,0.7814786434173584,False,16384,0.047847942000004196,342418.07097990887,1.7098350524902344,0.54782634973526,0.19550323486328125,0.44727832078933716,0.14819802343845367,0.1262073814868927,0.10880902409553528,0.10011058300733566,0.11162199825048447,0.010189049877226353
366,0.0009221862584235528,1.5279699563980103,1.5279699563980103,0.6364489197731018,0.6364489197731018,0.6364489197731018,False,16384,0.04757691700000066,344368.6777770777,1.7052721977233887,0.4003278613090515,0.18564195930957794,0.3909209966659546,0.12624987959861755,0.1197587326169014,0.10573135316371918,0.09406895190477371,0.08468344062566757,0.006487379316240549
367,0.0009216177313583468,1.5391775369644165,1.5391775369644165,0.6567347645759583,0.6567347645759583,0.6567347645759583,False,16384,0.04741918499999542,345514.1626749085,1.7032573223114014,0.4187079071998596,0.18912310898303986,0.4002186059951782,0.1284438669681549,0.11997335404157639,0.1019292026758194,0.09482372552156448,0.09852239489555359,0.007910897955298424
368,0.0009210473330082134,1.4917545318603516,1.4917545318603516,0.6614166498184204,0.6614166498184204,0.6614166498184204,False,16384,0.04757322800000452,344395.3813686648,1.6918069124221802,0.40512382984161377,0.18308685719966888,0.4250035285949707,0.13708333671092987,0.11840981990098953,0.10397180914878845,0.09103764593601227,0.08506006002426147,0.0072043705731630325
369,0.0009204750662453992,1.5518159866333008,1.5518159866333008,0.6762998104095459,0.6762998104095459,0.6762998104095459,False,16384,0.04745244500000467,345271.98756562255,1.6816314458847046,0.41752204298973083,0.19336694478988647,0.4221165180206299,0.14101377129554749,0.12310702353715897,0.11093773692846298,0.10198318213224411,0.09837520122528076,0.007610305678099394
370,0.0009199009339515595,1.4661509990692139,1.4661509990692139,0.6084760427474976,0.6084760427474976,0.6084760427474976,False,16384,0.04745558499999447,345249.1419082055,1.6792519092559814,0.3526732325553894,0.18880829215049744,0.39372584223747253,0.12314707040786743,0.1160656213760376,0.10442191362380981,0.09140442311763763,0.08524104207754135,0.005909997969865799
371,0.0009193249390177435,1.5574592351913452,1.5574592351913452,0.6778602004051208,0.6778602004051208,0.6778602004051208,False,16384,0.04764635900001224,343866.7789913557,1.6850818395614624,0.4181026518344879,0.19937995076179504,0.43110525608062744,0.13567011058330536,0.11784454435110092,0.10527655482292175,0.09047958254814148,0.08647961914539337,0.006192012224346399
372,0.0009187470843443794,1.5075552463531494,1.5075552463531494,0.6171115636825562,0.6171115636825562,0.6171115636825562,False,16384,0.04764392900000303,343884.3173492043,1.6854676008224487,0.36575818061828613,0.1920592337846756,0.39134812355041504,0.1309613138437271,0.1179293841123581,0.10273849964141846,0.0921902284026146,0.08279532194137573,0.0063232420943677425
373,0.0009181673728412606,1.5250886678695679,1.5250886678695679,0.6110959053039551,0.6110959053039551,0.6110959053039551,False,16384,0.0475715870000073,344407.2614184069,1.6854370832443237,0.3620597720146179,0.18952320516109467,0.38557636737823486,0.12906070053577423,0.11949314177036285,0.10831805318593979,0.09036784619092941,0.08306324481964111,0.0053718797862529755
374,0.0009175858074275303,1.5324549674987793,1.5324549674987793,0.6399319171905518,0.6399319171905518,0.6399319171905518,False,16384,0.047448656000000256,345299.559169809,1.6821763515472412,0.3635101914405823,0.20043443143367767,0.41873034834861755,0.13052810728549957,0.12704619765281677,0.10873855650424957,0.09517190605401993,0.08813197165727615,0.006067593116313219
375,0.0009170023910316671,1.5310981273651123,1.5310981273651123,0.6529638171195984,0.6529638171195984,0.6529638171195984,False,16384,0.04771711000000778,343356.9216576052,1.6785708665847778,0.39189380407333374,0.19268009066581726,0.42320775985717773,0.1301100105047226,0.1210363358259201,0.09936302900314331,0.08995261788368225,0.08347214758396149,0.0063241315074265
376,0.0009164171265914704,1.539921760559082,1.539921760559082,0.6958181262016296,0.6958181262016296,0.6958181262016296,False,16384,0.047449694999997405,345291.9981888376,1.6803704500198364,0.43821951746940613,0.19135314226150513,0.41917309165000916,0.15528380870819092,0.13299159705638885,0.11954809725284576,0.11045901477336884,0.10702289640903473,0.007596565876156092
377,0.0009158300170540452,1.5432829856872559,1.5432829856872559,0.6334612965583801,0.6334612965583801,0.6334612965583801,False,16384,0.047573017000004825,344396.90886113734,1.6703333854675293,0.364383339881897,0.19801804423332214,0.42243561148643494,0.124606192111969,0.11292307078838348,0.09724505990743637,0.08482874929904938,0.07665299624204636,0.005340232979506254
378,0.0009152410653757879,1.5338670015335083,1.5338670015335083,0.6406177282333374,0.6406177282333374,0.6406177282333374,False,16384,0.04746277600000326,345196.8338303447,1.6731394529342651,0.3932439982891083,0.18331803381443024,0.4032801389694214,0.13151022791862488,0.11985304951667786,0.10451696068048477,0.09321960061788559,0.09048411250114441,0.007006670348346233
379,0.0009146502745223704,1.5261704921722412,1.5261704921722412,0.7227230668067932,0.7227230668067932,0.7227230668067932,False,16384,0.04752647699999102,344734.15734145616,1.6715697050094604,0.4705554246902466,0.19364258646965027,0.4464091658592224,0.1455218344926834,0.11800409853458405,0.10744647681713104,0.09655231237411499,0.09006834775209427,0.00682981638237834
380,0.0009140576474687263,1.4952166080474854,1.4952166080474854,0.6548604369163513,0.6548604369163513,0.6548604369163513,False,16384,0.04748596600001065,345028.2552953925,1.6666289567947388,0.41552093625068665,0.18439297378063202,0.40843644738197327,0.12381361424922943,0.11407335102558136,0.10260165482759476,0.0934586301445961,0.08777543157339096,0.007395911030471325
381,0.0009134631871990356,1.5087895393371582,1.5087895393371582,0.6829857230186462,0.6829857230186462,0.6829857230186462,False,16384,0.04742482500000733,345473.0723834504,1.6707212924957275,0.3935246169567108,0.18425385653972626,0.4601774513721466,0.1371014416217804,0.12937380373477936,0.11366257816553116,0.09893151372671127,0.08728985488414764,0.00588340824469924
382,0.0009128668967067084,1.5265051126480103,1.5265051126480103,0.6536421179771423,0.6536421179771423,0.6536421179771423,False,16384,0.04746446500000445,345184.55016818293,1.6719770431518555,0.3739113211631775,0.19474108517169952,0.4323018491268158,0.13738428056240082,0.1275641918182373,0.10797349363565445,0.0940956100821495,0.08328394591808319,0.005815917160362005
383,0.0009122687789943723,1.5065925121307373,1.5065925121307373,0.6785587072372437,0.6785587072372437,0.6785587072372437,False,16384,0.04746537600000522,345177.9250626435,1.6703821420669556,0.39235255122184753,0.18492679297924042,0.4460355043411255,0.14525146782398224,0.12972338497638702,0.11278194189071655,0.10900703072547913,0.10378893464803696,0.007431220728904009
384,0.0009116688370738549,1.504294514656067,1.504294514656067,0.6927049160003662,0.6927049160003662,0.6927049160003662,False,16384,0.04747384499999896,345116.3477489628,1.6621743440628052,0.3775959014892578,0.18386277556419373,0.48218587040901184,0.16081395745277405,0.1265169382095337,0.11037285625934601,0.09500613808631897,0.08857312798500061,0.005612277891486883
385,0.0009110670739661701,1.4834890365600586,1.4834890365600586,0.8340834379196167,0.8340834379196167,0.8340834379196167,False,16384,0.04740503399999341,345617.3030063069,1.6729265451431274,0.5055322647094727,0.1870916336774826,0.5468374490737915,0.1865721046924591,0.15278099477291107,0.13163796067237854,0.118998222053051,0.12789461016654968,0.010022377595305443
386,0.0009104634927015021,1.5043364763259888,1.5043364763259888,0.735451877117157,0.735451877117157,0.735451877117157,False,16384,0.04751859599998909,344791.33179784525,1.6510542631149292,0.4587993919849396,0.19802778959274292,0.4571644961833954,0.1470617651939392,0.13790066540241241,0.12824109196662903,0.11583990603685379,0.10765977203845978,0.008896101266145706
387,0.0009098580963191908,1.5098443031311035,1.5098443031311035,0.7097672820091248,0.7097672820091248,0.7097672820091248,False,16384,0.047385103999999956,345762.66836936807,1.6531728506088257,0.40400275588035583,0.19262726604938507,0.479595422744751,0.15074703097343445,0.13535040616989136,0.113461434841156,0.1005065068602562,0.09671531617641449,0.007812310941517353
388,0.0009092508878677157,1.5158801078796387,1.5158801078796387,0.76711106300354,0.76711106300354,0.76711106300354,False,16384,0.0475021960000106,344910.3700383945,1.6684542894363403,0.5105823874473572,0.18189817667007446,0.4589366912841797,0.1580963283777237,0.13566908240318298,0.12234694510698318,0.12009606510400772,0.10577237606048584,0.008657599799335003
389,0.0009086418704046813,1.5034940242767334,1.5034940242767334,0.72151118516922,0.72151118516922,0.72151118516922,False,16384,0.047391214000001014,345718.0902772326,1.656421184539795,0.47272399067878723,0.18917833268642426,0.4503227472305298,0.1316293329000473,0.12217541038990021,0.1039617583155632,0.09110087156295776,0.08443936705589294,0.00638899952173233
390,0.0009080310469968015,1.511707067489624,1.511707067489624,0.8240113258361816,0.8240113258361816,0.8240113258361816,False,16384,0.047423054999995884,345485.9666885953,1.6490368843078613,0.5500760078430176,0.20712871849536896,0.4916619062423706,0.17218586802482605,0.1405239999294281,0.12392662465572357,0.12179619073867798,0.11008012294769287,0.008518754504621029
391,0.0009074184207198837,1.4946831464767456,1.4946831464767456,0.8680040836334229,0.8680040836334229,0.8680040836334229,False,16384,0.04750830600001166,344866.0114295799,1.6473442316055298,0.6087701916694641,0.19381819665431976,0.5202754735946655,0.17375630140304565,0.12346982955932617,0.10564334690570831,0.09585156291723251,0.09357244521379471,0.006161107681691647
392,0.0009068039946588139,1.5112253427505493,1.5112253427505493,0.7331920862197876,0.7331920862197876,0.7331920862197876,False,16384,0.047536976000003506,344658.01947517216,1.652212142944336,0.4770262539386749,0.1914326548576355,0.4407336711883545,0.15208038687705994,0.137337788939476,0.11738479137420654,0.11221736669540405,0.10326556861400604,0.00990624912083149
393,0.0009061877719075408,1.5154955387115479,1.5154955387115479,0.7098864912986755,0.7098864912986755,0.7098864912986755,False,16384,0.047473805999999286,345116.63126399106,1.656008005142212,0.41991445422172546,0.19227415323257446,0.4641110301017761,0.17478510737419128,0.11870267242193222,0.10924529284238815,0.09750019013881683,0.0954272598028183,0.007408609613776207
394,0.0009055697555690607,1.4944560527801514,1.4944560527801514,0.6770108938217163,0.6770108938217163,0.6770108938217163,False,16384,0.04740079399999786,345648.21846656705,1.6595370769500732,0.4219818711280823,0.18394939601421356,0.41903555393218994,0.14227944612503052,0.12714719772338867,0.11160837858915329,0.1087556853890419,0.10037469118833542,0.008815282955765724
395,0.0009049499487554011,1.4682790040969849,1.4682790040969849,0.6254112720489502,0.6254112720489502,0.6254112720489502,False,16384,0.04746155500001237,345205.71439338074,1.6567906141281128,0.3555285930633545,0.18155594170093536,0.41553428769111633,0.1348993331193924,0.11311233043670654,0.10404431819915771,0.09480689465999603,0.09082155674695969,0.00727892154827714
396,0.0009043283545876054,1.4714233875274658,1.4714233875274658,0.6793025135993958,0.6793025135993958,0.6793025135993958,False,16384,0.04744939600000464,345294.1740290729,1.6583057641983032,0.4267098307609558,0.1895567923784256,0.4270966649055481,0.13779368996620178,0.11956415325403214,0.10160410404205322,0.09401104599237442,0.09242545068264008,0.006380805280059576
397,0.0009037049761957178,1.4737666845321655,1.4737666845321655,0.704251229763031,0.704251229763031,0.704251229763031,False,16384,0.047396104000000605,345682.42149185494,1.661310076713562,0.4635641276836395,0.1954934448003769,0.4191773533821106,0.13604837656021118,0.12461771816015244,0.11252498626708984,0.1065424382686615,0.09513556957244873,0.006934629753232002
398,0.0009030798167187664,1.487771987915039,1.487771987915039,0.7098349332809448,0.7098349332809448,0.7098349332809448,False,16384,0.04747438500000101,345112.42220409284,1.6619278192520142,0.442264199256897,0.19451497495174408,0.4418072998523712,0.16563385725021362,0.12385818362236023,0.11425548791885376,0.10143067687749863,0.09526679664850235,0.006672718562185764
399,0.0009024528793047484,1.4770640134811401,1.4770640134811401,0.6414269804954529,0.6414269804954529,0.6414269804954529,False,16384,0.047389093999996135,345733.5563326308,1.656482219696045,0.38749632239341736,0.18971599638462067,0.40709388256073,0.13624073565006256,0.12065289169549942,0.10388924181461334,0.0911523774266243,0.08544673025608063,0.006000426132231951
400,0.0009018241671106135,1.4724558591842651,1.4724558591842651,0.741693377494812,0.741693377494812,0.741693377494812,False,16384,0.04745004499999084,345289.4512534849,1.6647506952285767,0.5309497117996216,0.1945979744195938,0.40586209297180176,0.13720589876174927,0.11965375393629074,0.11001800745725632,0.10262389481067657,0.09889078885316849,0.007183796260505915
401,0.0009011936833022483,1.4525117874145508,1.4525117874145508,0.6277658939361572,0.6277658939361572,0.6277658939361572,False,16384,0.04753125599999919,344699.4962641063,1.6624946594238281,0.3967212438583374,0.17938505113124847,0.38576725125312805,0.1269783228635788,0.11512495577335358,0.10125217586755753,0.09240081906318665,0.08663293719291687,0.005876827985048294
402,0.000900561431054461,1.482983112335205,1.482983112335205,0.7438123822212219,0.7438123822212219,0.7438123822212219,False,16384,0.04750913600000217,344859.98650868435,1.6614066362380981,0.5274416208267212,0.18847975134849548,0.4134412109851837,0.14639128744602203,0.12618839740753174,0.11358506977558136,0.09890267997980118,0.09228890389204025,0.007038067560642958
403,0.000899927413550964,1.4958945512771606,1.4958945512771606,0.7147642970085144,0.7147642970085144,0.7147642970085144,False,16384,0.047435675000002675,345394.0520504678,1.6548657417297363,0.4567827582359314,0.18792802095413208,0.44610029458999634,0.13858579099178314,0.12647470831871033,0.11275047063827515,0.10309453308582306,0.09657364338636398,0.0067513869144022465
404,0.0008992916339843589,1.4758586883544922,1.4758586883544922,0.6106700301170349,0.6106700301170349,0.6106700301170349,False,16384,0.04735747400000889,345964.39835445874,1.6558728218078613,0.3649649918079376,0.17897874116897583,0.38915354013442993,0.12534646689891815,0.11563137918710709,0.10380414128303528,0.09321031719446182,0.08747921884059906,0.006796060595661402
405,0.0008986540955561204,1.5009301900863647,1.5009301900863647,0.7928622961044312,0.7928622961044312,0.7928622961044312,False,16384,0.04745874600000377,345226.146514674,1.6551530361175537,0.5398516058921814,0.18638496100902557,0.47484439611434937,0.1385749727487564,0.13606508076190948,0.12255624681711197,0.11431466788053513,0.10540555417537689,0.007703985087573528
406,0.00089801480147658,1.472409963607788,1.472409963607788,0.6699188351631165,0.6699188351631165,0.6699188351631165,False,16384,0.04742030500000283,345506.00212290965,1.639440894126892,0.4376010298728943,0.1849716305732727,0.39773812890052795,0.13240909576416016,0.12216579914093018,0.11030122637748718,0.10463576018810272,0.09630069136619568,0.006403460167348385
407,0.0008973737549649095,1.4984488487243652,1.4984488487243652,0.6349172592163086,0.6349172592163086,0.6349172592163086,False,16384,0.047461464999997816,345206.3689985287,1.6408958435058594,0.41571348905563354,0.1760951429605484,0.3818666636943817,0.11738452315330505,0.11451209336519241,0.10192141681909561,0.09494385868310928,0.08445949107408524,0.006535056978464127
408,0.0008967309592491052,1.4785549640655518,1.4785549640655518,0.7189611196517944,0.7189611196517944,0.7189611196517944,False,16384,0.04747572600000183,345102.67415393225,1.6530416011810303,0.4401334226131439,0.2013847976922989,0.4473441243171692,0.1575499176979065,0.14190582931041718,0.1239580363035202,0.11230293661355972,0.09764577448368073,0.006597194354981184
409,0.0008960864175659715,1.4839544296264648,1.4839544296264648,0.6098830699920654,0.6098830699920654,0.6098830699920654,False,16384,0.047548927000008234,344571.39274661575,1.645972728729248,0.3456825315952301,0.1877334862947464,0.4004449248313904,0.13080039620399475,0.11986257880926132,0.10273077338933945,0.08997364342212677,0.08188644051551819,0.005557319615036249
410,0.000895440133161105,1.466040849685669,1.466040849685669,0.5921935439109802,0.5921935439109802,0.5921935439109802,False,16384,0.04754299700000786,344614.37086091336,1.6425752639770508,0.32467415928840637,0.18326541781425476,0.39382055401802063,0.13000249862670898,0.11729066073894501,0.10347388684749603,0.09318587183952332,0.08074475079774857,0.005579457152634859
411,0.0008947921092888774,1.4580976963043213,1.4580976963043213,0.6094715595245361,0.6094715595245361,0.6094715595245361,False,16384,0.04745257599999775,345271.03439022525,1.634638786315918,0.33224084973335266,0.19556130468845367,0.4007086753845215,0.12681202590465546,0.12216904759407043,0.11170120537281036,0.10332436859607697,0.08976082503795624,0.006578178610652685
412,0.0008941423492124194,1.4872320890426636,1.4872320890426636,0.7302241325378418,0.7302241325378418,0.7302241325378418,False,16384,0.047490795999991064,344993.1645703113,1.628161907196045,0.45050477981567383,0.2060844451189041,0.44921910762786865,0.1672874242067337,0.1355859786272049,0.12307927012443542,0.11395878344774246,0.10706738382577896,0.006076501216739416
413,0.0008934908562036046,1.5004639625549316,1.5004639625549316,0.7118991613388062,0.7118991613388062,0.7118991613388062,False,16384,0.04750467600000263,344892.3638590671,1.6265358924865723,0.4299474358558655,0.19297261536121368,0.46246227622032166,0.15320515632629395,0.12746474146842957,0.10927747935056686,0.10153020173311234,0.09390566498041153,0.006964526604861021
414,0.0008928376335430331,1.4626641273498535,1.4626641273498535,0.6023470759391785,0.6023470759391785,0.6023470759391785,False,16384,0.04742734499998846,345454.71605049755,1.6169308423995972,0.326078325510025,0.19082698225975037,0.3981752395629883,0.13464735448360443,0.11962759494781494,0.10750085115432739,0.0994691327214241,0.08720187842845917,0.006410518661141396
415,0.000892182684520014,1.4577769041061401,1.4577769041061401,0.6925426721572876,0.6925426721572876,0.6925426721572876,False,16384,0.047524797000008334,344746.34368237545,1.6174219846725464,0.4367532730102539,0.20147894322872162,0.42738938331604004,0.14102451503276825,0.12615825235843658,0.10924750566482544,0.10018213838338852,0.08825714886188507,0.006470430642366409
416,0.00089152601243255,1.4741930961608887,1.4741930961608887,0.6610709428787231,0.6610709428787231,0.6610709428787231,False,16384,0.047398434000001544,345665.42852448387,1.620484471321106,0.37670451402664185,0.18438409268856049,0.43872347474098206,0.15782134234905243,0.12200669199228287,0.10468799620866776,0.09622355550527573,0.09260335564613342,0.006753384601324797
417,0.0008908676205873203,1.4666528701782227,1.4666528701782227,0.6545631289482117,0.6545631289482117,0.6545631289482117,False,16384,0.047524826000000076,344746.133315669,1.6149674654006958,0.40005552768707275,0.18916361033916473,0.41977936029434204,0.12682799994945526,0.12071868032217026,0.10265839099884033,0.09089653193950653,0.08320365101099014,0.0053635756485164165
418,0.0008902075122996638,1.4614355564117432,1.4614355564117432,0.6505986452102661,0.6505986452102661,0.6505986452102661,False,16384,0.047525356999997825,344742.2814730408,1.616273045539856,0.3925563097000122,0.18375243246555328,0.42143741250038147,0.1342887431383133,0.1189383864402771,0.1027994453907013,0.09131357818841934,0.08175237476825714,0.00587769178673625
419,0.0008895456908935624,1.4564480781555176,1.4564480781555176,0.7438159584999084,0.7438159584999084,0.7438159584999084,False,16384,0.04745104600000616,345282.16722552065,1.6287801265716553,0.4974327087402344,0.1921713501214981,0.44390422105789185,0.14539511501789093,0.13127562403678894,0.10994613915681839,0.10278236865997314,0.10376240313053131,0.007071186788380146
420,0.000888882159701625,1.4535561800003052,1.4535561800003052,0.6818954348564148,0.6818954348564148,0.6818954348564148,False,16384,0.04755245599999114,344545.8211454536,1.6306495666503906,0.371487557888031,0.1947767436504364,0.4597289562225342,0.1620100885629654,0.13756400346755981,0.11414910107851028,0.10279048979282379,0.09427667409181595,0.0058806580491364
421,0.0008882169220650694,1.4585555791854858,1.4585555791854858,0.7115039825439453,0.7115039825439453,0.7115039825439453,False,16384,0.047425145000005386,345470.74131240166,1.6252527236938477,0.45179545879364014,0.19184134900569916,0.4288526773452759,0.1470382660627365,0.1370759755373001,0.12040532380342484,0.11267293244600296,0.11716865748167038,0.008358432911336422
422,0.0008875499813337069,1.486838459968567,1.486838459968567,0.6667481064796448,0.6667481064796448,0.6667481064796448,False,16384,0.04740263399999378,345634.8016441903,1.622035026550293,0.41209882497787476,0.19625118374824524,0.4200284481048584,0.1280195713043213,0.12297341972589493,0.10503334552049637,0.09815526008605957,0.08698513358831406,0.0067004915326833725
423,0.0008868813408659242,1.4474385976791382,1.4474385976791382,0.7473729848861694,0.7473729848861694,0.7473729848861694,False,16384,0.04759180799999285,344260.9282673703,1.6320565938949585,0.4911140203475952,0.18720149993896484,0.45144033432006836,0.1444721221923828,0.13647587597370148,0.12258787453174591,0.11291475594043732,0.10573606938123703,0.008665093220770359
424,0.0008862110040286674,1.4210240840911865,1.4210240840911865,0.6782746315002441,0.6782746315002441,0.6782746315002441,False,16384,0.04756709699999817,344439.77104595286,1.6324177980422974,0.40537285804748535,0.18965479731559753,0.43190327286720276,0.14737331867218018,0.13089816272258759,0.11736001819372177,0.10864438116550446,0.0934949591755867,0.006958129815757275
425,0.0008855389741974245,1.4305107593536377,1.4305107593536377,0.5670389533042908,0.5670389533042908,0.5670389533042908,False,16384,0.04753192700000852,344694.63020081347,1.6268033981323242,0.31616437435150146,0.19475902616977692,0.3529994487762451,0.12093396484851837,0.12033871561288834,0.10667101293802261,0.09998022019863129,0.09225212782621384,0.006479032337665558
426,0.0008848652547562088,1.4582180976867676,1.4582180976867676,0.6506121158599854,0.6506121158599854,0.6506121158599854,False,16384,0.04742053499998633,345504.3263431069,1.6269720792770386,0.404090017080307,0.18735593557357788,0.400318443775177,0.1273927241563797,0.12640340626239777,0.11187427490949631,0.1031845360994339,0.09600252658128738,0.008007694035768509
427,0.0008841898490975416,1.4660849571228027,1.4660849571228027,0.5985451340675354,0.5985451340675354,0.5985451340675354,False,16384,0.04750518699999873,344888.65394847177,1.623171091079712,0.3481427729129791,0.17958517372608185,0.38333791494369507,0.12096484750509262,0.11956341564655304,0.1076420247554779,0.09638464450836182,0.08946753293275833,0.0067005823366343975
428,0.0008835127606224348,1.4611740112304688,1.4611740112304688,0.6060107946395874,0.6060107946395874,0.6060107946395874,False,16384,0.047459145999994234,345223.2368446324,1.6219911575317383,0.3662616014480591,0.1777319610118866,0.3690178394317627,0.1319829225540161,0.13095584511756897,0.11294722557067871,0.09994479268789291,0.08929529041051865,0.007081726100295782
429,0.0008828339927403745,1.4825762510299683,1.4825762510299683,0.6931304931640625,0.6931304931640625,0.6931304931640625,False,16384,0.04746208499999227,345201.8595475245,1.6168006658554077,0.4460825026035309,0.185141459107399,0.4288571774959564,0.13318921625614166,0.12159902602434158,0.10899842530488968,0.0995936319231987,0.09420129656791687,0.0067315297201275826
430,0.0008821535488693034,1.4767597913742065,1.4767597913742065,0.7276468873023987,0.7276468873023987,0.7276468873023987,False,16384,0.047384764000000246,345765.1493209909,1.6192049980163574,0.4444406032562256,0.18677151203155518,0.46280908584594727,0.1683722734451294,0.13076312839984894,0.1172853484749794,0.1130661815404892,0.10403114557266235,0.007497922517359257
431,0.0008814714324356036,1.4336755275726318,1.4336755275726318,0.8260091543197632,0.8260091543197632,0.8260091543197632,False,16384,0.047449695000011616,345291.9981887342,1.6265637874603271,0.5585136413574219,0.18640382587909698,0.49882587790489197,0.18398787081241608,0.12870141863822937,0.11622616648674011,0.11048183590173721,0.10297129303216934,0.006817907094955444
432,0.0008807876468740795,1.443074107170105,1.443074107170105,0.727083683013916,0.727083683013916,0.727083683013916,False,16384,0.04738278399999274,345779.59792321426,1.6268644332885742,0.4737720489501953,0.19112937152385712,0.4378548562526703,0.14937259256839752,0.1366153359413147,0.1182294636964798,0.10600101202726364,0.0985400527715683,0.006553146056830883
433,0.0008801021956279406,1.4307947158813477,1.4307947158813477,0.6336323022842407,0.6336323022842407,0.6336323022842407,False,16384,0.047378563999998846,345810.3964484951,1.6215815544128418,0.37389469146728516,0.18021176755428314,0.40588560700416565,0.14036117494106293,0.12539085745811462,0.1118522584438324,0.09475099295377731,0.08672908693552017,0.006205069366842508
434,0.0008794150821487834,1.4726316928863525,1.4726316928863525,0.7862154245376587,0.7862154245376587,0.7862154245376587,False,16384,0.04755693699999597,344513.3566949736,1.6235008239746094,0.5066539645195007,0.19655467569828033,0.4888420104980469,0.1709965616464615,0.1342058628797531,0.11790399253368378,0.10658738762140274,0.10616499185562134,0.007199117913842201
435,0.0008787263098965749,1.4787909984588623,1.4787909984588623,0.6347624063491821,0.6347624063491821,0.6347624063491821,False,16384,0.04746138599999483,345206.9435983556,1.6118746995925903,0.3454715609550476,0.18096959590911865,0.4267614483833313,0.14856532216072083,0.1264754682779312,0.1121506541967392,0.09797566384077072,0.09172526001930237,0.006259435322135687
436,0.0008780358823396353,1.4766106605529785,1.4766106605529785,0.627979040145874,0.627979040145874,0.627979040145874,False,16384,0.047386794000004784,345750.3371086541,1.6101288795471191,0.37419459223747253,0.18541166186332703,0.40125662088394165,0.1264650821685791,0.11897488683462143,0.10720667243003845,0.09601909667253494,0.08965983241796494,0.0071721975691616535
437,0.0008773438029546192,1.4391202926635742,1.4391202926635742,0.6308760046958923,0.6308760046958923,0.6308760046958923,False,16384,0.04821376799999655,339819.94520737673,1.6147483587265015,0.36423125863075256,0.18352465331554413,0.40763863921165466,0.14047116041183472,0.12255077064037323,0.10763482004404068,0.10105602443218231,0.09431193023920059,0.006814104039222002
438,0.0008766500752264999,1.4352014064788818,1.4352014064788818,0.5741552710533142,0.5741552710533142,0.5741552710533142,False,16384,0.04747970500000065,345073.7530909212,1.6152794361114502,0.3333703577518463,0.17677532136440277,0.370551735162735,0.11586745083332062,0.11635134369134903,0.09691765159368515,0.08716705441474915,0.07733543962240219,0.005061729811131954
439,0.0008759547026485503,1.444662094116211,1.444662094116211,0.6228127479553223,0.6228127479553223,0.6228127479553223,False,16384,0.047385783999999376,345757.70657292946,1.6161547899246216,0.3499550223350525,0.1754429191350937,0.4161481261253357,0.14512236416339874,0.11861894279718399,0.10353332757949829,0.09378647804260254,0.08241879940032959,0.00537016661837697
440,0.0008752576887223262,1.421584129333496,1.421584129333496,0.7299638390541077,0.7299638390541077,0.7299638390541077,False,16384,0.04738742399999296,345745.74047330435,1.6144444942474365,0.43924030661582947,0.19339004158973694,0.48232948780059814,0.14461341500282288,0.13039253652095795,0.1120857372879982,0.10216517746448517,0.09436949342489243,0.007206448353827
441,0.0008745590369576487,1.4595564603805542,1.4595564603805542,0.6289083361625671,0.6289083361625671,0.6289083361625671,False,16384,0.04738029399999277,345797.76984926476,1.6106585264205933,0.35916998982429504,0.1860993355512619,0.41074618697166443,0.13332940638065338,0.12447082996368408,0.10999533534049988,0.09981682896614075,0.08835560828447342,0.006202503107488155
442,0.0008738587508725857,1.4298603534698486,1.4298603534698486,0.7199459671974182,0.7199459671974182,0.7199459671974182,False,16384,0.04737267400000178,345853.39218975446,1.6264878511428833,0.4444934129714966,0.18386057019233704,0.4591373801231384,0.1511690318584442,0.1350860446691513,0.11356901377439499,0.10794177651405334,0.10208557546138763,0.008052264340221882
443,0.000873156833993435,1.4683936834335327,1.4683936834335327,0.6339390873908997,0.6339390873908997,0.6339390873908997,False,16384,0.047379833999997345,345801.1271208953,1.6269519329071045,0.38144224882125854,0.18154552578926086,0.3995247483253479,0.1270841807126999,0.12830427289009094,0.11088739335536957,0.101430244743824,0.0925113782286644,0.0068548195995390415
444,0.0008724532898547065,1.4310290813446045,1.4310290813446045,0.5937644839286804,0.5937644839286804,0.5937644839286804,False,16384,0.04737845399999685,345811.199327042,1.6182034015655518,0.3266364336013794,0.1776210516691208,0.3919323682785034,0.13103634119033813,0.11904063820838928,0.10277109593153,0.09519971162080765,0.0984935462474823,0.006135891191661358
445,0.000871748121999104,1.4617260694503784,1.4617260694503784,0.7768023014068604,0.7768023014068604,0.7768023014068604,False,16384,0.04752427699999373,344750.11581979797,1.614062786102295,0.5326999425888062,0.18045279383659363,0.459635466337204,0.1589083969593048,0.12444078922271729,0.11368885636329651,0.10844409465789795,0.10166798532009125,0.008099090307950974
446,0.0008710413339775073,1.4710133075714111,1.4710133075714111,0.6156367063522339,0.6156367063522339,0.6156367063522339,False,16384,0.0475392559999932,344641.48955133714,1.6097413301467896,0.3583372235298157,0.17950235307216644,0.39860910177230835,0.13876406848430634,0.11513525247573853,0.10405409336090088,0.09460965543985367,0.08465474098920822,0.006035130936652422
447,0.0008703329293489548,1.4752135276794434,1.4752135276794434,0.6333039999008179,0.6333039999008179,0.6333039999008179,False,16384,0.047415823999998,345538.6539312423,1.6113057136535645,0.37456488609313965,0.1844906061887741,0.41329264640808105,0.12791535258293152,0.11175922304391861,0.10149277746677399,0.09593956917524338,0.086765818297863,0.006443892139941454
448,0.0008696229116806256,1.4185292720794678,1.4185292720794678,0.7337801456451416,0.7337801456451416,0.7337801456451416,False,16384,0.04747105500000259,345136.6311534282,1.6103541851043701,0.4754030108451843,0.1962016373872757,0.45196348428726196,0.15561816096305847,0.12141834199428558,0.11125882714986801,0.10079261660575867,0.09008004516363144,0.006909671705216169
449,0.000868911284547821,1.4367344379425049,1.4367344379425049,0.6957493424415588,0.6957493424415588,0.6957493424415588,False,16384,0.04758958800000812,344276.987646903,1.6132372617721558,0.4342508614063263,0.1827843189239502,0.43563565611839294,0.15599563717842102,0.12415169924497604,0.11156410723924637,0.10354164987802505,0.09666680544614792,0.006682666949927807
450,0.0008681980515339464,1.4508036375045776,1.4508036375045776,0.7300446629524231,0.7300446629524231,0.7300446629524231,False,16384,0.04746922500000039,345149.9366168263,1.6042014360427856,0.5013348460197449,0.1894587129354477,0.4276290535926819,0.1372421234846115,0.1245582327246666,0.10958247631788254,0.09446141123771667,0.08687850832939148,0.006172117777168751
451,0.0008674832162304943,1.4202420711517334,1.4202420711517334,0.6259033679962158,0.6259033679962158,0.6259033679962158,False,16384,0.04763859900000966,343922.79252369865,1.6025034189224243,0.3756517469882965,0.17570853233337402,0.39669182896614075,0.1344885677099228,0.11979135125875473,0.10616134107112885,0.10099434852600098,0.09193487465381622,0.006604864727705717
452,0.0008667667822370252,1.44147527217865,1.44147527217865,0.6429470777511597,0.6429470777511597,0.6429470777511597,False,16384,0.047571216999998,344409.9401535321,1.6016533374786377,0.3727567493915558,0.17801469564437866,0.417884886264801,0.14487852156162262,0.12379974871873856,0.10888458788394928,0.09909302741289139,0.10039953142404556,0.006694124545902014
453,0.0008660487531611499,1.4440258741378784,1.4440258741378784,0.6930647492408752,0.6930647492408752,0.6930647492408752,False,16384,0.04742742500000929,345454.13334155903,1.6000480651855469,0.4138964116573334,0.18242278695106506,0.4437465965747833,0.1498410403728485,0.1413053423166275,0.12521587312221527,0.10654526203870773,0.09665009379386902,0.006907615344971418
454,0.0008653291326185112,1.4201557636260986,1.4201557636260986,0.5723690390586853,0.5723690390586853,0.5723690390586853,False,16384,0.04742850399999554,345446.2742489525,1.591360092163086,0.333995521068573,0.18366654217243195,0.3653360605239868,0.11129095405340195,0.11090834438800812,0.09809254109859467,0.09040971100330353,0.07962999492883682,0.005109046585857868
455,0.0008646079242327658,1.4219906330108643,1.4219906330108643,0.6736923456192017,0.6736923456192017,0.6736923456192017,False,16384,0.04748129600000084,345062.1903833398,1.5968151092529297,0.4155135452747345,0.18110495805740356,0.421322226524353,0.1485007107257843,0.13273656368255615,0.11308742314577103,0.09986668080091476,0.0917612761259079,0.006691030692309141
456,0.0008638851316355662,1.3959684371948242,1.3959684371948242,0.5956458449363708,0.5956458449363708,0.5956458449363708,False,16384,0.047341103000007934,346084.036107001,1.5872739553451538,0.3355121910572052,0.17288190126419067,0.4002838730812073,0.1256704479455948,0.11372546851634979,0.10079820454120636,0.0862424224615097,0.0758729800581932,0.005377798806875944
457,0.0008631607584665414,1.4023377895355225,1.4023377895355225,0.6165215373039246,0.6165215373039246,0.6165215373039246,False,16384,0.04747676499999898,345095.1217927412,1.5856602191925049,0.37145307660102844,0.1669241040945053,0.39224880933761597,0.12470555305480957,0.12154364585876465,0.10941264778375626,0.09889700263738632,0.09096768498420715,0.006883813533931971
458,0.0008624348083732806,1.4101407527923584,1.4101407527923584,0.6994953751564026,0.6994953751564026,0.6994953751564026,False,16384,0.047476815999999644,345094.7510886181,1.5862514972686768,0.4274921417236328,0.18130795657634735,0.462783545255661,0.14315691590309143,0.11643250286579132,0.10280439257621765,0.08942592144012451,0.0827779695391655,0.005887709558010101
459,0.0008617072850113127,1.386265754699707,1.386265754699707,0.5468732118606567,0.5468732118606567,0.5468732118606567,False,16384,0.04743293499998913,345414.0040038373,1.5848610401153564,0.29434657096862793,0.1717289388179779,0.3605424761772156,0.11899838596582413,0.11443277448415756,0.1021830290555954,0.09174875915050507,0.08248462527990341,0.005506431683897972
460,0.0008609781920440892,1.4090360403060913,1.4090360403060913,0.6791902184486389,0.6791902184486389,0.6791902184486389,False,16384,0.04740851500000076,345591.9258386333,1.58962082862854,0.423846572637558,0.1779404580593109,0.4233912527561188,0.14497043192386627,0.12511666119098663,0.11452319473028183,0.10633807629346848,0.0978146493434906,0.008296472951769829
461,0.0008602475331429651,1.424811601638794,1.424811601638794,0.6867453455924988,0.6867453455924988,0.6867453455924988,False,16384,0.04740391500000385,345625.46152567083,1.584904432296753,0.44180434942245483,0.17822036147117615,0.41740748286247253,0.15245571732521057,0.12620790302753448,0.10908200591802597,0.10050802677869797,0.09600955247879028,0.006840993650257587
462,0.000859515311987181,1.4321527481079102,1.4321527481079102,0.7149713635444641,0.7149713635444641,0.7149713635444641,False,16384,0.047385313999996015,345761.1360347085,1.5754510164260864,0.42485320568084717,0.19054463505744934,0.4585975706577301,0.16664157807826996,0.14309458434581757,0.12025903910398483,0.10734030604362488,0.09892332553863525,0.007024727296084166
463,0.0008587815322638442,1.4248337745666504,1.4248337745666504,0.6326680183410645,0.6326680183410645,0.6326680183410645,False,16384,0.04748360600000012,345045.40367047855,1.5697383880615234,0.3729022741317749,0.1769959181547165,0.4059995710849762,0.14059598743915558,0.1326814889907837,0.10605490207672119,0.09552621841430664,0.08524011075496674,0.006256345193833113
464,0.0008580461976679099,1.4167921543121338,1.4167921543121338,0.6315833926200867,0.6315833926200867,0.6315833926200867,False,16384,0.047461374999997474,345207.02360605594,1.5717277526855469,0.37806206941604614,0.1841331124305725,0.4034419655799866,0.13150742650032043,0.11925829201936722,0.10474050045013428,0.09489020705223083,0.088143490254879,0.005955130327492952
465,0.0008573093119021632,1.3992609977722168,1.3992609977722168,0.5959836840629578,0.5959836840629578,0.5959836840629578,False,16384,0.047437074999990614,345383.8585115807,1.5780245065689087,0.30866217613220215,0.18232212960720062,0.40946581959724426,0.1283470243215561,0.12381434440612793,0.10481777787208557,0.09230610728263855,0.08757655322551727,0.006389799527823925
466,0.0008565708786771999,1.420677661895752,1.420677661895752,0.6662493944168091,0.6662493944168091,0.6662493944168091,False,16384,0.04743135500000051,345425.5101925683,1.5829074382781982,0.3934708535671234,0.18181747198104858,0.42739537358283997,0.1349705457687378,0.13133753836154938,0.11618812382221222,0.11079347878694534,0.1096891313791275,0.008450307883322239
467,0.000855830901711408,1.4118447303771973,1.4118447303771973,0.5857759118080139,0.5857759118080139,0.5857759118080139,False,16384,0.04740069499999322,345648.9403795101,1.5719588994979858,0.32318994402885437,0.1726890504360199,0.3878847658634186,0.13563622534275055,0.11836301535367966,0.10314640402793884,0.09050533175468445,0.08447626233100891,0.005649985279887915
468,0.0008550893847309494,1.400773525238037,1.400773525238037,0.6316038370132446,0.6316038370132446,0.6316038370132446,False,16384,0.047393405000008215,345702.10770880803,1.5725700855255127,0.3907300531864166,0.17353662848472595,0.39216408133506775,0.1256060153245926,0.12205295264720917,0.1084946021437645,0.10363952815532684,0.09545072168111801,0.006993758026510477
469,0.0008543463314697405,1.414391279220581,1.414391279220581,0.6159526705741882,0.6159526705741882,0.6159526705741882,False,16384,0.047528876999990644,344716.7497772612,1.5783650875091553,0.37128934264183044,0.17202623188495636,0.39338061213493347,0.13521750271320343,0.11519356817007065,0.10101264715194702,0.09167764335870743,0.08364313840866089,0.006537299137562513
470,0.0008536017456694336,1.4504495859146118,1.4504495859146118,0.6106758713722229,0.6106758713722229,0.6106758713722229,False,16384,0.047445065000005116,345325.6940421145,1.5879395008087158,0.31681448221206665,0.1811019480228424,0.41851353645324707,0.1303251087665558,0.12717339396476746,0.11580849438905716,0.09945330023765564,0.08998025208711624,0.00673615001142025
471,0.0008528556310793981,1.4010629653930664,1.4010629653930664,0.6425203084945679,0.6425203084945679,0.6425203084945679,False,16384,0.04757367700000259,344392.1309677011,1.591559886932373,0.3879615068435669,0.17210876941680908,0.4131399989128113,0.13601593673229218,0.11676183342933655,0.10597984492778778,0.09989019483327866,0.09287463873624802,0.006556666921824217
472,0.0008521079914567018,1.3982741832733154,1.3982741832733154,0.5592126250267029,0.5592126250267029,0.5592126250267029,False,16384,0.04747753499999874,345089.5249721881,1.5893104076385498,0.28705427050590515,0.1691569834947586,0.38568222522735596,0.12010695785284042,0.11296200752258301,0.1020204946398735,0.09175745397806168,0.08309292793273926,0.005965397227555513
473,0.000851358830566092,1.3945786952972412,1.3945786952972412,0.5915165543556213,0.5915165543556213,0.5915165543556213,False,16384,0.04747811599999352,345085.3020368845,1.5905168056488037,0.3537989854812622,0.17491617798805237,0.3712174594402313,0.11568558216094971,0.11778987944126129,0.10597754269838333,0.09772823750972748,0.09071684628725052,0.0071280719712376595
474,0.0008506081521799755,1.4034401178359985,1.4034401178359985,0.5914446115493774,0.5914446115493774,0.5914446115493774,False,16384,0.04748082599999748,345065.60606171575,1.588891625404358,0.33503657579421997,0.18465599417686462,0.37529224157333374,0.1307501196861267,0.12767931818962097,0.1118367537856102,0.09852791577577591,0.0835103988647461,0.005319518968462944
475,0.0008498559600784018,1.3835071325302124,1.3835071325302124,0.5794711112976074,0.5794711112976074,0.5794711112976074,False,16384,0.04773568999999611,343223.27801276854,1.5854268074035645,0.33462634682655334,0.16903917491436005,0.36975881457328796,0.1203472763299942,0.1215609461069107,0.10743706673383713,0.09997598081827164,0.087601438164711,0.006609861273318529
476,0.0008491022580490416,1.3852102756500244,1.3852102756500244,0.5970702171325684,0.5970702171325684,0.5970702171325684,False,16384,0.04764417799999876,343882.5201266024,1.5870704650878906,0.334089457988739,0.17012347280979156,0.3948580026626587,0.1318158358335495,0.12102745473384857,0.10484518110752106,0.0994594618678093,0.08413843810558319,0.005933405365794897
477,0.0008483470498871693,1.403050184249878,1.403050184249878,0.617225170135498,0.617225170135498,0.617225170135498,False,16384,0.047549997000004396,344563.63898400427,1.5866382122039795,0.3652975559234619,0.1759975254535675,0.3919423520565033,0.13511444628238678,0.12443191558122635,0.10730792582035065,0.09963831305503845,0.08777880668640137,0.0065995813347399235
478,0.0008475903393956434,1.3822128772735596,1.3822128772735596,0.5867161750793457,0.5867161750793457,0.5867161750793457,False,16384,0.04786597199999676,342289.0900450347,1.5823723077774048,0.33098262548446655,0.16340823471546173,0.3859502971172333,0.13187634944915771,0.12052023410797119,0.10601212084293365,0.09505635499954224,0.08245746046304703,0.006038780324161053
479,0.0008468321303848875,1.4018301963806152,1.4018301963806152,0.6306037902832031,0.6306037902832031,0.6306037902832031,False,16384,0.04766293900000562,343747.1617098154,1.5833765268325806,0.3875223994255066,0.17509043216705322,0.39349833130836487,0.13004781305789948,0.12030605226755142,0.1057957261800766,0.09706529974937439,0.09966950863599777,0.007450935896486044
480,0.0008460724266728708,1.3789806365966797,1.3789806365966797,0.6015415787696838,0.6015415787696838,0.6015415787696838,False,16384,0.047410423999991735,345578.0104392835,1.5878794193267822,0.3192817270755768,0.17242848873138428,0.40274855494499207,0.13732194900512695,0.12900348007678986,0.11335103958845139,0.10303888469934464,0.09473097324371338,0.0059030321426689625
481,0.0008453112320850892,1.410897970199585,1.410897970199585,0.5991283655166626,0.5991283655166626,0.5991283655166626,False,16384,0.04738644399999714,345752.89084787597,1.5880112648010254,0.3389313817024231,0.16897593438625336,0.3860829472541809,0.1367686688899994,0.12973882257938385,0.10788346081972122,0.1024741679430008,0.09348774701356888,0.007060298230499029
482,0.000844548550454546,1.3943164348602295,1.3943164348602295,0.6709228157997131,0.6709228157997131,0.6709228157997131,False,16384,0.04751190700000052,344839.873507915,1.5878163576126099,0.37478509545326233,0.17421433329582214,0.45145437121391296,0.1552789956331253,0.13526421785354614,0.11928917467594147,0.10309433192014694,0.09062138944864273,0.005774859804660082
483,0.0008437843856217322,1.3841193914413452,1.3841193914413452,0.6890315413475037,0.6890315413475037,0.6890315413475037,False,16384,0.04746140500000706,345206.8054032021,1.5824642181396484,0.4556252956390381,0.18523214757442474,0.41168227791786194,0.13695915043354034,0.12359236925840378,0.1075703501701355,0.09660152345895767,0.09160882979631424,0.0069673750549554825
484,0.0008430187414346081,1.434194803237915,1.434194803237915,0.5995505452156067,0.5995505452156067,0.5995505452156067,False,16384,0.04757856700000218,344356.7352501232,1.5784926414489746,0.3322165608406067,0.1823650449514389,0.39179959893226624,0.12856444716453552,0.12552635371685028,0.10861954838037491,0.09921220690011978,0.09137655049562454,0.007247021421790123
485,0.0008422516217485825,1.35823392868042,1.35823392868042,0.6902516484260559,0.6902516484260559,0.6902516484260559,False,16384,0.047446085000004246,345318.2702007665,1.5728731155395508,0.44034308195114136,0.19027723371982574,0.42266812920570374,0.14330296218395233,0.13506479561328888,0.11082834005355835,0.09694942086935043,0.08487384021282196,0.0052582211792469025
486,0.0008414830304264951,1.383833885192871,1.383833885192871,0.7080519795417786,0.7080519795417786,0.7080519795417786,False,16384,0.047440514999991024,345358.81408545206,1.5746413469314575,0.48650702834129333,0.17578992247581482,0.41327452659606934,0.1306798905134201,0.12586598098278046,0.10875566303730011,0.10132935643196106,0.08883197605609894,0.006671968847513199
487,0.0008407129713385948,1.3933043479919434,1.3933043479919434,0.6122658848762512,0.6122658848762512,0.6122658848762512,False,16384,0.047471165999994014,345135.8241337924,1.5781997442245483,0.359506756067276,0.17525094747543335,0.3954811692237854,0.12679019570350647,0.12227995693683624,0.10560501366853714,0.09534065425395966,0.08485953509807587,0.005881917662918568
488,0.0008399414483625225,1.3719398975372314,1.3719398975372314,0.6550162434577942,0.6550162434577942,0.6550162434577942,False,16384,0.04746848599999964,345155.3099881914,1.5778471231460571,0.4119056165218353,0.17863202095031738,0.40982651710510254,0.12944325804710388,0.12346357852220535,0.1037164255976677,0.09763991832733154,0.08477921038866043,0.005987700540572405
489,0.0008391684653832898,1.3909451961517334,1.3909451961517334,0.5852839946746826,0.5852839946746826,0.5852839946746826,False,16384,0.04751822699999764,344794.0092546133,1.569672703742981,0.3353305160999298,0.1640094369649887,0.37001845240592957,0.1247081458568573,0.12376388907432556,0.11663379520177841,0.10973554849624634,0.09866722673177719,0.006919522304087877
490,0.0008383940262932609,1.3747851848602295,1.3747851848602295,0.6112363338470459,0.6112363338470459,0.6112363338470459,False,16384,0.047476856000002954,345094.46034082334,1.573655128479004,0.3236136734485626,0.17764222621917725,0.4166317582130432,0.14359256625175476,0.12385603040456772,0.10605265200138092,0.0959261953830719,0.08549301326274872,0.005298546981066465
491,0.0008376181349921314,1.3974933624267578,1.3974933624267578,0.691146194934845,0.691146194934845,0.691146194934845,False,16384,0.047394514999993476,345694.0112163244,1.583391785621643,0.4124579429626465,0.18277151882648468,0.44377148151397705,0.15382203459739685,0.13050654530525208,0.12219807505607605,0.10970747470855713,0.09757167845964432,0.0064413342624902725
492,0.0008368407953869105,1.3854025602340698,1.3854025602340698,0.6436545252799988,0.6436545252799988,0.6436545252799988,False,16384,0.04750779700000862,344869.7063346681,1.57893967628479,0.3616963028907776,0.18090544641017914,0.41852858662605286,0.1494884341955185,0.13542824983596802,0.1212206482887268,0.10447821021080017,0.09609407186508179,0.006496535148471594
493,0.0008360620113918992,1.382422685623169,1.382422685623169,0.6002262234687805,0.6002262234687805,0.6002262234687805,False,16384,0.047370043000000805,345872.60138226434,1.5598176717758179,0.34051021933555603,0.1807132214307785,0.38559678196907043,0.13330881297588348,0.12491082400083542,0.10900726169347763,0.09837929159402847,0.0894988477230072,0.006087352056056261
494,0.0008352817869286728,1.396209955215454,1.396209955215454,0.5886113047599792,0.5886113047599792,0.5886113047599792,False,16384,0.047491305999997735,344989.4597550293,1.5526165962219238,0.3479258716106415,0.1673741489648819,0.3659185767173767,0.1289229691028595,0.12189506739377975,0.10998788475990295,0.09883707016706467,0.10051095485687256,0.0072280107997357845
495,0.0008345001259260595,1.3799430131912231,1.3799430131912231,0.632576048374176,0.632576048374176,0.632576048374176,False,16384,0.04739097400000958,345719.84108190495,1.554910659790039,0.3386288285255432,0.1697203516960144,0.43011170625686646,0.15634238719940186,0.13139750063419342,0.11487551778554916,0.09691896289587021,0.08570434898138046,0.006225945893675089
496,0.0008337170323201212,1.3765568733215332,1.3765568733215332,0.5604342222213745,0.5604342222213745,0.5604342222213745,False,16384,0.04738812400000825,345740.63324383023,1.554836392402649,0.30320584774017334,0.17256416380405426,0.3700258731842041,0.11850327253341675,0.11634180694818497,0.10609213262796402,0.09594792872667313,0.08584503829479218,0.006770938169211149
497,0.0008329325100541342,1.3959591388702393,1.3959591388702393,0.6586993932723999,0.6586993932723999,0.6586993932723999,False,16384,0.04743668499999387,345386.69807981135,1.5533714294433594,0.37892404198646545,0.1653570532798767,0.43960362672805786,0.1498105376958847,0.12496325373649597,0.112733393907547,0.1026446670293808,0.09148088097572327,0.005886064376682043
498,0.0008321465630785681,1.4005451202392578,1.4005451202392578,0.5895186066627502,0.5895186066627502,0.5895186066627502,False,16384,0.04748057600001232,345067.42293934576,1.552467703819275,0.31632402539253235,0.17223915457725525,0.3922952115535736,0.13884387910366058,0.12180837988853455,0.10734663158655167,0.10155954957008362,0.08900163322687149,0.005965546704828739
499,0.0008313591953510675,1.37709641456604,1.37709641456604,0.5613682270050049,0.5613682270050049,0.5613682270050049,False,16384,0.0474133450000096,345556.7203705346,1.5488555431365967,0.3133753538131714,0.16963240504264832,0.3608568608760834,0.12073643505573273,0.11554478853940964,0.10845205932855606,0.10223696380853653,0.08803454786539078,0.0067171137779951096
500,0.0008305704108364302,1.363370418548584,1.363370418548584,0.58099365234375,0.58099365234375,0.58099365234375,False,16384,0.04764014900000291,343911.6027953439,1.5529532432556152,0.2930436134338379,0.17737309634685516,0.39891761541366577,0.13056251406669617,0.1213487833738327,0.10871414840221405,0.09874384105205536,0.08781476318836212,0.005471434444189072
501,0.000829780213506589,1.3879125118255615,1.3879125118255615,0.6517881155014038,0.6517881155014038,0.6517881155014038,False,16384,0.04751799699999992,344795.6781511651,1.5526307821273804,0.4259490966796875,0.1652747392654419,0.39455780386924744,0.13433143496513367,0.11846864968538284,0.10541035979986191,0.09586510062217712,0.08930757641792297,0.006817725487053394
502,0.0008289886073405908,1.3898454904556274,1.3898454904556274,0.6251351237297058,0.6251351237297058,0.6251351237297058,False,16384,0.04740293400000439,345632.6142174761,1.5477266311645508,0.36536067724227905,0.18284966051578522,0.3979104161262512,0.1381995528936386,0.12345518171787262,0.11081396043300629,0.10201774537563324,0.09198474138975143,0.007063199300318956
503,0.0008281955963245766,1.3450067043304443,1.3450067043304443,0.5848383903503418,0.5848383903503418,0.5848383903503418,False,16384,0.04749400600000797,344969.8473528902,1.5458873510360718,0.33739733695983887,0.17288106679916382,0.3713381588459015,0.12302210181951523,0.11866568773984909,0.10759367048740387,0.10203766077756882,0.09575101733207703,0.006835381966084242
504,0.0008274011844517614,1.394858717918396,1.394858717918396,0.5938258767127991,0.5938258767127991,0.5938258767127991,False,16384,0.04739927399999999,345659.30271421466,1.5472522974014282,0.3264002799987793,0.17401321232318878,0.39323198795318604,0.12852743268013,0.12344104051589966,0.10721436142921448,0.10111722350120544,0.08757888525724411,0.005778199061751366
505,0.0008266053757224148,1.3612172603607178,1.3612172603607178,0.5972800850868225,0.5972800850868225,0.5972800850868225,False,16384,0.04751686600000937,344803.88500362734,1.5494718551635742,0.32892102003097534,0.17128732800483704,0.39625075459480286,0.1311236023902893,0.12607811391353607,0.10713576525449753,0.09724803268909454,0.0902189388871193,0.006055396981537342
506,0.0008258081741438395,1.3863301277160645,1.3863301277160645,0.6928287148475647,0.6928287148475647,0.6928287148475647,False,16384,0.0474541350000095,345259.69127867825,1.5513644218444824,0.46636638045310974,0.16813011467456818,0.41301727294921875,0.13275110721588135,0.12258625030517578,0.10968326032161713,0.09982023388147354,0.0947623997926712,0.006197372917085886
507,0.0008250095837303524,1.378158688545227,1.378158688545227,0.5706427693367004,0.5706427693367004,0.5706427693367004,False,16384,0.04743870500000469,345371.9910777156,1.5485305786132812,0.3145359754562378,0.16318030655384064,0.37497803568840027,0.1271495670080185,0.11957650631666183,0.1087927296757698,0.09689066559076309,0.08801306039094925,0.005331671796739101
508,0.0008242096085032637,1.3845958709716797,1.3845958709716797,0.5763477683067322,0.5763477683067322,0.5763477683067322,False,16384,0.04749892600000294,344934.1149313352,1.5518568754196167,0.3201696276664734,0.1820070743560791,0.37125715613365173,0.12822015583515167,0.11988126486539841,0.10974116623401642,0.09279435127973557,0.08489739149808884,0.0060281394980847836
509,0.0008234082524908571,1.3827590942382812,1.3827590942382812,0.5857145190238953,0.5857145190238953,0.5857145190238953,False,16384,0.04747665600000062,345095.91408459324,1.555612564086914,0.3311743438243866,0.17332413792610168,0.3711916208267212,0.12311144173145294,0.12374159693717957,0.11853276193141937,0.10962072759866714,0.09474543482065201,0.006979344878345728
510,0.000822605519728369,1.3792829513549805,1.3792829513549805,0.5635342001914978,0.5635342001914978,0.5635342001914978,False,16384,0.04765629900001045,343795.05634704046,1.5594137907028198,0.32293689250946045,0.16954202950000763,0.3540571331977844,0.12101239711046219,0.12230034917593002,0.10912881046533585,0.09604575484991074,0.09169067442417145,0.006261514499783516
511,0.0008218014142579684,1.3496944904327393,1.3496944904327393,0.6008727550506592,0.6008727550506592,0.6008727550506592,False,16384,0.04761928800000703,344062.26317364466,1.5602948665618896,0.3094439208507538,0.18258024752140045,0.40912002325057983,0.13467174768447876,0.12717679142951965,0.11078803986310959,0.10085941106081009,0.08827244490385056,0.005361925344914198
512,0.000820995940128737,1.3569977283477783,1.3569977283477783,0.5453497171401978,0.5453497171401978,0.5453497171401978,False,16384,0.0473946440000077,345693.0702970854,1.5564205646514893,0.30422070622444153,0.16633763909339905,0.3541429042816162,0.12135033309459686,0.11590301245450974,0.100288987159729,0.0851445123553276,0.07921401411294937,0.005377436056733131
513,0.0008201891013966478,1.373077392578125,1.373077392578125,0.6334588527679443,0.6334588527679443,0.6334588527679443,False,16384,0.04758361699998659,344320.1890265008,1.5567175149917603,0.37769800424575806,0.1664513498544693,0.39733973145484924,0.1388830989599228,0.13423988223075867,0.114411860704422,0.10881835222244263,0.1036117821931839,0.007323256693780422
514,0.0008193809021245458,1.3919460773468018,1.3919460773468018,0.5554115772247314,0.5554115772247314,0.5554115772247314,False,16384,0.04759429799999282,344242.9175024805,1.5539741516113281,0.2945711016654968,0.16540703177452087,0.37190741300582886,0.12941384315490723,0.11649443209171295,0.10320376604795456,0.09105860441923141,0.08212487399578094,0.0054050409235060215
515,0.0008185713463821267,1.373833417892456,1.373833417892456,0.577332615852356,0.577332615852356,0.577332615852356,False,16384,0.04742481399999576,345473.1525146617,1.5622782707214355,0.32642224431037903,0.1702243983745575,0.3706021010875702,0.12911924719810486,0.1202363669872284,0.10789208859205246,0.09933436661958694,0.08810031414031982,0.006397027987986803
516,0.0008177604382459167,1.3550820350646973,1.3550820350646973,0.5863222479820251,0.5863222479820251,0.5863222479820251,False,16384,0.047394314000001714,345695.4773097762,1.5593832731246948,0.35079139471054077,0.16697849333286285,0.36904630064964294,0.12483241409063339,0.11524946242570877,0.10530784726142883,0.09705337136983871,0.08505455404520035,0.005765293259173632
517,0.0008169481817992523,1.360161542892456,1.360161542892456,0.6674185991287231,0.6674185991287231,0.6674185991287231,False,16384,0.04751527599999861,344815.42314939894,1.5588072538375854,0.38463684916496277,0.16901223361492157,0.4454907476902008,0.15064914524555206,0.1270674467086792,0.10917483270168304,0.09934686869382858,0.0989200696349144,0.0077169062569737434
518,0.000816134581132259,1.3442245721817017,1.3442245721817017,0.7860020995140076,0.7860020995140076,0.7860020995140076,False,16384,0.04740564399999414,345612.85571823525,1.5648897886276245,0.5074238181114197,0.17734986543655396,0.4854004681110382,0.1932169795036316,0.12922610342502594,0.11918260902166367,0.11406709253787994,0.10925847291946411,0.00827463436871767
519,0.0008153196403418318,1.3960013389587402,1.3960013389587402,0.8110290765762329,0.8110290765762329,0.8110290765762329,False,16384,0.04741825400000721,345520.9464270344,1.555741310119629,0.49293482303619385,0.18130241334438324,0.5178918242454529,0.2255774438381195,0.14272001385688782,0.12781496345996857,0.11501628160476685,0.11322097480297089,0.007895802147686481
520,0.000814503363531613,1.321791172027588,1.321791172027588,0.5611973404884338,0.5611973404884338,0.5611973404884338,False,16384,0.047461075000001074,345209.2056490425,1.5540797710418701,0.3112996518611908,0.16683779656887054,0.3637407422065735,0.12783250212669373,0.11968673020601273,0.10386355966329575,0.0930832028388977,0.08799523115158081,0.005607793107628822
521,0.000813685754811973,1.3718012571334839,1.3718012571334839,0.5990520715713501,0.5990520715713501,0.5990520715713501,False,16384,0.04741255400000455,345562.4854125856,1.5651655197143555,0.33045339584350586,0.16992831230163574,0.39435526728630066,0.13841982185840607,0.1222105324268341,0.10859275609254837,0.10149350762367249,0.09508761018514633,0.006464938633143902
522,0.0008128668182999892,1.3514422178268433,1.3514422178268433,0.6228353977203369,0.6228353977203369,0.6228353977203369,False,16384,0.04756059700000037,344486.84485604486,1.5590944290161133,0.3673743009567261,0.1703260987997055,0.39959779381752014,0.14067307114601135,0.11756475269794464,0.11091353744268417,0.09937276691198349,0.09185416251420975,0.006809295620769262
523,0.0008120465581194246,1.376699686050415,1.376699686050415,0.6081902384757996,0.6081902384757996,0.6081902384757996,False,16384,0.047407664000004957,345598.1294500882,1.5586789846420288,0.3463653028011322,0.17657308280467987,0.39524590969085693,0.12632912397384644,0.12568911910057068,0.11046513170003891,0.10246875882148743,0.08957507461309433,0.006792914122343063
524,0.000811224978400708,1.3838163614273071,1.3838163614273071,0.6123092770576477,0.6123092770576477,0.6123092770576477,False,16384,0.0475070560000006,344875.0855030838,1.5567079782485962,0.3498273193836212,0.1748417317867279,0.39935627579689026,0.13343997299671173,0.12162451446056366,0.11182864755392075,0.09856660664081573,0.08735626935958862,0.006124627310782671
525,0.0008104020832809127,1.348607063293457,1.348607063293457,0.5532215237617493,0.5532215237617493,0.5532215237617493,False,16384,0.047351692999995976,346006.635919045,1.555396318435669,0.3106434643268585,0.16639867424964905,0.3558270037174225,0.119464211165905,0.11769047379493713,0.10504051297903061,0.09530800580978394,0.0834907591342926,0.006543088238686323
526,0.0008095778769037352,1.3595895767211914,1.3595895767211914,0.6180468201637268,0.6180468201637268,0.6180468201637268,False,16384,0.04749077600000362,344993.3098587134,1.5642589330673218,0.3612673878669739,0.16926826536655426,0.39166128635406494,0.1399749517440796,0.1282884180545807,0.11456075310707092,0.10320983827114105,0.09770079702138901,0.006683173589408398
527,0.0008087523634194754,1.3342311382293701,1.3342311382293701,0.6063796877861023,0.6063796877861023,0.6063796877861023,False,16384,0.04759539699999493,344234.968772332,1.5633244514465332,0.3489333689212799,0.17737117409706116,0.3926001489162445,0.13576550781726837,0.11649935692548752,0.1078602597117424,0.09742798656225204,0.08478672057390213,0.005220791790634394
528,0.000807925546985015,1.358216404914856,1.358216404914856,0.6380084156990051,0.6380084156990051,0.6380084156990051,False,16384,0.04743831400000431,345374.8377313433,1.5664511919021606,0.3826410472393036,0.1734231412410736,0.3982662260532379,0.14858071506023407,0.1325993835926056,0.1157384067773819,0.09839432686567307,0.09575425833463669,0.006666307803243399
529,0.0008070974317637968,1.3391900062561035,1.3391900062561035,0.6061811447143555,0.6061811447143555,0.6061811447143555,False,16384,0.04754818699998964,344576.755366163,1.5588243007659912,0.35797786712646484,0.1670931726694107,0.38220661878585815,0.13567504286766052,0.12960605323314667,0.11522222310304642,0.09762191027402878,0.08529315888881683,0.00434342073276639
530,0.0008062680219258034,1.3395085334777832,1.3395085334777832,0.7147038578987122,0.7147038578987122,0.7147038578987122,False,16384,0.04750637600000118,344880.0219995647,1.552992820739746,0.44048166275024414,0.1726541817188263,0.45332691073417664,0.15937165915966034,0.13634072244167328,0.12177011370658875,0.10723185539245605,0.10527294129133224,0.008098635822534561
531,0.0008054373216475368,1.3923039436340332,1.3923039436340332,0.7514973282814026,0.7514973282814026,0.7514973282814026,False,16384,0.04758048700000472,344342.83953416394,1.5580674409866333,0.43883946537971497,0.17767398059368134,0.48966115713119507,0.19859041273593903,0.13491365313529968,0.12717300653457642,0.11732887476682663,0.11480706930160522,0.008514326065778732
532,0.0008046053351119965,1.346558928489685,1.346558928489685,0.6577019691467285,0.6577019691467285,0.6577019691467285,False,16384,0.04737442399999736,345840.6164474087,1.565926432609558,0.3569720685482025,0.17636974155902863,0.4460523724555969,0.15542718768119812,0.13141793012619019,0.11888871341943741,0.10467593371868134,0.09232234209775925,0.005527358967810869
533,0.0008037720665086596,1.362876057624817,1.362876057624817,0.6260306239128113,0.6260306239128113,0.6260306239128113,False,16384,0.04749224500000082,344982.638744488,1.5627626180648804,0.36806991696357727,0.17810557782649994,0.4033658504486084,0.1277959644794464,0.12499520182609558,0.11006509512662888,0.09949931502342224,0.08945145457983017,0.006457387935370207
534,0.0008029375200334588,1.354481816291809,1.354481816291809,0.6293774843215942,0.6293774843215942,0.6293774843215942,False,16384,0.047420314000007124,345505.93654857576,1.5605957508087158,0.34722965955734253,0.18389350175857544,0.41300544142723083,0.1445143222808838,0.12929022312164307,0.11532755196094513,0.10340897738933563,0.09758945554494858,0.006273967679589987
535,0.0008021016998887613,1.3331055641174316,1.3331055641174316,0.6588068604469299,0.6588068604469299,0.6588068604469299,False,16384,0.047433916000002796,345406.8603570288,1.5532900094985962,0.3795727491378784,0.17511214315891266,0.4303094744682312,0.14081594347953796,0.13362736999988556,0.11586044728755951,0.11139874905347824,0.10269427299499512,0.007460327353328466
536,0.000801264610283348,1.3552584648132324,1.3552584648132324,0.5920987725257874,0.5920987725257874,0.5920987725257874,False,16384,0.047401144999994926,345645.65898148145,1.5479809045791626,0.3357831537723541,0.1638253927230835,0.3786686360836029,0.13736337423324585,0.12832307815551758,0.11339221894741058,0.10048623383045197,0.09624157845973969,0.006979039404541254
537,0.0008004262554323928,1.3283438682556152,1.3283438682556152,0.6474905610084534,0.6474905610084534,0.6474905610084534,False,16384,0.04740297499999713,345632.31527137256,1.5535049438476562,0.3640230894088745,0.18857485055923462,0.42751196026802063,0.13702882826328278,0.1337651014328003,0.11633272469043732,0.09932557493448257,0.09109732508659363,0.00605298625305295
538,0.0007995866395574396,1.356302261352539,1.356302261352539,0.5596996545791626,0.5596996545791626,0.5596996545791626,False,16384,0.047361444000003416,345935.39842237113,1.5483123064041138,0.2911767363548279,0.15918685495853424,0.3794860541820526,0.12364452332258224,0.12611258029937744,0.1109427809715271,0.09661826491355896,0.07913953065872192,0.005556141026318073
539,0.0007987457668863831,1.313248634338379,1.313248634338379,0.6602955460548401,0.6602955460548401,0.6602955460548401,False,16384,0.047386055000004035,345755.7291907631,1.543137788772583,0.4361005127429962,0.15930962562561035,0.39825406670570374,0.12584342062473297,0.12324430048465729,0.11282312124967575,0.09874889254570007,0.09085127711296082,0.007785386871546507
540,0.0007979036416534462,1.3892357349395752,1.3892357349395752,0.5801131725311279,0.5801131725311279,0.5801131725311279,False,16384,0.047389285000008385,345732.1628717779,1.5438344478607178,0.2969662845134735,0.1807500123977661,0.39600592851638794,0.1298588663339615,0.11896228045225143,0.10931853950023651,0.09470199048519135,0.08299581706523895,0.005327069200575352
541,0.0007970602680991593,1.3619508743286133,1.3619508743286133,0.5703380107879639,0.5703380107879639,0.5703380107879639,False,16384,0.047405174999994415,345616.27501642867,1.54204261302948,0.3066388666629791,0.17997241020202637,0.3772704005241394,0.11883623152971268,0.11797347664833069,0.10909223556518555,0.09567001461982727,0.08602294325828552,0.00643707113340497
542,0.0007962156504703387,1.354358434677124,1.354358434677124,0.6722379326820374,0.6722379326820374,0.6722379326820374,False,16384,0.04736045399999966,345942.6296884763,1.548445701599121,0.39628711342811584,0.1769859939813614,0.44005805253982544,0.1363089680671692,0.1306537538766861,0.11627211421728134,0.10222455114126205,0.10105852037668228,0.007263960316777229
543,0.0007953697930200652,1.3354432582855225,1.3354432582855225,0.6306248307228088,0.6306248307228088,0.6306248307228088,False,16384,0.04739933499999438,345658.8578722031,1.5428626537322998,0.37200960516929626,0.17159304022789001,0.4108886122703552,0.12891332805156708,0.12337642163038254,0.10819090902805328,0.09596264362335205,0.09072364866733551,0.006136673968285322
544,0.0007945227000076627,1.369205117225647,1.369205117225647,0.6001527905464172,0.6001527905464172,0.6001527905464172,False,16384,0.047386184999993475,345754.7806391727,1.534355640411377,0.3364930748939514,0.16239944100379944,0.38699835538864136,0.1474463790655136,0.12817537784576416,0.11406978964805603,0.10122399032115936,0.09659867733716965,0.007454999256879091
545,0.0007936743756986767,1.3517791032791138,1.3517791032791138,0.659061074256897,0.659061074256897,0.659061074256897,False,16384,0.047392514999998525,345708.5997651846,1.525909423828125,0.3592061698436737,0.1771092563867569,0.43839603662490845,0.15987780690193176,0.1392827332019806,0.11863382905721664,0.10738828778266907,0.10554470121860504,0.008193675428628922
546,0.0007928248243648531,1.3573960065841675,1.3573960065841675,0.5994692444801331,0.5994692444801331,0.5994692444801331,False,16384,0.04751116600000671,344845.25174561463,1.5251903533935547,0.33712679147720337,0.17332862317562103,0.39323532581329346,0.1246275082230568,0.12543682754039764,0.10724569857120514,0.10138127207756042,0.08916082233190536,0.006017416715621948
547,0.0007919740502841166,1.340520977973938,1.340520977973938,0.617874026298523,0.617874026298523,0.617874026298523,False,16384,0.047396465000005605,345679.7885664693,1.5310661792755127,0.3571586012840271,0.16488167643547058,0.39368176460266113,0.13668230175971985,0.1297612488269806,0.11450432986021042,0.11186689883470535,0.10406719893217087,0.007702165748924017
548,0.0007911220577405485,1.3363604545593262,1.3363604545593262,0.6005043387413025,0.6005043387413025,0.6005043387413025,False,16384,0.047428306000000475,345447.7163911323,1.524800181388855,0.3179607093334198,0.1681273877620697,0.4153425991535187,0.1270141303539276,0.1164417564868927,0.10654909163713455,0.09877084940671921,0.08881230652332306,0.006549120415002108
549,0.0007902688510243664,1.3177510499954224,1.3177510499954224,0.5919331908226013,0.5919331908226013,0.5919331908226013,False,16384,0.04742641599999331,345461.48290021135,1.5203691720962524,0.3487989008426666,0.16537801921367645,0.37145572900772095,0.12301170825958252,0.12533685564994812,0.11060409247875214,0.10290408134460449,0.09831364452838898,0.008104037493467331
550,0.0007894144344319015,1.341735601425171,1.341735601425171,0.6682960987091064,0.6682960987091064,0.6682960987091064,False,16384,0.047610409000000686,344126.4283194829,1.5245931148529053,0.3926292955875397,0.1663254052400589,0.4380614459514618,0.15739582479000092,0.124667689204216,0.11252537369728088,0.100762739777565,0.09859960526227951,0.006893860176205635
551,0.0007885588122655774,1.3912525177001953,1.3912525177001953,0.620927095413208,0.620927095413208,0.620927095413208,False,16384,0.047493646000006606,344972.4622110023,1.5273866653442383,0.35312244296073914,0.16482816636562347,0.40678778290748596,0.14211143553256989,0.12511701881885529,0.10862172394990921,0.10298849642276764,0.09951049089431763,0.007268213666975498
552,0.0007877019888338881,1.3246665000915527,1.3246665000915527,0.6411764025688171,0.6411764025688171,0.6411764025688171,False,16384,0.04742435500000397,345476.49620113184,1.5269427299499512,0.3650549054145813,0.1762835681438446,0.4273793399333954,0.14406657218933105,0.12173496931791306,0.10730249434709549,0.09818059951066971,0.0857568308711052,0.00557371461763978
553,0.000786843968451377,1.3169567584991455,1.3169567584991455,0.651395320892334,0.651395320892334,0.651395320892334,False,16384,0.047399163999997995,345660.1048913161,1.535914421081543,0.3520115911960602,0.1680603325366974,0.4444849193096161,0.1584874391555786,0.12207023799419403,0.10975007712841034,0.10451175272464752,0.10746448487043381,0.007533473428338766
554,0.0007859847554386146,1.3256932497024536,1.3256932497024536,0.5878134369850159,0.5878134369850159,0.5878134369850159,False,16384,0.0473991150000046,345660.4622258962,1.5328397750854492,0.3401876389980316,0.16245386004447937,0.37254539132118225,0.13436706364154816,0.12179519981145859,0.10767702758312225,0.10265173017978668,0.09773989021778107,0.006510076578706503
555,0.000785124354122177,1.3771051168441772,1.3771051168441772,0.6255329847335815,0.6255329847335815,0.6255329847335815,False,16384,0.04752277699999752,344760.99744762084,1.5275133848190308,0.3581421375274658,0.1674952208995819,0.40969324111938477,0.15044936537742615,0.11834491044282913,0.10683633387088776,0.0997747927904129,0.0952298641204834,0.006651382893323898
556,0.0007842627688346239,1.3347580432891846,1.3347580432891846,0.5618609189987183,0.5618609189987183,0.5618609189987183,False,16384,0.047439034999996466,345369.5885677527,1.5267969369888306,0.3014281988143921,0.16563409566879272,0.3743665814399719,0.12226694822311401,0.11502531915903091,0.10678482055664062,0.0970107913017273,0.09062869101762772,0.006008507683873177
557,0.0007834000039144769,1.3359060287475586,1.3359060287475586,0.5903681516647339,0.5903681516647339,0.5903681516647339,False,16384,0.047428065000005404,345449.471742061,1.5276272296905518,0.33312249183654785,0.16124628484249115,0.37893518805503845,0.13275432586669922,0.1276904195547104,0.11424084007740021,0.10405418276786804,0.10056917369365692,0.0071289730258286
558,0.0007825360637061976,1.3163917064666748,1.3163917064666748,0.6062948107719421,0.6062948107719421,0.6062948107719421,False,16384,0.047544806999994194,344601.25161517644,1.5166767835617065,0.3491831123828888,0.17009882628917694,0.3850696384906769,0.14939303696155548,0.12875477969646454,0.11077560484409332,0.09611812233924866,0.08947515487670898,0.006364039145410061
559,0.0007816709525601658,1.3282830715179443,1.3282830715179443,0.6138750910758972,0.6138750910758972,0.6138750910758972,False,16384,0.04737883399999987,345808.42576244165,1.5162667036056519,0.34090423583984375,0.17515359818935394,0.3969554007053375,0.14020198583602905,0.1321094036102295,0.11952295899391174,0.10745906829833984,0.09686412662267685,0.00701558031141758
560,0.0007808046748326578,1.3297483921051025,1.3297483921051025,0.5646045804023743,0.5646045804023743,0.5646045804023743,False,16384,0.04742425500000991,345477.22468168614,1.5113376379013062,0.3047674894332886,0.16410988569259644,0.3680056631565094,0.13280484080314636,0.12849991023540497,0.10785781592130661,0.09926825761795044,0.08870050311088562,0.005504867061972618
561,0.000779937234885824,1.285470962524414,1.285470962524414,0.6449705958366394,0.6449705958366394,0.6449705958366394,False,16384,0.04737152400001321,345861.7881914762,1.5105934143066406,0.37682461738586426,0.16588479280471802,0.42459118366241455,0.14698801934719086,0.12676425278186798,0.111470527946949,0.09515687823295593,0.08371689170598984,0.005584270693361759
562,0.0007790686370876671,1.3492485284805298,1.3492485284805298,0.6207015514373779,0.6207015514373779,0.6207015514373779,False,16384,0.04736474300000282,345911.30368846346,1.5240553617477417,0.339534729719162,0.17271994054317474,0.417328804731369,0.14315681159496307,0.12660612165927887,0.10959522426128387,0.09747378528118134,0.08901549130678177,0.005661242175847292
563,0.0007781988858120204,1.3329375982284546,1.3329375982284546,0.5770368576049805,0.5770368576049805,0.5770368576049805,False,16384,0.04737561400000345,345831.92948166974,1.5247513055801392,0.3162997364997864,0.16996188461780548,0.3816581070423126,0.1305299997329712,0.11925427615642548,0.1061398983001709,0.09479696303606033,0.08269458264112473,0.0050830296240746975
564,0.0007773279854385256,1.3531298637390137,1.3531298637390137,0.5880722999572754,0.5880722999572754,0.5880722999572754,False,16384,0.047406534999993255,345606.35996708745,1.5272167921066284,0.35312485694885254,0.1692141443490982,0.35972273349761963,0.12433146685361862,0.12537188827991486,0.10967454314231873,0.10257088392972946,0.09659263491630554,0.006489325314760208
565,0.0007764559403526101,1.3305811882019043,1.3305811882019043,0.5911133885383606,0.5911133885383606,0.5911133885383606,False,16384,0.047412345000012124,345564.00869849004,1.527003526687622,0.34270578622817993,0.16813869774341583,0.38225817680358887,0.12417501211166382,0.1224154606461525,0.10632802546024323,0.09618400037288666,0.08115635812282562,0.005239755380898714
566,0.0007755827549454663,1.3155429363250732,1.3155429363250732,0.5800343155860901,0.5800343155860901,0.5800343155860901,False,16384,0.047369823000011024,345874.20772072946,1.5251779556274414,0.3176429271697998,0.16856952011585236,0.38052189350128174,0.1314881592988968,0.12123183161020279,0.10561640560626984,0.1036638393998146,0.0916547104716301,0.0065037282183766365
567,0.0007747084336140282,1.3380963802337646,1.3380963802337646,0.5661575198173523,0.5661575198173523,0.5661575198173523,False,16384,0.047369093999989786,345879.5306493203,1.5220521688461304,0.3163372278213501,0.17156614363193512,0.3621346354484558,0.13088205456733704,0.12085316330194473,0.10629942268133163,0.09725911915302277,0.08579273521900177,0.005807684734463692
568,0.0007738329807609499,1.3425134420394897,1.3425134420394897,0.637410044670105,0.637410044670105,0.637410044670105,False,16384,0.04735923400001241,345951.5413614103,1.5258424282073975,0.36919134855270386,0.17220908403396606,0.41823965311050415,0.13978418707847595,0.12471625208854675,0.10907533764839172,0.0982557088136673,0.0933690145611763,0.006768203806132078
569,0.0007729564007945835,1.3115143775939941,1.3115143775939941,0.5678951740264893,0.5678951740264893,0.5678951740264893,False,16384,0.04737506399999347,345835.9444116478,1.527085304260254,0.3146268129348755,0.16207630932331085,0.3704657554626465,0.12968866527080536,0.12066929787397385,0.10547246783971786,0.09986208379268646,0.08650074899196625,0.006465179845690727
570,0.0007720786981289562,1.2884293794631958,1.2884293794631958,0.549463152885437,0.549463152885437,0.549463152885437,False,16384,0.04759536800000319,344235.1785156678,1.5277094841003418,0.29983818531036377,0.16636407375335693,0.35962724685668945,0.12133574485778809,0.11746755242347717,0.10320109128952026,0.09324869513511658,0.08423410356044769,0.005993950646370649
571,0.0007711998771837489,1.3341774940490723,1.3341774940490723,0.5686070919036865,0.5686070919036865,0.5686070919036865,False,16384,0.04742364499999496,345481.668479969,1.5319278240203857,0.313029021024704,0.16756512224674225,0.37207096815109253,0.12494198977947235,0.12223479896783829,0.10845622420310974,0.09598366916179657,0.08513527363538742,0.0060393367893993855
572,0.0007703199423842737,1.3310368061065674,1.3310368061065674,0.5556965470314026,0.5556965470314026,0.5556965470314026,False,16384,0.047397954999993885,345668.9217921346,1.529686689376831,0.3269434869289398,0.1640859842300415,0.3438633680343628,0.11780323833227158,0.115078866481781,0.10660732537508011,0.1002996489405632,0.09026691317558289,0.006810104940086603
573,0.0007694388981614511,1.306039810180664,1.306039810180664,0.5508255362510681,0.5508255362510681,0.5508255362510681,False,16384,0.047382003999999256,345785.29012829973,1.5262562036514282,0.29891660809516907,0.16688045859336853,0.35728639364242554,0.12746258080005646,0.1174401193857193,0.10563625395298004,0.09720195829868317,0.08873604238033295,0.0058930073864758015
574,0.0007685567489517888,1.324272871017456,1.324272871017456,0.5571107864379883,0.5571107864379883,0.5571107864379883,False,16384,0.04755162700000426,344551.8278480468,1.5264439582824707,0.30330637097358704,0.15874551236629486,0.3638212978839874,0.12632885575294495,0.12026014924049377,0.10994798690080643,0.10004105418920517,0.09086008369922638,0.006146682891994715
575,0.0007676734991973579,1.2911393642425537,1.2911393642425537,0.5580958724021912,0.5580958724021912,0.5580958724021912,False,16384,0.04754770700000677,344580.2339111257,1.5307954549789429,0.2902965545654297,0.16193829476833344,0.36961886286735535,0.13065721094608307,0.13088122010231018,0.11114835739135742,0.09812378138303757,0.09022322297096252,0.005753640551120043
576,0.0007667891533457719,1.3179916143417358,1.3179916143417358,0.6145793795585632,0.6145793795585632,0.6145793795585632,False,16384,0.04749001599999758,344998.83091218234,1.5274834632873535,0.34899377822875977,0.1712225377559662,0.3865854740142822,0.14552392065525055,0.13446608185768127,0.1192697212100029,0.11242219805717468,0.1047251895070076,0.007479703985154629
577,0.0007659037158501634,1.3280189037322998,1.3280189037322998,0.5417666435241699,0.5417666435241699,0.5417666435241699,False,16384,0.04742234500000109,345491.1392509085,1.5209159851074219,0.2911994159221649,0.16230618953704834,0.35394787788391113,0.12401498854160309,0.11949001997709274,0.10490324348211288,0.09542407840490341,0.0854044258594513,0.00544838747009635
578,0.0007650171911691621,1.333144187927246,1.333144187927246,0.5999135375022888,0.5999135375022888,0.5999135375022888,False,16384,0.04743297499999244,345413.71271784266,1.5188825130462646,0.32512742280960083,0.17163141071796417,0.3934693932533264,0.14316478371620178,0.12834858894348145,0.11072097718715668,0.10321749001741409,0.09993899613618851,0.006529207807034254
579,0.0007641295837668719,1.3134381771087646,1.3134381771087646,0.582378625869751,0.582378625869751,0.582378625869751,False,16384,0.0475976879999962,344218.39985171775,1.5130946636199951,0.35190141201019287,0.17469874024391174,0.35070282220840454,0.11959128081798553,0.11734061688184738,0.11034463346004486,0.10348664224147797,0.103886678814888,0.008331598713994026
580,0.0007632408981128494,1.3073067665100098,1.3073067665100098,0.633897602558136,0.633897602558136,0.633897602558136,False,16384,0.047532286999995677,344692.0195529723,1.5166313648223877,0.38789618015289307,0.16868458688259125,0.39152637124061584,0.13244207203388214,0.12953002750873566,0.11737639456987381,0.10754822939634323,0.09954767674207687,0.00654121208935976
581,0.0007623511386820804,1.3114430904388428,1.3114430904388428,0.6181095838546753,0.6181095838546753,0.6181095838546753,False,16384,0.04751728600000149,344800.8373205382,1.5125598907470703,0.40679001808166504,0.15392708778381348,0.3587183654308319,0.1244128942489624,0.11627712100744247,0.11066371947526932,0.10803854465484619,0.10591775923967361,0.008517419919371605
582,0.0007614603099549575,1.3275721073150635,1.3275721073150635,0.5956612229347229,0.5956612229347229,0.5956612229347229,False,16384,0.04774539999999661,343153.4765653061,1.5087636709213257,0.35120221972465515,0.1680699735879898,0.3759074807167053,0.13192659616470337,0.1261204332113266,0.1065707728266716,0.09484551101922989,0.09064409881830215,0.005916373338550329
583,0.0007605684164172581,1.353714108467102,1.353714108467102,0.5951724648475647,0.5951724648475647,0.5951724648475647,False,16384,0.04754780700000083,344579.50920848385,1.5049598217010498,0.3342656195163727,0.18267951905727386,0.37304431200027466,0.1328589767217636,0.12651076912879944,0.11362135410308838,0.11189375817775726,0.10398262739181519,0.00800006091594696
584,0.0007596754625601212,1.3111228942871094,1.3111228942871094,0.6348367929458618,0.6348367929458618,0.6348367929458618,False,16384,0.047401453999995624,345643.4057909176,1.5061825513839722,0.3728379011154175,0.1701744645833969,0.4060743451118469,0.13076695799827576,0.12626749277114868,0.11778225004673004,0.10767988115549088,0.10768643766641617,0.006817511282861233
585,0.0007587814528800254,1.3048515319824219,1.3048515319824219,0.5703312754631042,0.5703312754631042,0.5703312754631042,False,16384,0.04758806700000662,344287.9913571132,1.5015028715133667,0.31416091322898865,0.1608690321445465,0.3753722608089447,0.1300884634256363,0.1246151328086853,0.10794481635093689,0.09266752004623413,0.08409794420003891,0.005804063286632299
586,0.0007578863918787655,1.3293017148971558,1.3293017148971558,0.6637298464775085,0.6637298464775085,0.6637298464775085,False,16384,0.04745087499999556,345283.4115282707,1.5091513395309448,0.4087051749229431,0.167007714509964,0.412443608045578,0.14544741809368134,0.1310778707265854,0.11943446844816208,0.11012513935565948,0.10350275039672852,0.007398080080747604
587,0.0007569902840634304,1.3001153469085693,1.3001153469085693,0.5918982625007629,0.5918982625007629,0.5918982625007629,False,16384,0.04757144799999935,344408.26774918067,1.5013043880462646,0.3104317784309387,0.17295107245445251,0.4003186523914337,0.14073804020881653,0.12636439502239227,0.11114036291837692,0.09383384883403778,0.08274626731872559,0.005429559387266636
588,0.0007560931339463805,1.2778592109680176,1.2778592109680176,0.6021653413772583,0.6021653413772583,0.6021653413772583,False,16384,0.0474358350000017,345392.8870441389,1.4982969760894775,0.3358481228351593,0.1637905091047287,0.3991506099700928,0.13865838944911957,0.12287089973688126,0.10794547945261002,0.09618363529443741,0.09162046015262604,0.006272268481552601
589,0.0007551949460452241,1.3141541481018066,1.3141541481018066,0.6840806007385254,0.6840806007385254,0.6840806007385254,False,16384,0.047502855999994154,344905.5778878225,1.505489706993103,0.43102535605430603,0.1776883453130722,0.4251216650009155,0.15960489213466644,0.12366065382957458,0.11046646535396576,0.0972294807434082,0.08623167872428894,0.004880502820014954
590,0.000754295724882796,1.327026605606079,1.327026605606079,0.60869961977005,0.60869961977005,0.60869961977005,False,16384,0.0475244960000083,344748.5271594914,1.5063611268997192,0.373441219329834,0.1695002168416977,0.37636369466781616,0.12540455162525177,0.12412964552640915,0.10816445201635361,0.1003958135843277,0.08792063593864441,0.0057924226857721806
591,0.0007533954749871337,1.304776906967163,1.304776906967163,0.7317063808441162,0.7317063808441162,0.7317063808441162,False,16384,0.04748436600000616,345039.8811263032,1.5101392269134521,0.4887010157108307,0.16417203843593597,0.44709253311157227,0.16031581163406372,0.12481752038002014,0.10973549634218216,0.0956498235464096,0.0849338173866272,0.006018082611262798
592,0.0007524942008914545,1.2921632528305054,1.2921632528305054,0.576001763343811,0.576001763343811,0.576001763343811,False,16384,0.047409715000000574,345583.178468797,1.508143424987793,0.3272116780281067,0.1580139547586441,0.37393516302108765,0.12679404020309448,0.12028156965970993,0.10657955706119537,0.09752284735441208,0.09194128215312958,0.006866638548672199
593,0.0007515919071341338,1.303396463394165,1.303396463394165,0.6933932900428772,0.6933932900428772,0.6933932900428772,False,16384,0.04748039599999743,345068.73110327235,1.5141445398330688,0.4643630385398865,0.16468819975852966,0.4218873381614685,0.13630962371826172,0.1245264783501625,0.10739322006702423,0.0907106027007103,0.07857107371091843,0.005274916533380747
594,0.0007506885982586808,1.302710771560669,1.302710771560669,0.714718222618103,0.714718222618103,0.714718222618103,False,16384,0.047566387000003374,344444.91232850705,1.5130879878997803,0.4466056525707245,0.17322999238967896,0.45104292035102844,0.15756060183048248,0.13239894807338715,0.12029612064361572,0.10264917463064194,0.10246949642896652,0.007373517844825983
595,0.000749784278813717,1.295382022857666,1.295382022857666,0.5993036031723022,0.5993036031723022,0.5993036031723022,False,16384,0.047405304999998066,345615.3272297408,1.5082037448883057,0.2999431788921356,0.16373923420906067,0.4142524302005768,0.1548149585723877,0.12725354731082916,0.11718355119228363,0.09739392250776291,0.08588534593582153,0.005318482406437397
596,0.0007488789533529522,1.2927956581115723,1.2927956581115723,0.6914358139038086,0.6914358139038086,0.6914358139038086,False,16384,0.0473625239999933,345927.5101133191,1.5060791969299316,0.44648507237434387,0.1754848062992096,0.42408114671707153,0.1378757655620575,0.13154631853103638,0.11952316761016846,0.09750063717365265,0.08914347738027573,0.006479399278759956
597,0.0007479726264351618,1.3133764266967773,1.3133764266967773,0.59417325258255,0.59417325258255,0.59417325258255,False,16384,0.047470554999989645,345140.26642417756,1.5101903676986694,0.329769104719162,0.17265444993972778,0.3851819932460785,0.13639068603515625,0.12693016231060028,0.11247910559177399,0.10109882056713104,0.09217759966850281,0.00604765210300684
598,0.0007470653026241649,1.2934904098510742,1.2934904098510742,0.5629278421401978,0.5629278421401978,0.5629278421401978,False,16384,0.04746612599998912,345172.47099550016,1.509035587310791,0.31959232687950134,0.1658645123243332,0.3634122312068939,0.12246033549308777,0.11578814685344696,0.10449369996786118,0.09347562491893768,0.08417180925607681,0.004906890448182821
599,0.0007461569864887996,1.2901713848114014,1.2901713848114014,0.6323153376579285,0.6323153376579285,0.6323153376579285,False,16384,0.04764371800000333,343885.84031159896,1.5098378658294678,0.36768049001693726,0.1653854250907898,0.4168018400669098,0.13513028621673584,0.12413938343524933,0.11091840267181396,0.09968499839305878,0.08730479329824448,0.004976464901119471
600,0.0007452476826029012,1.2648167610168457,1.2648167610168457,0.5804126858711243,0.5804126858711243,0.5804126858711243,False,16384,0.04746654600000966,345169.4167929696,1.509902834892273,0.33311599493026733,0.16615985333919525,0.3698485791683197,0.12434656918048859,0.12367042899131775,0.11210420727729797,0.09785579144954681,0.09259134531021118,0.00654572993516922
601,0.0007443373955452789,1.3088207244873047,1.3088207244873047,0.6205504536628723,0.6205504536628723,0.6205504536628723,False,16384,0.047467955000001893,345159.17106602434,1.5095078945159912,0.35525286197662354,0.1721983253955841,0.4089109003543854,0.13543476164340973,0.1226915568113327,0.1088162511587143,0.09598696976900101,0.08679216355085373,0.005891817156225443
602,0.0007434261298996925,1.3109121322631836,1.3109121322631836,0.5616025924682617,0.5616025924682617,0.5616025924682617,False,16384,0.04740389399999856,345625.61463833536,1.5012239217758179,0.30841973423957825,0.16435196995735168,0.3620106279850006,0.127628356218338,0.12137139588594437,0.11004793643951416,0.1015402302145958,0.09340433776378632,0.006793922744691372
603,0.0007425138902548299,1.328311800956726,1.328311800956726,0.5960302948951721,0.5960302948951721,0.5960302948951721,False,16384,0.04758579700001064,344304.4150336777,1.4951680898666382,0.33603256940841675,0.17104870080947876,0.3890414535999298,0.133283793926239,0.12181945890188217,0.107753224670887,0.09445875883102417,0.09248798340559006,0.005616531707346439
604,0.0007416006812042827,1.3247041702270508,1.3247041702270508,0.5973379015922546,0.5973379015922546,0.5973379015922546,False,16384,0.04742174400000465,345495.5178366783,1.4933693408966064,0.3046889007091522,0.18064752221107483,0.4029996693134308,0.1428864598274231,0.12770462036132812,0.11369065940380096,0.10400461405515671,0.09184030443429947,0.0057218680158257484
605,0.000740686507346525,1.309679388999939,1.309679388999939,0.5615873336791992,0.5615873336791992,0.5615873336791992,False,16384,0.04743160400001045,345423.69682451367,1.488683819770813,0.29698851704597473,0.16839201748371124,0.3734360933303833,0.1255781501531601,0.11953451484441757,0.10870683193206787,0.09764108061790466,0.08901987224817276,0.005826616194099188
606,0.0007397713732848884,1.3055965900421143,1.3055965900421143,0.5718989968299866,0.5718989968299866,0.5718989968299866,False,16384,0.04737368300000355,345846.02594648954,1.491513729095459,0.30150318145751953,0.16219767928123474,0.3793488144874573,0.14325031638145447,0.12491548806428909,0.109559066593647,0.10036705434322357,0.08784542977809906,0.005709453951567411
607,0.0007388552836275401,1.2942668199539185,1.2942668199539185,0.5517925024032593,0.5517925024032593,0.5517925024032593,False,16384,0.04754523600000482,344598.14228282176,1.4917137622833252,0.2987363934516907,0.16347667574882507,0.3583659827709198,0.12523940205574036,0.12255365401506424,0.10821012407541275,0.09879651665687561,0.08871647715568542,0.005969732999801636
608,0.000737938242987459,1.273827075958252,1.273827075958252,0.594242513179779,0.594242513179779,0.594242513179779,False,16384,0.04749382599999308,344971.1547770944,1.493618130683899,0.3110761046409607,0.1712188869714737,0.4081059396266937,0.1343434602022171,0.11900940537452698,0.10495489835739136,0.09647957235574722,0.08902137726545334,0.005420225206762552
609,0.0007370202559824129,1.3278172016143799,1.3278172016143799,0.561826765537262,0.561826765537262,0.561826765537262,False,16384,0.047439964999995254,345362.8180375268,1.4890543222427368,0.299168199300766,0.1666083037853241,0.3625281751155853,0.13413996994495392,0.12601910531520844,0.11693881452083588,0.1041129007935524,0.0923980325460434,0.006063094828277826
610,0.0007361013272349343,1.2894055843353271,1.2894055843353271,0.6687402129173279,0.6687402129173279,0.6687402129173279,False,16384,0.04739443399999743,345694.6020286029,1.4853928089141846,0.3832915723323822,0.17659783363342285,0.441413938999176,0.15439660847187042,0.1302924007177353,0.11568491160869598,0.10399337112903595,0.09600275009870529,0.006282389163970947
611,0.000735181461372299,1.300010085105896,1.300010085105896,0.6801855564117432,0.6801855564117432,0.6801855564117432,False,16384,0.0474451350000038,345325.18455261405,1.4815096855163574,0.41417646408081055,0.17831316590309143,0.4287462830543518,0.1554049700498581,0.12949396669864655,0.11481130123138428,0.10724321752786636,0.09920373558998108,0.0069098277017474174
612,0.0007342606630265008,1.2893314361572266,1.2893314361572266,0.5873423218727112,0.5873423218727112,0.5873423218727112,False,16384,0.04751467600000581,344819.77736727067,1.4732574224472046,0.3564760684967041,0.15830780565738678,0.3699335753917694,0.12474586069583893,0.1156030222773552,0.10271628201007843,0.09491357952356339,0.08639199286699295,0.00593399815261364
613,0.0007333389368342293,1.2833032608032227,1.2833032608032227,0.6942286491394043,0.6942286491394043,0.6942286491394043,False,16384,0.04742569399999752,345466.74214194645,1.4779245853424072,0.41815608739852905,0.16645680367946625,0.4459434449672699,0.16546936333179474,0.12839116156101227,0.11548713594675064,0.11107747256755829,0.10459883511066437,0.006682603619992733
614,0.0007324162874368463,1.3097068071365356,1.3097068071365356,0.5713731646537781,0.5713731646537781,0.5713731646537781,False,16384,0.04746858500000428,345154.5901357397,1.4786255359649658,0.300615519285202,0.1699167788028717,0.3791903853416443,0.129927858710289,0.12673373520374298,0.11065175384283066,0.10182228684425354,0.08861075341701508,0.005861903075128794
615,0.0007314927194803624,1.2605552673339844,1.2605552673339844,0.6290745139122009,0.6290745139122009,0.6290745139122009,False,16384,0.04756093700000008,344484.38221475686,1.4858593940734863,0.34200942516326904,0.15655027329921722,0.4138168394565582,0.16107989847660065,0.1390668749809265,0.11911579221487045,0.11201687157154083,0.1045883446931839,0.0071069286204874516
616,0.0007305682376154135,1.294903039932251,1.294903039932251,0.6500870585441589,0.6500870585441589,0.6500870585441589,False,16384,0.047542266999997196,344619.6623312255,1.4832123517990112,0.3517259955406189,0.1723465770483017,0.443061500787735,0.1552257239818573,0.1277148574590683,0.11276013404130936,0.10330700129270554,0.09520820528268814,0.006107567343860865
617,0.0007296428464972376,1.2892597913742065,1.2892597913742065,0.650611937046051,0.650611937046051,0.650611937046051,False,16384,0.047490385000003243,344996.1502733423,1.4826217889785767,0.38345783948898315,0.1663980931043625,0.408433198928833,0.1557133048772812,0.146086648106575,0.12207735329866409,0.10675062239170074,0.09909184277057648,0.006650710478425026
618,0.0007287165507856513,1.2698006629943848,1.2698006629943848,0.5948414206504822,0.5948414206504822,0.5948414206504822,False,16384,0.04733830299998942,346104.50653466943,1.4857219457626343,0.33489736914634705,0.15532289445400238,0.38652846217155457,0.14687712490558624,0.12547212839126587,0.1110856831073761,0.10311039537191391,0.08846598863601685,0.0060373940505087376
619,0.0007277893551450263,1.2808830738067627,1.2808830738067627,0.5838157534599304,0.5838157534599304,0.5838157534599304,False,16384,0.047540577999996,344631.90582161996,1.4943699836730957,0.30937305092811584,0.15546481311321259,0.39752835035324097,0.14708666503429413,0.11916780471801758,0.10623254626989365,0.09520020335912704,0.08200094103813171,0.004794084932655096
620,0.0007268612642442657,1.3097162246704102,1.3097162246704102,0.5846859812736511,0.5846859812736511,0.5846859812736511,False,16384,0.04742214500001296,345492.5963385992,1.5045751333236694,0.30766594409942627,0.16681168973445892,0.37763193249702454,0.13441556692123413,0.1391811966896057,0.123909130692482,0.11086185276508331,0.10789027065038681,0.006650417111814022
621,0.0007259322827567808,1.2773218154907227,1.2773218154907227,0.5754399299621582,0.5754399299621582,0.5754399299621582,False,16384,0.047469345999999746,345149.0568250106,1.5021919012069702,0.3307211399078369,0.1675606518983841,0.3676184117794037,0.12763793766498566,0.12290234118700027,0.1049310639500618,0.09498655050992966,0.08412148058414459,0.005379682406783104
622,0.0007250024153604678,1.3096834421157837,1.3096834421157837,0.5624658465385437,0.5624658465385437,0.5624658465385437,False,16384,0.04754388700000334,344607.9198362315,1.5000009536743164,0.31058934330940247,0.16229236125946045,0.369021475315094,0.12193436175584793,0.11731461435556412,0.1076989620923996,0.09608758985996246,0.08883024007081985,0.005742110777646303
623,0.000724071666737683,1.281846523284912,1.281846523284912,0.561698317527771,0.561698317527771,0.561698317527771,False,16384,0.047462625999997954,345197.9247840334,1.5014339685440063,0.2890753448009491,0.15036903321743011,0.3778182864189148,0.1358783096075058,0.13143979012966156,0.1121613010764122,0.10135374218225479,0.08923829346895218,0.0052328757010400295
624,0.0007231400415752213,1.2994861602783203,1.2994861602783203,0.5927441716194153,0.5927441716194153,0.5927441716194153,False,16384,0.04746359499999642,345190.8773450733,1.4987335205078125,0.32368573546409607,0.1641818881034851,0.3816112279891968,0.14534181356430054,0.1349760740995407,0.11937973648309708,0.10598558187484741,0.09555689245462418,0.005654096137732267
625,0.0007222075445642905,1.289320945739746,1.289320945739746,0.5955219268798828,0.5955219268798828,0.5955219268798828,False,16384,0.04747458599999277,345110.96105192986,1.4933245182037354,0.3231658935546875,0.16877718269824982,0.3873238265514374,0.13499407470226288,0.1371961534023285,0.11946149170398712,0.1067369133234024,0.09463829547166824,0.006188303232192993
626,0.000721274180400489,1.2707464694976807,1.2707464694976807,0.5567266345024109,0.5567266345024109,0.5567266345024109,False,16384,0.04747580600000845,345102.09263213107,1.4938489198684692,0.28515180945396423,0.1593344360589981,0.37316128611564636,0.13186568021774292,0.12772898375988007,0.10888835787773132,0.10171974450349808,0.08977352827787399,0.0054816086776554585
627,0.0007203399537837816,1.2889587879180908,1.2889587879180908,0.5990634560585022,0.5990634560585022,0.5990634560585022,False,16384,0.04739065500000095,345722.1682207109,1.495539665222168,0.33942827582359314,0.16506095230579376,0.3843020498752594,0.1356532722711563,0.128024622797966,0.11075341701507568,0.10674454271793365,0.10111859440803528,0.007380560971796513
628,0.0007194048694184764,1.2583749294281006,1.2583749294281006,0.5610944628715515,0.5610944628715515,0.5610944628715515,False,16384,0.047421654999993734,345496.1662557362,1.499531865119934,0.30035898089408875,0.17060695588588715,0.36620059609413147,0.12738680839538574,0.12430260330438614,0.10765742510557175,0.0977368950843811,0.0924491360783577,0.005817946046590805
629,0.0007184689320132002,1.2967109680175781,1.2967109680175781,0.6175876259803772,0.6175876259803772,0.6175876259803772,False,16384,0.047412484999995286,345562.9883141883,1.5032590627670288,0.3220047652721405,0.16930869221687317,0.42070865631103516,0.1499989628791809,0.1328614056110382,0.11411093920469284,0.10200931876897812,0.09193851053714752,0.0058678993955254555
630,0.0007175321462808753,1.2620563507080078,1.2620563507080078,0.6020669937133789,0.6020669937133789,0.6020669937133789,False,16384,0.0476923290000002,343535.3303882461,1.5045922994613647,0.35400426387786865,0.1567184180021286,0.38182181119918823,0.1395178735256195,0.1253604143857956,0.11144430190324783,0.10154451429843903,0.09414196759462357,0.0065434216521680355
631,0.0007165945169386964,1.2397854328155518,1.2397854328155518,0.5272195935249329,0.5272195935249329,0.5272195935249329,False,16384,0.0475508480000002,344557.4724555897,1.4962286949157715,0.26787546277046204,0.15573762357234955,0.35954123735427856,0.1267872452735901,0.11213897168636322,0.10082592070102692,0.0871354341506958,0.07902736961841583,0.005024108104407787
632,0.0007156560487081052,1.2627943754196167,1.2627943754196167,0.7751775979995728,0.7751775979995728,0.7751775979995728,False,16384,0.047402325000007295,345637.0547224736,1.4946095943450928,0.48108547925949097,0.16527679562568665,0.4911465644836426,0.21568726003170013,0.1328323781490326,0.11658014357089996,0.10539451986551285,0.10949169844388962,0.007931451313197613
633,0.0007147167463147683,1.3102467060089111,1.3102467060089111,0.7391077280044556,0.7391077280044556,0.7391077280044556,False,16384,0.04749356699998941,344973.0360325147,1.499663233757019,0.4535059332847595,0.17917129397392273,0.46822336316108704,0.17991812527179718,0.13128827512264252,0.11664306372404099,0.11063946783542633,0.11728794127702713,0.008176492527127266
634,0.0007137766144885531,1.296931266784668,1.296931266784668,0.5824615955352783,0.5824615955352783,0.5824615955352783,False,16384,0.04739457499999844,345693.57357884396,1.4908628463745117,0.3014780282974243,0.15897230803966522,0.3842070996761322,0.15146048367023468,0.1374531388282776,0.11804798245429993,0.10377507656812668,0.09435915946960449,0.006586606614291668
635,0.0007128356579635026,1.2921044826507568,1.2921044826507568,0.8289047479629517,0.8289047479629517,0.8289047479629517,False,16384,0.047389585000004786,345729.97421265335,1.4947338104248047,0.4904395341873169,0.17997196316719055,0.5485347509384155,0.2098882794380188,0.13677780330181122,0.12995733320713043,0.12865442037582397,0.13043563067913055,0.007503322791308165
636,0.0007118938814778132,1.2965136766433716,1.2965136766433716,0.6213324069976807,0.6213324069976807,0.6213324069976807,False,16384,0.0473712240000026,345863.9785199365,1.4926851987838745,0.3270983397960663,0.16048182547092438,0.42802223563194275,0.14570608735084534,0.1268630176782608,0.11303123831748962,0.10477427393198013,0.09478448331356049,0.006392328534275293
637,0.0007109512897738102,1.2704557180404663,1.2704557180404663,0.6205158829689026,0.6205158829689026,0.6205158829689026,False,16384,0.047536267000012344,344663.1600246554,1.4986062049865723,0.3555717468261719,0.15583443641662598,0.4008830189704895,0.14869770407676697,0.12119779735803604,0.11113415658473969,0.11032348871231079,0.11068643629550934,0.006607325281947851
638,0.0007100078875979239,1.283109426498413,1.283109426498413,0.6187817454338074,0.6187817454338074,0.6187817454338074,False,16384,0.04747925600000258,345077.0163710887,1.5000461339950562,0.335904985666275,0.16919250786304474,0.4179380536079407,0.13635554909706116,0.12802575528621674,0.11446496099233627,0.1022501066327095,0.09044022113084793,0.006338160019367933
639,0.0007090636797006658,1.2930279970169067,1.2930279970169067,0.6662001609802246,0.6662001609802246,0.6662001609802246,False,16384,0.04744084600000065,345356.4044789542,1.4983904361724854,0.380212664604187,0.17301833629608154,0.43717873096466064,0.16202564537525177,0.12636427581310272,0.1133790835738182,0.10843157023191452,0.10643831640481949,0.006227446254342794
640,0.0007081186708366042,1.2981202602386475,1.2981202602386475,0.6367400288581848,0.6367400288581848,0.6367400288581848,False,16384,0.04738997399999789,345727.13629259914,1.4982506036758423,0.3408999443054199,0.17322082817554474,0.4234587252140045,0.1604551523923874,0.13892926275730133,0.11840016394853592,0.10515958815813065,0.09867364913225174,0.006443428341299295
641,0.0007071728657643413,1.2848691940307617,1.2848691940307617,0.6409634351730347,0.6409634351730347,0.6409634351730347,False,16384,0.04737158399998975,345861.3501293,1.4902616739273071,0.3205374479293823,0.16776646673679352,0.4533347487449646,0.15322032570838928,0.13061830401420593,0.11584146320819855,0.10725750774145126,0.09456074237823486,0.005400823429226875
642,0.0007062262692464884,1.274186611175537,1.274186611175537,0.6609252691268921,0.6609252691268921,0.6609252691268921,False,16384,0.04744339500000194,345337.84945194854,1.4805673360824585,0.3906424045562744,0.1667240411043167,0.4207683205604553,0.15595056116580963,0.13437670469284058,0.11891494691371918,0.10853959619998932,0.10501214116811752,0.00714018102735281
643,0.0007052788860496418,1.2792015075683594,1.2792015075683594,0.54020094871521,0.54020094871521,0.54020094871521,False,16384,0.0473938239999967,345699.0514207324,1.479650616645813,0.2576330602169037,0.16265836358070374,0.37298253178596497,0.12874530255794525,0.12247221171855927,0.10741270333528519,0.09665364772081375,0.08595040440559387,0.005184382200241089
644,0.0007043307209443592,1.2742464542388916,1.2742464542388916,0.6620901823043823,0.6620901823043823,0.6620901823043823,False,16384,0.04743725500000551,345382.5479572563,1.4820042848587036,0.4265773892402649,0.16356870532035828,0.38437291979789734,0.1413719803094864,0.1347476840019226,0.1242145448923111,0.11936827003955841,0.11827360838651657,0.009390836581587791
645,0.0007033817787051363,1.2807416915893555,1.2807416915893555,0.5542941689491272,0.5542941689491272,0.5542941689491272,False,16384,0.04753010599999641,344707.8363343275,1.4698930978775024,0.2911224663257599,0.16226395964622498,0.3630852699279785,0.128073588013649,0.12234174460172653,0.11492986977100372,0.105725958943367,0.0923864096403122,0.006063840817660093
646,0.0007024320641103813,1.2693687677383423,1.2693687677383423,0.571456789970398,0.571456789970398,0.571456789970398,False,16384,0.04748061600000142,345067.13223770115,1.467774748802185,0.2985287606716156,0.1690199375152588,0.3650952875614166,0.13570918142795563,0.1334635466337204,0.12059848010540009,0.1124425157904625,0.11000645905733109,0.007929839193820953
647,0.0007014815819423916,1.2838759422302246,1.2838759422302246,0.6302165389060974,0.6302165389060974,0.6302165389060974,False,16384,0.04756255700000622,344472.64893680665,1.4699163436889648,0.3946572542190552,0.16165156662464142,0.3858662545681,0.13810640573501587,0.12689536809921265,0.10965655744075775,0.10187461972236633,0.09361457079648972,0.007215113379061222
648,0.0007005303369873305,1.2591989040374756,1.2591989040374756,0.6232233643531799,0.6232233643531799,0.6232233643531799,False,16384,0.047392873999996254,345705.9810300024,1.4839966297149658,0.3452216386795044,0.1642538458108902,0.4038802981376648,0.14523421227931976,0.13429301977157593,0.12304391711950302,0.11216545850038528,0.11059454083442688,0.007151126395910978
649,0.0006995783340352015,1.254676342010498,1.254676342010498,0.5522798299789429,0.5522798299789429,0.5522798299789429,False,16384,0.04754150699999116,344625.1714318406,1.4859905242919922,0.29870671033859253,0.15579406917095184,0.36072850227355957,0.1185990422964096,0.12053950875997543,0.11232666671276093,0.10417894273996353,0.0963529497385025,0.0063696145080029964
650,0.0006986255778798253,1.2804210186004639,1.2804210186004639,0.700045108795166,0.700045108795166,0.700045108795166,False,16384,0.047388324000010584,345739.17406313715,1.4910430908203125,0.43022337555885315,0.1758512556552887,0.4395284056663513,0.16227684915065765,0.12742513418197632,0.12198927998542786,0.10952527076005936,0.10659955441951752,0.00710719358175993
651,0.0006976720733188153,1.2876183986663818,1.2876183986663818,0.5807597637176514,0.5807597637176514,0.5807597637176514,False,16384,0.04746976499998823,345146.0103079099,1.4892429113388062,0.3058053255081177,0.1749003827571869,0.382355660200119,0.12915773689746857,0.1272902935743332,0.12017753720283508,0.10186343640089035,0.09614372253417969,0.00566397188231349
652,0.0006967178251535539,1.2925738096237183,1.2925738096237183,0.8420512676239014,0.8420512676239014,0.8420512676239014,False,16384,0.047589887000000886,344274.82460716274,1.495145320892334,0.5711937546730042,0.17071010172367096,0.5093042850494385,0.19230081140995026,0.131421759724617,0.12211011350154877,0.11056691408157349,0.11317471414804459,0.007713650353252888
653,0.0006957628381891673,1.2622978687286377,1.2622978687286377,0.620209813117981,0.620209813117981,0.620209813117981,False,16384,0.04745863500001235,345226.9539567612,1.4821200370788574,0.3641033172607422,0.1670132875442505,0.3898979127407074,0.14275768399238586,0.12632326781749725,0.11624933034181595,0.10956288129091263,0.10133644193410873,0.00713279889896512
654,0.0006948071172345024,1.2363436222076416,1.2363436222076416,0.7299015522003174,0.7299015522003174,0.7299015522003174,False,16384,0.04754781700000876,344579.4367383256,1.4849311113357544,0.44949042797088623,0.16401104629039764,0.46605876088142395,0.18153612315654755,0.13258236646652222,0.11979254335165024,0.10542013496160507,0.10268617421388626,0.007917922921478748
655,0.0006938506671021017,1.2827188968658447,1.2827188968658447,0.6151678562164307,0.6151678562164307,0.6151678562164307,False,16384,0.047476794999994354,345094.90373143234,1.4916579723358154,0.34797346591949463,0.15860550105571747,0.39312830567359924,0.157362163066864,0.12965090572834015,0.12062778323888779,0.10783649235963821,0.09922047704458237,0.006610064767301083
656,0.00069289349260818,1.283527135848999,1.283527135848999,0.6060410737991333,0.6060410737991333,0.6060410737991333,False,16384,0.04744343500000525,345337.55829438125,1.4915441274642944,0.34504422545433044,0.1628376692533493,0.38786107301712036,0.15436507761478424,0.12277287244796753,0.10851503163576126,0.10319292545318604,0.09957580268383026,0.006048591807484627
657,0.0006919355985725993,1.2692841291427612,1.2692841291427612,0.6293133497238159,0.6293133497238159,0.6293133497238159,False,16384,0.0474690750000093,345151.02727400506,1.4854846000671387,0.3697761297225952,0.17305102944374084,0.38416895270347595,0.14526931941509247,0.14280949532985687,0.12202837318181992,0.11056094616651535,0.11442678421735764,0.007913313806056976
658,0.0006909769898188447,1.286778211593628,1.286778211593628,0.6464322805404663,0.6464322805404663,0.6464322805404663,False,16384,0.047434185000000184,345404.901549377,1.483361840248108,0.38029003143310547,0.17230477929115295,0.41089895367622375,0.15154634416103363,0.1311284303665161,0.11724723875522614,0.1052621379494667,0.0985170379281044,0.005807690322399139
659,0.0006900176711740008,1.2268072366714478,1.2268072366714478,0.5810748934745789,0.5810748934745789,0.5810748934745789,False,16384,0.04755106700000056,344555.885570345,1.4864307641983032,0.3141399323940277,0.1522156447172165,0.37884944677352905,0.14348912239074707,0.13804857432842255,0.11702996492385864,0.10413774847984314,0.08966843038797379,0.006325894966721535
660,0.0006890576474687264,1.2594325542449951,1.2594325542449951,0.671902596950531,0.671902596950531,0.671902596950531,False,16384,0.04737385399999994,345844.77758554375,1.494421124458313,0.41838663816452026,0.15951701998710632,0.4081675410270691,0.1551024317741394,0.13625171780586243,0.12341748923063278,0.11172505468130112,0.11808200925588608,0.008959854952991009
661,0.0006880969235372308,1.2589013576507568,1.2589013576507568,0.6752527952194214,0.6752527952194214,0.6752527952194214,False,16384,0.047411255000000097,345571.95332627173,1.4927035570144653,0.37150630354881287,0.17495396733283997,0.45392751693725586,0.17419582605361938,0.13483692705631256,0.11729145795106888,0.10470187664031982,0.08950921893119812,0.005781449843198061
662,0.0006871355042172493,1.2710946798324585,1.2710946798324585,0.5896501541137695,0.5896501541137695,0.5896501541137695,False,16384,0.04750803599999642,344867.971389119,1.4896308183670044,0.33802175521850586,0.16170372068881989,0.3621828854084015,0.14226308465003967,0.1347016990184784,0.12033319473266602,0.10745260864496231,0.10788460075855255,0.007449598517268896
663,0.0006861733943500188,1.2934741973876953,1.2934741973876953,0.5614476799964905,0.5614476799964905,0.5614476799964905,False,16384,0.04745246499999212,345271.84204240434,1.4872944355010986,0.28028327226638794,0.15658339858055115,0.3689136207103729,0.15681158006191254,0.13348107039928436,0.12072644382715225,0.10143153369426727,0.09353707730770111,0.0054481313563883305
664,0.0006852105987802534,1.3065624237060547,1.3065624237060547,0.5958920121192932,0.5958920121192932,0.5958920121192932,False,16384,0.0474325849999957,345416.55277698836,1.4871317148208618,0.34702759981155396,0.16656053066253662,0.3748989701271057,0.14206254482269287,0.1262178122997284,0.11130628734827042,0.09754827618598938,0.09120167791843414,0.005684893578290939
665,0.0006842471223561203,1.2611104249954224,1.2611104249954224,0.5660403370857239,0.5660403370857239,0.5660403370857239,False,16384,0.04742219400000636,345492.23935100524,1.4835209846496582,0.31157928705215454,0.15500183403491974,0.36859604716300964,0.1439005434513092,0.12004697322845459,0.10791302472352982,0.09401846677064896,0.08827721327543259,0.0059275273233652115
666,0.0006832829699292151,1.2574310302734375,1.2574310302734375,0.569238543510437,0.569238543510437,0.569238543510437,False,16384,0.04737233399998786,345855.8744435982,1.4897894859313965,0.308876633644104,0.15924538671970367,0.3694516122341156,0.1290663778781891,0.13017787039279938,0.11463717371225357,0.10265740007162094,0.097232885658741,0.005939552094787359
667,0.0006823181463545368,1.243537187576294,1.243537187576294,0.5879266858100891,0.5879266858100891,0.5879266858100891,False,16384,0.047374884999996425,345837.2511089206,1.483075499534607,0.33527645468711853,0.16467353701591492,0.3753463625907898,0.12851694226264954,0.12667711079120636,0.11378103494644165,0.10515207052230835,0.09296108037233353,0.0060531506314873695
668,0.0006813526564904652,1.2459716796875,1.2459716796875,0.5505287051200867,0.5505287051200867,0.5505287051200867,False,16384,0.0474606350000073,345212.4060286484,1.4720687866210938,0.2853127717971802,0.15928435325622559,0.36453157663345337,0.12870129942893982,0.12539519369602203,0.11470690369606018,0.09949404001235962,0.08970877528190613,0.005597436800599098
669,0.0006803865051987337,1.2229151725769043,1.2229151725769043,0.548542857170105,0.548542857170105,0.548542857170105,False,16384,0.04746907499999509,345151.0272741084,1.4717174768447876,0.2995566427707672,0.15971532464027405,0.35121095180511475,0.13558955490589142,0.1194683164358139,0.10942273586988449,0.09953968226909637,0.08795518428087234,0.005670962855219841
670,0.0006794196973444078,1.2349028587341309,1.2349028587341309,0.552071750164032,0.552071750164032,0.552071750164032,False,16384,0.04744925499998942,345295.20010385104,1.4843504428863525,0.2861482501029968,0.16288137435913086,0.3592751622200012,0.13970321416854858,0.13098029792308807,0.11433565616607666,0.09971650689840317,0.08703015744686127,0.005503158085048199
671,0.0006784522377958583,1.258673906326294,1.258673906326294,0.5713979005813599,0.5713979005813599,0.5713979005813599,False,16384,0.04759014799999761,344272.93649099016,1.4868721961975098,0.2908157706260681,0.1646679937839508,0.37950170040130615,0.147508904337883,0.13184550404548645,0.1167946606874466,0.10131174325942993,0.08779075741767883,0.005500737577676773
672,0.0006774841314247373,1.2523396015167236,1.2523396015167236,0.6159179210662842,0.6159179210662842,0.6159179210662842,False,16384,0.047389004000010004,345734.2129409713,1.4844053983688354,0.32095059752464294,0.1628940850496292,0.4161357283592224,0.1547209769487381,0.13052941858768463,0.11878647655248642,0.10893560945987701,0.09818051010370255,0.007001983001828194
673,0.0006765153831059549,1.2623021602630615,1.2623021602630615,0.567603588104248,0.567603588104248,0.567603588104248,False,16384,0.04745480500000099,345254.8166618672,1.4773709774017334,0.3192623555660248,0.16169868409633636,0.35757285356521606,0.1303710639476776,0.12441451847553253,0.11573784798383713,0.1058788001537323,0.09545076638460159,0.006969546899199486
674,0.0006755459977176532,1.2381038665771484,1.2381038665771484,0.542477548122406,0.542477548122406,0.542477548122406,False,16384,0.04739038399999629,345724.1452190234,1.4732685089111328,0.27522942423820496,0.15473614633083344,0.36911314725875854,0.13565203547477722,0.11343067139387131,0.10347824543714523,0.09412335604429245,0.08645722270011902,0.005751622840762138
675,0.0006745759801411823,1.2486841678619385,1.2486841678619385,0.5406671762466431,0.5406671762466431,0.5406671762466431,False,16384,0.04759303800000225,344252.03114790074,1.4761234521865845,0.26831334829330444,0.158951073884964,0.3639848828315735,0.1256592869758606,0.12063003331422806,0.1128646656870842,0.10111946612596512,0.09601729363203049,0.007332156412303448
676,0.0006736053352610756,1.241392970085144,1.241392970085144,0.6127784848213196,0.6127784848213196,0.6127784848213196,False,16384,0.04744631500000196,345316.59624144307,1.4782975912094116,0.34242188930511475,0.15657146275043488,0.3962004780769348,0.15689419209957123,0.13420499861240387,0.11871451884508133,0.10614781081676483,0.09348920732736588,0.005270492285490036
677,0.0006726340679650257,1.2560499906539917,1.2560499906539917,0.5679296851158142,0.5679296851158142,0.5679296851158142,False,16384,0.04763991899999098,343913.263160735,1.4722086191177368,0.309952974319458,0.16037669777870178,0.37154626846313477,0.1324647068977356,0.12239288538694382,0.1109820082783699,0.10034094005823135,0.08806188404560089,0.006231709849089384
678,0.0006716621831438588,1.2328510284423828,1.2328510284423828,0.6033332943916321,0.6033332943916321,0.6033332943916321,False,16384,0.04757107700000063,344410.9537398067,1.471173644065857,0.33697453141212463,0.16491296887397766,0.3913838863372803,0.15411119163036346,0.12805777788162231,0.109235480427742,0.09851584583520889,0.0909152626991272,0.005402195267379284
679,0.0006706896856915113,1.266654133796692,1.266654133796692,0.5706750750541687,0.5706750750541687,0.5706750750541687,False,16384,0.04746633599999939,345170.94388747873,1.4673038721084595,0.3082375228404999,0.16155028343200684,0.37231647968292236,0.14551424980163574,0.12957844138145447,0.1083659753203392,0.09580672532320023,0.08384029567241669,0.0050347233191132545
680,0.0006697165805050038,1.254672884941101,1.254672884941101,0.6762948036193848,0.6762948036193848,0.6762948036193848,False,16384,0.047400504999998816,345650.3258773384,1.4674348831176758,0.3955129384994507,0.17498494684696198,0.4361993074417114,0.1666204333305359,0.13440118730068207,0.11885394155979156,0.10296078771352768,0.0972747728228569,0.006244444288313389
681,0.0006687428724844179,1.2360289096832275,1.2360289096832275,0.6311953067779541,0.6311953067779541,0.6311953067779541,False,16384,0.04747561599999983,345103.4737495572,1.4640839099884033,0.406789094209671,0.16549687087535858,0.37047630548477173,0.1257959008216858,0.12911967933177948,0.11447694152593613,0.10946924239397049,0.10320524871349335,0.007204791065305471
682,0.0006677685665328701,1.2307913303375244,1.2307913303375244,0.6258046627044678,0.6258046627044678,0.6258046627044678,False,16384,0.047764100999998504,343019.1222483286,1.4646278619766235,0.35883432626724243,0.1644134670495987,0.4075469672679901,0.14999724924564362,0.12423308938741684,0.11174048483371735,0.09926021099090576,0.09714651852846146,0.005839117337018251
683,0.0006667936675564881,1.2533897161483765,1.2533897161483765,0.5420859456062317,0.5420859456062317,0.5420859456062317,False,16384,0.04764199899999255,343898.2482662527,1.4612853527069092,0.2786007523536682,0.1587483286857605,0.3586720824241638,0.12767992913722992,0.12426187098026276,0.11209772527217865,0.10079921782016754,0.08881520479917526,0.0058662970550358295
684,0.0006658181804643862,1.2443151473999023,1.2443151473999023,0.653823733329773,0.653823733329773,0.653823733329773,False,16384,0.04759900800000594,344208.85410044587,1.46128511428833,0.37167659401893616,0.15329813957214355,0.4364702105522156,0.16114923357963562,0.12409517168998718,0.11441272497177124,0.1044757068157196,0.09961177408695221,0.006226257886737585
685,0.0006648421101686392,1.2199933528900146,1.2199933528900146,0.5203151106834412,0.5203151106834412,0.5203151106834412,False,16384,0.04765376900000717,343813.30886959925,1.461537480354309,0.26352453231811523,0.155074805021286,0.34276536107063293,0.12081088870763779,0.12237443774938583,0.110410176217556,0.10063624382019043,0.08844149112701416,0.005965181160718203
686,0.0006638654615842593,1.242743968963623,1.242743968963623,0.6565256714820862,0.6565256714820862,0.6565256714820862,False,16384,0.04748156600000186,345060.2282157113,1.4683258533477783,0.40485668182373047,0.1582707017660141,0.407829612493515,0.15736545622348785,0.12398729473352432,0.11498327553272247,0.10629361122846603,0.10496460646390915,0.008286161348223686
687,0.0006628882396291709,1.25613272190094,1.25613272190094,0.5469942092895508,0.5469942092895508,0.5469942092895508,False,16384,0.04746342599999309,345192.10644428374,1.4625965356826782,0.2661841809749603,0.1527465432882309,0.37345507740974426,0.13286419212818146,0.13035058975219727,0.11324586719274521,0.10107623785734177,0.08852940797805786,0.005075353663414717
688,0.0006619104492241848,1.241464376449585,1.241464376449585,0.647716224193573,0.647716224193573,0.647716224193573,False,16384,0.04746952600001464,345147.7480519807,1.4597164392471313,0.3692876100540161,0.1592404842376709,0.4189514219760895,0.1558205485343933,0.13957369327545166,0.12299545854330063,0.11040210723876953,0.10556787997484207,0.007949014194309711
689,0.0006609320952929747,1.2656466960906982,1.2656466960906982,0.582393229007721,0.582393229007721,0.582393229007721,False,16384,0.04748549699999671,345031.66303600307,1.4592695236206055,0.31712964177131653,0.16368268430233002,0.3736841380596161,0.13393785059452057,0.13257922232151031,0.11557714641094208,0.11251875758171082,0.10293616354465485,0.006914903875440359
690,0.0006599531827620524,1.2652785778045654,1.2652785778045654,0.6570567488670349,0.6570567488670349,0.6570567488670349,False,16384,0.047395015000006424,345690.3642713855,1.466086506843567,0.37944790720939636,0.16289857029914856,0.4273020923137665,0.17010800540447235,0.13127388060092926,0.11580715328454971,0.10064246505498886,0.09421415627002716,0.005812543909996748
691,0.0006589737165607416,1.2253971099853516,1.2253971099853516,0.559374213218689,0.559374213218689,0.559374213218689,False,16384,0.04742035499998565,345505.63782166876,1.4655884504318237,0.2967725396156311,0.16037829220294952,0.36232244968414307,0.13430647552013397,0.12911757826805115,0.11288975924253464,0.10705520957708359,0.09420396387577057,0.0061590285040438175
692,0.0006579937016211547,1.2547956705093384,1.2547956705093384,0.626319408416748,0.626319408416748,0.626319408416748,False,16384,0.047392845000018724,345706.192569649,1.4699429273605347,0.3588133156299591,0.16436578333377838,0.3964225649833679,0.15129761397838593,0.1347740739583969,0.11973371356725693,0.11272332817316055,0.10591769963502884,0.006762312259525061
693,0.000657013142878167,1.2644033432006836,1.2644033432006836,0.6016151309013367,0.6016151309013367,0.6016151309013367,False,16384,0.04746603499998514,345173.1327465024,1.4642513990402222,0.34014055132865906,0.15790550410747528,0.3893190026283264,0.1402185559272766,0.13318215310573578,0.11481411010026932,0.10339085012674332,0.09184477478265762,0.005969688296318054
694,0.0006560320452693923,1.2300053834915161,1.2300053834915161,0.5595636367797852,0.5595636367797852,0.5595636367797852,False,16384,0.04742389500000854,345479.8472372851,1.4589475393295288,0.2997972071170807,0.15906360745429993,0.3582214117050171,0.13643193244934082,0.1319941133260727,0.11268901079893112,0.1046026274561882,0.09943325072526932,0.006758765317499638
695,0.0006550504137351575,1.2366098165512085,1.2366098165512085,0.6043405532836914,0.6043405532836914,0.6043405532836914,False,16384,0.04740182400001913,345640.7078342257,1.4564083814620972,0.3351341784000397,0.16154341399669647,0.3954653739929199,0.13912907242774963,0.13016223907470703,0.11495910584926605,0.10619226843118668,0.09793095290660858,0.006436759140342474
696,0.0006540682532184786,1.2332284450531006,1.2332284450531006,0.575659990310669,0.575659990310669,0.575659990310669,False,16384,0.047391984000000775,345712.4732317544,1.4548379182815552,0.31283578276634216,0.15797419846057892,0.3778739869594574,0.13498875498771667,0.1271803081035614,0.11315910518169403,0.10240646451711655,0.08972877264022827,0.005788568407297134
697,0.0006530855686650347,1.2299294471740723,1.2299294471740723,0.6365151405334473,0.6365151405334473,0.6365151405334473,False,16384,0.04740259400000468,345635.09330308763,1.4593613147735596,0.341338574886322,0.17559538781642914,0.41913190484046936,0.1611890196800232,0.1407957822084427,0.1199704110622406,0.11006175726652145,0.09893510490655899,0.0058462792076170444
698,0.0006521023650231444,1.261303424835205,1.261303424835205,0.6546251773834229,0.6546251773834229,0.6546251773834229,False,16384,0.04755069699999126,344558.56661791966,1.4648208618164062,0.3497314453125,0.1623711735010147,0.4422593116760254,0.16073213517665863,0.14253075420856476,0.12255815416574478,0.11319370567798615,0.10120606422424316,0.006208513863384724
699,0.0006511186472437397,1.2427520751953125,1.2427520751953125,0.6152316331863403,0.6152316331863403,0.6152316331863403,False,16384,0.04745600499998659,345246.08634891687,1.4672486782073975,0.3492121398448944,0.16114895045757294,0.4003875255584717,0.14742910861968994,0.13411757349967957,0.1123034730553627,0.10001087933778763,0.08897636830806732,0.0052740382961928844
700,0.0006501344202803415,1.2119386196136475,1.2119386196136475,0.6340508460998535,0.6340508460998535,0.6340508460998535,False,16384,0.04746337599999606,345192.4700847525,1.472442388534546,0.3263012170791626,0.1637660562992096,0.43192967772483826,0.17864610254764557,0.1374835968017578,0.11164317280054092,0.1019412949681282,0.09197398275136948,0.005814624018967152
701,0.000649149689089035,1.2451038360595703,1.2451038360595703,0.6138278245925903,0.6138278245925903,0.6138278245925903,False,16384,0.047446474999986776,345315.43175767147,1.485770344734192,0.35201093554496765,0.16354365646839142,0.3903540372848511,0.1389690786600113,0.13461287319660187,0.1210014820098877,0.10801006853580475,0.09985020756721497,0.0062869698740541935
702,0.0006481644586284443,1.2344436645507812,1.2344436645507812,0.5911924242973328,0.5911924242973328,0.5911924242973328,False,16384,0.04735490299998446,345983.18150932284,1.4909553527832031,0.29453518986701965,0.16691014170646667,0.3899402618408203,0.15399880707263947,0.1467135101556778,0.1263658106327057,0.11046146601438522,0.09697584062814713,0.005497868172824383
703,0.0006471787338597073,1.2369649410247803,1.2369649410247803,0.5866340398788452,0.5866340398788452,0.5866340398788452,False,16384,0.04740524400000368,345615.77195971675,1.478026270866394,0.3076896369457245,0.16851593554019928,0.3839273452758789,0.1484920233488083,0.13313888013362885,0.11919037252664566,0.1055116131901741,0.09235944598913193,0.0048601627349853516
704,0.0006461925197464516,1.2400027513504028,1.2400027513504028,0.6241191029548645,0.6241191029548645,0.6241191029548645,False,16384,0.04748583599999279,345029.1998650395,1.4709278345108032,0.3358708322048187,0.15348780155181885,0.4187573492527008,0.15368837118148804,0.12812112271785736,0.11978089064359665,0.1130969226360321,0.10287535190582275,0.006510488223284483
705,0.0006452058212547683,1.225754976272583,1.225754976272583,0.5812076330184937,0.5812076330184937,0.5812076330184937,False,16384,0.047418045000000575,345522.46934684465,1.4703173637390137,0.3186596632003784,0.15882596373558044,0.3736758232116699,0.1372511237859726,0.12538005411624908,0.11735337972640991,0.1094181090593338,0.10518994182348251,0.0056539964862167835
706,0.000644218643353188,1.2614270448684692,1.2614270448684692,0.6030553579330444,0.6030553579330444,0.6030553579330444,False,16384,0.0473902740000085,345724.94769701187,1.4744324684143066,0.3447731137275696,0.15929646790027618,0.3912479877471924,0.13820375502109528,0.12145990133285522,0.11399859189987183,0.10383567959070206,0.09321703016757965,0.006096763536334038
707,0.0006432309910126555,1.250913143157959,1.250913143157959,0.5977372527122498,0.5977372527122498,0.5977372527122498,False,16384,0.04743668599999751,345386.69079878094,1.47787606716156,0.3162609934806824,0.16080385446548462,0.39863529801368713,0.1420358270406723,0.13280972838401794,0.11740367859601974,0.10845735669136047,0.09547746926546097,0.005064843688160181
708,0.0006422428692065038,1.2467563152313232,1.2467563152313232,0.8366995453834534,0.8366995453834534,0.8366995453834534,False,16384,0.04743395499997405,345406.5763651579,1.4786596298217773,0.4857267737388611,0.1757284253835678,0.5676275491714478,0.22745797038078308,0.14432455599308014,0.12526610493659973,0.11324767768383026,0.09965773671865463,0.006253478117287159
709,0.0006412542829104306,1.2222647666931152,1.2222647666931152,0.5638126134872437,0.5638126134872437,0.5638126134872437,False,16384,0.047453305000004775,345265.73017408064,1.4714916944503784,0.2951505780220032,0.15486785769462585,0.36641010642051697,0.1449313461780548,0.12952324748039246,0.11723241955041885,0.10509146749973297,0.09961578249931335,0.006168800871819258
710,0.0006402652371024729,1.2184743881225586,1.2184743881225586,0.6159637570381165,0.6159637570381165,0.6159637570381165,False,16384,0.047452875000004724,345268.85884150054,1.47102952003479,0.3313961327075958,0.16934408247470856,0.4064117670059204,0.16149593889713287,0.1310027688741684,0.11771650612354279,0.10261206328868866,0.08989010751247406,0.005540434271097183
711,0.0006392757367629805,1.1959576606750488,1.1959576606750488,0.5166314840316772,0.5166314840316772,0.5166314840316772,False,16384,0.04752538600001799,344742.07111108577,1.472223162651062,0.24392294883728027,0.15592414140701294,0.35559314489364624,0.120516337454319,0.1186632290482521,0.10672084987163544,0.09786403179168701,0.08397682011127472,0.005189560819417238
712,0.0006382857868745929,1.2569847106933594,1.2569847106933594,0.7138302326202393,0.7138302326202393,0.7138302326202393,False,16384,0.04740016400000968,345652.8125091857,1.4798245429992676,0.3967994153499603,0.17763638496398926,0.46767887473106384,0.19228434562683105,0.14860698580741882,0.13332395255565643,0.11708999425172806,0.10604336112737656,0.006145189516246319
713,0.000637295392422213,1.2241830825805664,1.2241830825805664,0.5408414602279663,0.5408414602279663,0.5408414602279663,False,16384,0.04739116499999341,345718.4477318141,1.4749815464019775,0.26706281304359436,0.16336321830749512,0.35818788409233093,0.13080759346485138,0.12605492770671844,0.11829440295696259,0.10340014100074768,0.09210795909166336,0.005599584896117449
714,0.000636304558392982,1.2389600276947021,1.2389600276947021,0.6022968292236328,0.6022968292236328,0.6022968292236328,False,16384,0.04751469600000746,344819.6322248895,1.4728291034698486,0.32106679677963257,0.165780708193779,0.397146612405777,0.14861328899860382,0.1329176276922226,0.11751355975866318,0.10582194477319717,0.09831146150827408,0.006556469015777111
715,0.0006353132897762554,1.2347588539123535,1.2347588539123535,0.5284719467163086,0.5284719467163086,0.5284719467163086,False,16384,0.04741775399998005,345524.5897983041,1.4706429243087769,0.25297582149505615,0.1594250202178955,0.35344958305358887,0.13181160390377045,0.12760162353515625,0.11465242505073547,0.10193116962909698,0.0878642201423645,0.005578747484833002
716,0.0006343215915635762,1.1988223791122437,1.1988223791122437,0.5773038268089294,0.5773038268089294,0.5773038268089294,False,16384,0.04737420399999337,345842.2224888949,1.4704285860061646,0.2939891219139099,0.1580360382795334,0.3883391320705414,0.14435704052448273,0.12806934118270874,0.11740189790725708,0.10680030286312103,0.09273362904787064,0.006138711702078581
717,0.000633329468748651,1.2346359491348267,1.2346359491348267,0.542682945728302,0.542682945728302,0.542682945728302,False,16384,0.04745161499999995,345278.02689118206,1.467399001121521,0.2741137742996216,0.15442617237567902,0.3570490777492523,0.13177169859409332,0.13056111335754395,0.11746301501989365,0.10569408535957336,0.09288416802883148,0.00535573810338974
718,0.0006323369263273246,1.217578649520874,1.217578649520874,0.5933170318603516,0.5933170318603516,0.5933170318603516,False,16384,0.04750164600000062,344914.3635991011,1.4631483554840088,0.2922801971435547,0.16279222071170807,0.4055883288383484,0.16223885118961334,0.12952345609664917,0.1160929948091507,0.10241791605949402,0.0921986773610115,0.005368614103645086
719,0.0006313439692975548,1.205889344215393,1.205889344215393,0.5857267379760742,0.5857267379760742,0.5857267379760742,False,16384,0.04758834699998715,344285.96563785715,1.459621787071228,0.2953866720199585,0.15579067170619965,0.3975103497505188,0.15995533764362335,0.12632882595062256,0.11414787173271179,0.10315385460853577,0.09107320755720139,0.005281383637338877
720,0.0006303506026593865,1.1747443675994873,1.1747443675994873,0.5574977397918701,0.5574977397918701,0.5574977397918701,False,16384,0.04740516399999706,345616.35521398083,1.4628616571426392,0.31459009647369385,0.14906175434589386,0.3583008348941803,0.12385239452123642,0.12083059549331665,0.10896196216344833,0.10462667793035507,0.09189203381538391,0.005906449165195227
721,0.0006293568314149281,1.2072787284851074,1.2072787284851074,0.6084595918655396,0.6084595918655396,0.6084595918655396,False,16384,0.04739182399998754,345713.64039510925,1.4695965051651,0.3479327857494354,0.15601712465286255,0.39028942584991455,0.1480313241481781,0.1275593489408493,0.1164017915725708,0.10502716153860092,0.09841348975896835,0.006978977937251329
722,0.0006283626605683249,1.2427743673324585,1.2427743673324585,0.6142790913581848,0.6142790913581848,0.6142790913581848,False,16384,0.04749118500001259,344990.3387332966,1.4720159769058228,0.3173816502094269,0.1733645498752594,0.4071941375732422,0.14966778457164764,0.14031130075454712,0.12762369215488434,0.11148400604724884,0.09951820224523544,0.00610310398042202
723,0.0006273680951257343,1.2344467639923096,1.2344467639923096,0.5825420022010803,0.5825420022010803,0.5825420022010803,False,16384,0.0474783049999985,345083.92833317275,1.4682388305664062,0.32287079095840454,0.15170800685882568,0.36937788128852844,0.1415375918149948,0.13497400283813477,0.12427504360675812,0.10691758245229721,0.10237082839012146,0.00692720478400588
724,0.000626373140095301,1.2518141269683838,1.2518141269683838,0.5655455589294434,0.5655455589294434,0.5655455589294434,False,16384,0.04740465399999039,345620.07350593305,1.4709779024124146,0.2924468219280243,0.1690903604030609,0.36781272292137146,0.13616366684436798,0.13881681859493256,0.12128626555204391,0.1035078689455986,0.08476702123880386,0.004304343834519386
725,0.0006253778004871314,1.2248692512512207,1.2248692512512207,0.5565901398658752,0.5565901398658752,0.5565901398658752,False,16384,0.047458976000001485,345224.47344838385,1.4730525016784668,0.28532955050468445,0.15263468027114868,0.3691640794277191,0.1370895951986313,0.13319486379623413,0.11729683727025986,0.10230150073766708,0.08947554230690002,0.005976011976599693
726,0.0006243820813132683,1.2027722597122192,1.2027722597122192,0.5477094054222107,0.5477094054222107,0.5477094054222107,False,16384,0.04737068400001476,345867.9211808488,1.4750769138336182,0.27929699420928955,0.15586379170417786,0.3638470768928528,0.13280116021633148,0.12560568749904633,0.11341456323862076,0.1010112464427948,0.09371745586395264,0.00620611198246479
727,0.0006233859875876659,1.2379074096679688,1.2379074096679688,0.5878649950027466,0.5878649950027466,0.5878649950027466,False,16384,0.04739800499999092,345668.55714714446,1.475437879562378,0.31316232681274414,0.1579989492893219,0.3808378279209137,0.14279936254024506,0.13828612864017487,0.12409742921590805,0.11198725551366806,0.10009542107582092,0.006192718166857958
728,0.0006223895243261643,1.2115191221237183,1.2115191221237183,0.5679112672805786,0.5679112672805786,0.5679112672805786,False,16384,0.047458704999996826,345226.4447586822,1.4714767932891846,0.30500495433807373,0.1660439372062683,0.37035417556762695,0.13320201635360718,0.12568412721157074,0.11346199363470078,0.10246602445840836,0.08845975995063782,0.005006840452551842
729,0.0006213926965464648,1.2348569631576538,1.2348569631576538,0.5547302961349487,0.5547302961349487,0.5547302961349487,False,16384,0.047436605000001464,345387.2805610666,1.4719443321228027,0.2724599242210388,0.16778185963630676,0.36631035804748535,0.13254766166210175,0.13397903740406036,0.12084643542766571,0.10874027013778687,0.09579300880432129,0.005775929428637028
730,0.000620395509268104,1.234707236289978,1.234707236289978,0.5812896490097046,0.5812896490097046,0.5812896490097046,False,16384,0.047527486000007,344726.8386970349,1.4734492301940918,0.3235146105289459,0.16205967962741852,0.3704918324947357,0.1352735012769699,0.12950369715690613,0.11979994177818298,0.10646755993366241,0.09443061053752899,0.00580871757119894
731,0.0006193979675124285,1.1857750415802002,1.1857750415802002,0.5606860518455505,0.5606860518455505,0.5606860518455505,False,16384,0.0476527479999902,343820.6753575548,1.4717639684677124,0.26302608847618103,0.15984614193439484,0.38711681962013245,0.14391019940376282,0.13105109333992004,0.11706884205341339,0.10231310874223709,0.08770937472581863,0.00503549724817276
732,0.0006184000763025703,1.246566653251648,1.246566653251648,0.6254362463951111,0.6254362463951111,0.6254362463951111,False,16384,0.047401414000006525,345643.69746433606,1.4681074619293213,0.3451482653617859,0.16421790421009064,0.4092738628387451,0.14737677574157715,0.1385694444179535,0.1214960440993309,0.10771393775939941,0.10120547562837601,0.00655959639698267
733,0.0006174018406634208,1.2135791778564453,1.2135791778564453,0.5651013851165771,0.5651013851165771,0.5651013851165771,False,16384,0.04752693700001487,344730.8207552882,1.4614646434783936,0.2962316572666168,0.16356392204761505,0.3719490170478821,0.13928958773612976,0.12608197331428528,0.11279167979955673,0.10346551984548569,0.08793594688177109,0.0053990003652870655
734,0.000616403265621606,1.206307053565979,1.206307053565979,0.602394163608551,0.602394163608551,0.602394163608551,False,16384,0.0476040079999791,344172.7007525751,1.464202642440796,0.3283076882362366,0.15657943487167358,0.397345632314682,0.14966025948524475,0.13132253289222717,0.1154385581612587,0.10271883010864258,0.09554700553417206,0.006470610853284597
735,0.0006154043562054608,1.1861233711242676,1.1861233711242676,0.5743838548660278,0.5743838548660278,0.5743838548660278,False,16384,0.04739839499998766,345665.7129424797,1.460408329963684,0.2988741099834442,0.15956710278987885,0.38065528869628906,0.14032018184661865,0.13352850079536438,0.11482702940702438,0.10344688594341278,0.09375017881393433,0.005977916065603495
736,0.0006144051174450039,1.2023403644561768,1.2023403644561768,0.5935758352279663,0.5935758352279663,0.5935758352279663,False,16384,0.04763528899999869,343946.69044624566,1.4639368057250977,0.2903998792171478,0.15576240420341492,0.40599268674850464,0.16504354774951935,0.13324858248233795,0.1169586256146431,0.10744395852088928,0.09303607046604156,0.005869884043931961
737,0.0006134055543719122,1.2167038917541504,1.2167038917541504,0.5500882267951965,0.5500882267951965,0.5500882267951965,False,16384,0.04759912699998381,344207.99356268806,1.4624489545822144,0.25341886281967163,0.16691407561302185,0.373834490776062,0.13975688815116882,0.13526380062103271,0.11668180674314499,0.10780954360961914,0.08762825280427933,0.004345090594142675
738,0.0006124056720194963,1.217231273651123,1.217231273651123,0.6130417585372925,0.6130417585372925,0.6130417585372925,False,16384,0.0475306259999968,344704.0651221615,1.4594988822937012,0.31920579075813293,0.1679305136203766,0.40309152007102966,0.16630791127681732,0.13964417576789856,0.12112659960985184,0.10724969208240509,0.09938684850931168,0.00580803444609046
739,0.0006114054754226739,1.219926118850708,1.219926118850708,0.5719850659370422,0.5719850659370422,0.5719850659370422,False,16384,0.04743770600001085,345379.2643344991,1.45167076587677,0.2610243856906891,0.1640847772359848,0.39787107706069946,0.15146484971046448,0.1402439922094345,0.11713264137506485,0.10049685835838318,0.08575483411550522,0.004940485116094351
740,0.000610404969617945,1.219629168510437,1.219629168510437,0.6549128890037537,0.6549128890037537,0.6549128890037537,False,16384,0.04750594600000113,344883.14368057443,1.4508280754089355,0.40568432211875916,0.1633545309305191,0.4055740535259247,0.14397719502449036,0.14156804978847504,0.11697957664728165,0.10060205310583115,0.09244836121797562,0.005786183290183544
741,0.0006094041596433674,1.2278492450714111,1.2278492450714111,0.5813892483711243,0.5813892483711243,0.5813892483711243,False,16384,0.047458905000013374,345224.9899148618,1.4575161933898926,0.2937435209751129,0.161015123128891,0.38973286747932434,0.14706026017665863,0.1407334953546524,0.11625805497169495,0.10155419260263443,0.09281674027442932,0.00581715302541852
742,0.0006084030505385299,1.2253227233886719,1.2253227233886719,0.6029998064041138,0.6029998064041138,0.6029998064041138,False,16384,0.04746720500000379,345164.6247129717,1.465123176574707,0.33497464656829834,0.1510559320449829,0.3923049569129944,0.1414322406053543,0.13707038760185242,0.12020900100469589,0.10716230422258377,0.0995720624923706,0.006306665949523449
743,0.0006074016473445276,1.1960115432739258,1.1960115432739258,0.6136030554771423,0.6136030554771423,0.6136030554771423,False,16384,0.04747500600001331,345107.907937819,1.4659725427627563,0.34371161460876465,0.16119299829006195,0.4020472466945648,0.13809321820735931,0.13276049494743347,0.11692707985639572,0.10685048252344131,0.09448827803134918,0.005811013747006655
744,0.000606399955103937,1.2136270999908447,1.2136270999908447,0.5855574011802673,0.5855574011802673,0.5855574011802673,False,16384,0.04738507400000458,345762.88727539853,1.4674805402755737,0.2894533574581146,0.16069915890693665,0.40221869945526123,0.14129415154457092,0.1362927258014679,0.11822395026683807,0.10663547366857529,0.08707301318645477,0.0045439512468874454
745,0.0006053979788607893,1.2171270847320557,1.2171270847320557,0.5818603038787842,0.5818603038787842,0.5818603038787842,False,16384,0.047370784000008825,345867.19105170283,1.4690417051315308,0.2866530418395996,0.16033804416656494,0.39270198345184326,0.16130514442920685,0.13468720018863678,0.116732656955719,0.10357549786567688,0.08903926610946655,0.005090845748782158
746,0.0006043957236605466,1.1936689615249634,1.1936689615249634,0.5648320913314819,0.5648320913314819,0.5648320913314819,False,16384,0.047485866000016586,345028.98188682663,1.467143177986145,0.2897557020187378,0.15578223764896393,0.378908634185791,0.13511474430561066,0.13004177808761597,0.11354213207960129,0.10411753505468369,0.0911736786365509,0.005025669001042843
747,0.000603393194550075,1.2337360382080078,1.2337360382080078,0.6299501657485962,0.6299501657485962,0.6299501657485962,False,16384,0.04740025399999581,345652.15620999516,1.4657012224197388,0.3484478294849396,0.1622142493724823,0.41226255893707275,0.1650540679693222,0.13693825900554657,0.11830096691846848,0.1031288430094719,0.09215077012777328,0.005482001230120659
748,0.0006023903965776203,1.2432825565338135,1.2432825565338135,0.5986858010292053,0.5986858010292053,0.5986858010292053,False,16384,0.04744159500000933,345350.95204949955,1.461372971534729,0.2985256016254425,0.16200751066207886,0.4062367081642151,0.15353013575077057,0.13551662862300873,0.12087679654359818,0.10907164961099625,0.09775441139936447,0.005700424779206514
749,0.0006013873347927822,1.2109010219573975,1.2109010219573975,0.5786681175231934,0.5786681175231934,0.5786681175231934,False,16384,0.0475650870000095,344454.32634227554,1.454529047012329,0.31009823083877563,0.15928232669830322,0.38107481598854065,0.1443699300289154,0.12681418657302856,0.1122521162033081,0.10194794088602066,0.09032884240150452,0.0054094670340418816
750,0.0006003840142464886,1.2063229084014893,1.2063229084014893,0.6822156310081482,0.6822156310081482,0.6822156310081482,False,16384,0.047502775999987534,344906.15874752874,1.4539227485656738,0.3236578702926636,0.15803825855255127,0.4911768138408661,0.19184154272079468,0.140480637550354,0.12265562266111374,0.11161002516746521,0.10174187272787094,0.006510877516120672
751,0.0005993804399909704,1.1902092695236206,1.1902092695236206,0.5594552755355835,0.5594552755355835,0.5594552755355835,False,16384,0.04765378900000883,343813.1645732717,1.4570263624191284,0.26923102140426636,0.16797159612178802,0.37781354784965515,0.14009030163288116,0.13218343257904053,0.11561122536659241,0.10531122982501984,0.08926232904195786,0.005038239527493715
752,0.0005983766170797363,1.1991411447525024,1.1991411447525024,0.6046687364578247,0.6046687364578247,0.6046687364578247,False,16384,0.04753609699997696,344664.3926195274,1.4655998945236206,0.2885000705718994,0.17080366611480713,0.41073209047317505,0.16748526692390442,0.13991303741931915,0.12405560910701752,0.11055059731006622,0.09618669003248215,0.005212018731981516
753,0.0005973725505675467,1.2002569437026978,1.2002569437026978,0.6197600960731506,0.6197600960731506,0.6197600960731506,False,16384,0.047472575999989886,345125.57313096913,1.4609589576721191,0.3405478894710541,0.17099934816360474,0.40224021673202515,0.14781364798545837,0.13686718046665192,0.12108837813138962,0.10901133716106415,0.09960232675075531,0.006611131131649017
754,0.0005963682455103892,1.1935954093933105,1.1935954093933105,0.55382239818573,0.55382239818573,0.55382239818573,False,16384,0.0474071050000191,345602.2045639235,1.4575098752975464,0.2660054564476013,0.1611403524875641,0.373224139213562,0.13979697227478027,0.1368023008108139,0.1195191890001297,0.10206637531518936,0.08784038573503494,0.004632929805666208
755,0.000595363706965452,1.1727733612060547,1.1727733612060547,0.5660310983657837,0.5660310983657837,0.5660310983657837,False,16384,0.04744516499999918,345324.96620046074,1.4584413766860962,0.28314539790153503,0.16016750037670135,0.3787461221218109,0.1385829895734787,0.1306709349155426,0.11880134791135788,0.10580597817897797,0.09742805361747742,0.00605111476033926
756,0.0005943589399910996,1.2262418270111084,1.2262418270111084,0.5720595717430115,0.5720595717430115,0.5720595717430115,False,16384,0.04737820500000112,345813.0167658233,1.4607189893722534,0.3129943907260895,0.16204608976840973,0.3638089597225189,0.13175147771835327,0.13321518898010254,0.11578521877527237,0.1113598644733429,0.09860337525606155,0.006011861376464367
757,0.0005933539496468463,1.2167075872421265,1.2167075872421265,0.5726070404052734,0.5726070404052734,0.5726070404052734,False,16384,0.04746263500001646,345197.8593264853,1.4634649753570557,0.29152750968933105,0.16290244460105896,0.3764023780822754,0.13831910490989685,0.13584983348846436,0.1231863722205162,0.11300002783536911,0.09548648446798325,0.005067767109721899
758,0.0005923487409933316,1.1951390504837036,1.1951390504837036,0.5611512660980225,0.5611512660980225,0.5611512660980225,False,16384,0.04754040700001383,344633.1454418393,1.4669902324676514,0.2790203392505646,0.16103388369083405,0.3733491003513336,0.14032064378261566,0.13803239166736603,0.11624452471733093,0.10351007431745529,0.09335407614707947,0.005659108981490135
759,0.0005913433190922936,1.177857756614685,1.177857756614685,0.5625655651092529,0.5625655651092529,0.5625655651092529,False,16384,0.047436914999991586,345385.02345700405,1.4674086570739746,0.27764448523521423,0.16072764992713928,0.3798312246799469,0.1390661597251892,0.13293738663196564,0.11617281287908554,0.10429705679416656,0.08874449878931046,0.005203424487262964
760,0.0005903376890065451,1.1660869121551514,1.1660869121551514,0.5723842978477478,0.5723842978477478,0.5723842978477478,False,16384,0.04784162100000344,342463.3124366505,1.4683457612991333,0.2688666880130768,0.15844368934631348,0.4016474485397339,0.13918277621269226,0.13387052714824677,0.11514558643102646,0.10224631428718567,0.08876024931669235,0.005004361271858215
761,0.0005893318557999468,1.2182488441467285,1.2182488441467285,0.6838595867156982,0.6838595867156982,0.6838595867156982,False,16384,0.04746374500001593,345189.7864358259,1.4744573831558228,0.3754688501358032,0.16826824843883514,0.45343315601348877,0.19158197939395905,0.1373487263917923,0.12391874194145203,0.11028097569942474,0.09826004505157471,0.005488691385835409
762,0.0005883258245373817,1.2023978233337402,1.2023978233337402,0.5583024621009827,0.5583024621009827,0.5583024621009827,False,16384,0.047394994000001134,345690.5174415595,1.4662116765975952,0.2893962860107422,0.15900732576847076,0.3652147352695465,0.1363133192062378,0.12843726575374603,0.11876130849123001,0.10732396692037582,0.0924990177154541,0.005482562351971865
763,0.0005873196002847312,1.199718952178955,1.199718952178955,0.6244745254516602,0.6244745254516602,0.6244745254516602,False,16384,0.04756389700000341,344462.94423686154,1.4633440971374512,0.3298439383506775,0.16197077929973602,0.4149446189403534,0.17321527004241943,0.13174770772457123,0.11851907521486282,0.10634759068489075,0.10001049190759659,0.0061799208633601665
764,0.0005863131881088478,1.206573486328125,1.206573486328125,0.6800212264060974,0.6800212264060974,0.6800212264060974,False,16384,0.04748402600000645,345042.35171629663,1.4666354656219482,0.3798857629299164,0.16961148381233215,0.4489002823829651,0.17669418454170227,0.14113947749137878,0.12478472292423248,0.10878010839223862,0.09620886296033859,0.005871225148439407
765,0.0005853065930775303,1.1609792709350586,1.1609792709350586,0.5859436392784119,0.5859436392784119,0.5859436392784119,False,16384,0.04747000599999751,345144.25803950516,1.4626439809799194,0.32666534185409546,0.16564054787158966,0.37267354130744934,0.1393030732870102,0.13205087184906006,0.11671211570501328,0.10647024214267731,0.09200230240821838,0.005701237358152866
766,0.0005842998202594983,1.1891497373580933,1.1891497373580933,0.604992687702179,0.604992687702179,0.604992687702179,False,16384,0.04743013500001325,345434.3952425061,1.462424635887146,0.3128562569618225,0.1681092381477356,0.3922067880630493,0.15767499804496765,0.15402784943580627,0.12391767650842667,0.11052022874355316,0.09931182116270065,0.005573985632508993
767,0.000583292874724367,1.250328779220581,1.250328779220581,0.6412217020988464,0.6412217020988464,0.6412217020988464,False,16384,0.047536966999985,344658.0847281479,1.461812138557434,0.33638113737106323,0.16373507678508759,0.41789230704307556,0.17376315593719482,0.15279534459114075,0.1337912678718567,0.1180969700217247,0.10561196506023407,0.005371491890400648
768,0.0005822857615426206,1.1566824913024902,1.1566824913024902,0.6491719484329224,0.6491719484329224,0.6491719484329224,False,16384,0.04747803600000111,345085.8835019969,1.4590661525726318,0.37830469012260437,0.15680938959121704,0.4102633595466614,0.16131365299224854,0.14676153659820557,0.12267591804265976,0.11051750183105469,0.10270638018846512,0.005608356557786465
769,0.0005812784857855886,1.1932520866394043,1.1932520866394043,0.5758129358291626,0.5758129358291626,0.5758129358291626,False,16384,0.04738893399999711,345734.7236382443,1.455515742301941,0.32295554876327515,0.16643841564655304,0.35661181807518005,0.1341414451599121,0.133192241191864,0.11746054887771606,0.1119687482714653,0.10135039687156677,0.006822273135185242
770,0.0005802710525254179,1.1899491548538208,1.1899491548538208,0.5961937308311462,0.5961937308311462,0.5961937308311462,False,16384,0.04746809600001711,345158.14579953015,1.4521489143371582,0.32418593764305115,0.16034182906150818,0.38750186562538147,0.14474312961101532,0.13104140758514404,0.11759801208972931,0.11157499998807907,0.10021335631608963,0.006313277408480644
771,0.0005792634668350494,1.1857819557189941,1.1857819557189941,0.5761331915855408,0.5761331915855408,0.5761331915855408,False,16384,0.04741591499998776,345537.9907780801,1.4523204565048218,0.299238920211792,0.15897539258003235,0.3830733597278595,0.13655172288417816,0.13378280401229858,0.11726561933755875,0.10761412978172302,0.09200602769851685,0.005080668721348047
772,0.0005782557337881911,1.1810535192489624,1.1810535192489624,0.5966615676879883,0.5966615676879883,0.5966615676879883,False,16384,0.04738558400001125,345759.16590995505,1.4592474699020386,0.31503671407699585,0.1507425159215927,0.3954630196094513,0.14911144971847534,0.13905827701091766,0.11947371065616608,0.10717462003231049,0.10134286433458328,0.0063567254692316055
773,0.0005772478584592933,1.1864104270935059,1.1864104270935059,0.5881883502006531,0.5881883502006531,0.5881883502006531,False,16384,0.04740586500000177,345611.2445158292,1.4621413946151733,0.30079185962677,0.161214679479599,0.3847518861293793,0.14521832764148712,0.14346782863140106,0.12935250997543335,0.11201612651348114,0.10232088714838028,0.006710835266858339
774,0.0005762398459235225,1.2044117450714111,1.2044117450714111,0.6774567365646362,0.6774567365646362,0.6774567365646362,False,16384,0.04740096399999061,345646.97882522485,1.4587281942367554,0.3956786096096039,0.17094014585018158,0.4194001257419586,0.17808771133422852,0.14905284345149994,0.1307118684053421,0.11920011788606644,0.10950802266597748,0.007131373975425959
775,0.0005752317012567363,1.1793665885925293,1.1793665885925293,0.5661036372184753,0.5661036372184753,0.5661036372184753,False,16384,0.04752284599999257,344760.496877703,1.4532444477081299,0.27783945202827454,0.15309341251850128,0.3773277699947357,0.1422835886478424,0.1396917700767517,0.12269292026758194,0.1114858016371727,0.1009194478392601,0.006239981856197119
776,0.0005742234295354578,1.1640833616256714,1.1640833616256714,0.5907855033874512,0.5907855033874512,0.5907855033874512,False,16384,0.04747147500000892,345133.5775852113,1.4562104940414429,0.30167341232299805,0.1512533724308014,0.3903740346431732,0.15413586795330048,0.1420464813709259,0.12743662297725677,0.10832521319389343,0.10393859446048737,0.006205524783581495
777,0.0005732150358368492,1.1749749183654785,1.1749749183654785,0.566280722618103,0.566280722618103,0.566280722618103,False,16384,0.047410634000016216,345576.4797406927,1.4608439207077026,0.3047107756137848,0.15897291898727417,0.36498913168907166,0.13464723527431488,0.131182461977005,0.11818268895149231,0.10504547506570816,0.09468229860067368,0.0055347103625535965
778,0.0005722065252386881,1.170158863067627,1.170158863067627,0.6076836585998535,0.6076836585998535,0.6076836585998535,False,16384,0.04740140399999859,345643.7703828453,1.466718077659607,0.32321181893348694,0.15962551534175873,0.3980686664581299,0.14528585970401764,0.1415683925151825,0.12494956701993942,0.11683602631092072,0.10206896811723709,0.006623680703341961
779,0.0005711979028193392,1.2059826850891113,1.2059826850891113,0.595384955406189,0.595384955406189,0.595384955406189,False,16384,0.04746272500000259,345197.20475381694,1.4686049222946167,0.3112621605396271,0.16118386387825012,0.3822343945503235,0.14806154370307922,0.14328989386558533,0.12785056233406067,0.1202961727976799,0.11045791953802109,0.006606473587453365
780,0.0005701891736577318,1.1606097221374512,1.1606097221374512,0.5586549043655396,0.5586549043655396,0.5586549043655396,False,16384,0.047448424999998906,345301.2402413858,1.4625378847122192,0.2934863567352295,0.15773962438106537,0.35853928327560425,0.14171527326107025,0.13720311224460602,0.11627546697854996,0.1060708686709404,0.0939171239733696,0.005431662779301405
781,0.0005691803428333317,1.1853853464126587,1.1853853464126587,0.6106385588645935,0.6106385588645935,0.6106385588645935,False,16384,0.0474895660000243,345002.10004007234,1.4568032026290894,0.33360913395881653,0.1573599874973297,0.39219459891319275,0.1568322330713272,0.13886494934558868,0.12339155375957489,0.1154044046998024,0.10266319662332535,0.006514765787869692
782,0.0005681714154261168,1.1965559720993042,1.1965559720993042,0.5922741889953613,0.5922741889953613,0.5922741889953613,False,16384,0.0475182560000178,344793.79882952484,1.452423095703125,0.31020796298980713,0.1665070801973343,0.38233524560928345,0.1538572460412979,0.13636088371276855,0.12435288727283478,0.11257023364305496,0.1010812520980835,0.005952753592282534
783,0.0005671623965165519,1.1948621273040771,1.1948621273040771,0.5685798525810242,0.5685798525810242,0.5685798525810242,False,16384,0.047409334999997554,345585.9484213572,1.4513862133026123,0.29710492491722107,0.16212578117847443,0.36590051651000977,0.14542773365974426,0.1319175809621811,0.11803852766752243,0.11071496456861496,0.1003141924738884,0.006202553398907185
784,0.0005661532911855621,1.1793842315673828,1.1793842315673828,0.570290744304657,0.570290744304657,0.570290744304657,False,16384,0.047394085000007635,345697.1476503315,1.4559725522994995,0.2881474196910858,0.1619420349597931,0.3719559907913208,0.14567220211029053,0.13660597801208496,0.1238936334848404,0.11197572946548462,0.09907254576683044,0.006397617049515247
785,0.0005651441045145074,1.1890474557876587,1.1890474557876587,0.5896811485290527,0.5896811485290527,0.5896811485290527,False,16384,0.0475787480000065,344355.42524149147,1.461373209953308,0.300321489572525,0.15768073499202728,0.3940943479537964,0.14569900929927826,0.142887681722641,0.12122242897748947,0.11070648580789566,0.09343773871660233,0.005547213833779097
786,0.0005641348415851578,1.155653476715088,1.155653476715088,0.5977518558502197,0.5977518558502197,0.5977518558502197,False,16384,0.04753400699999588,344679.5470030839,1.4632269144058228,0.31582126021385193,0.1568235605955124,0.3884989619255066,0.15587148070335388,0.13679754734039307,0.12230592966079712,0.11437731236219406,0.10461834818124771,0.0066161444410681725
787,0.0005631255074796674,1.1928495168685913,1.1928495168685913,0.5612132549285889,0.5612132549285889,0.5612132549285889,False,16384,0.04754029599999399,344633.9501125965,1.4627889394760132,0.2755904793739319,0.16392023861408234,0.3670240342617035,0.14401529729366302,0.13905593752861023,0.12640196084976196,0.11307793855667114,0.0925896093249321,0.004454552195966244
788,0.0005621161072805483,1.178377389907837,1.178377389907837,0.6352636814117432,0.6352636814117432,0.6352636814117432,False,16384,0.04740111500001376,345645.87773927354,1.4666160345077515,0.36974722146987915,0.15578854084014893,0.39445728063583374,0.17188574373722076,0.14492583274841309,0.12249251455068588,0.10756413638591766,0.09907285124063492,0.006496818736195564
789,0.0005611066460706458,1.1635839939117432,1.1635839939117432,0.6910226345062256,0.6910226345062256,0.6910226345062256,False,16384,0.04758030700000404,344344.1422098981,1.465454339981079,0.35211417078971863,0.17557986080646515,0.4680907428264618,0.19725295901298523,0.14815233647823334,0.12935633957386017,0.11939560621976852,0.1081884503364563,0.006302240304648876
790,0.0005600971289331123,1.180626630783081,1.180626630783081,0.5784708261489868,0.5784708261489868,0.5784708261489868,False,16384,0.04762358799999333,344031.1973134467,1.4707036018371582,0.2948121130466461,0.16425283253192902,0.3773452341556549,0.14506462216377258,0.1389806866645813,0.12448690086603165,0.11492174118757248,0.09620412439107895,0.005223137326538563
791,0.0005590875609513816,1.1766908168792725,1.1766908168792725,0.5712808966636658,0.5712808966636658,0.5712808966636658,False,16384,0.04748398600000314,345042.64237629325,1.4804496765136719,0.2709813714027405,0.16570177674293518,0.3820364475250244,0.15200172364711761,0.13881638646125793,0.12170594185590744,0.11065567284822464,0.10031192749738693,0.005295694340020418
792,0.0005580779472091438,1.189171552658081,1.189171552658081,0.5819994211196899,0.5819994211196899,0.5819994211196899,False,16384,0.047458135999988826,345230.58385613497,1.4790226221084595,0.2932981848716736,0.16800904273986816,0.38051721453666687,0.14432893693447113,0.1420963704586029,0.12577618658542633,0.11418841779232025,0.09882128238677979,0.005710789933800697
793,0.0005570682927903193,1.1894123554229736,1.1894123554229736,0.629462480545044,0.629462480545044,0.629462480545044,False,16384,0.047423565000002554,345482.2512815964,1.4741836786270142,0.3256579041481018,0.16214166581630707,0.4269019067287445,0.16175612807273865,0.13726811110973358,0.1237303763628006,0.11007661372423172,0.09576977789402008,0.005412667524069548
794,0.0005560586027790334,1.175331711769104,1.175331711769104,0.5539669394493103,0.5539669394493103,0.5539669394493103,False,16384,0.047409143999999515,345587.34070372937,1.4715245962142944,0.254921555519104,0.16129055619239807,0.37151187658309937,0.15057864785194397,0.13872021436691284,0.12287049740552902,0.11029073596000671,0.0930233746767044,0.005180524196475744
795,0.0005550488822595907,1.1590688228607178,1.1590688228607178,0.6034311652183533,0.6034311652183533,0.6034311652183533,False,16384,0.04738120400000412,345791.1284820575,1.473507046699524,0.3044326603412628,0.16858552396297455,0.3954330086708069,0.15802781283855438,0.15156933665275574,0.1280362755060196,0.11207674443721771,0.09865206480026245,0.005366717465221882
796,0.000554039136316449,1.2034409046173096,1.2034409046173096,0.6087863445281982,0.6087863445281982,0.6087863445281982,False,16384,0.04739384499998778,345698.8982430994,1.4729691743850708,0.296236515045166,0.16344083845615387,0.4094158411026001,0.1578870266675949,0.15224087238311768,0.13038361072540283,0.11359436810016632,0.10241718590259552,0.005660285707563162
797,0.0005530293700341948,1.161020040512085,1.161020040512085,0.599734902381897,0.599734902381897,0.599734902381897,False,16384,0.04755866700000411,344500.82463410054,1.467513084411621,0.29110243916511536,0.1627509742975235,0.40423882007598877,0.1576330065727234,0.14319975674152374,0.1276848465204239,0.11484500020742416,0.10083559900522232,0.005426812916994095
798,0.0005520195884975165,1.1905790567398071,1.1905790567398071,0.5890077352523804,0.5890077352523804,0.5890077352523804,False,16384,0.0474684449999927,345155.60810981947,1.456426978111267,0.2743060886859894,0.16468003392219543,0.40173226594924927,0.15225635468959808,0.14261947572231293,0.1262568235397339,0.11577536910772324,0.10139904171228409,0.005395845975726843
799,0.0005510097967911794,1.1708897352218628,1.1708897352218628,0.5968580842018127,0.5968580842018127,0.5968580842018127,False,16384,0.04738457400000584,345766.5357506006,1.4476051330566406,0.3190593123435974,0.15129464864730835,0.3895300328731537,0.1509808599948883,0.13924580812454224,0.12440207600593567,0.111172154545784,0.098789744079113,0.006151676177978516
800,0.00055,1.165753960609436,1.165753960609436,0.589982807636261,0.589982807636261,0.589982807636261,False,16384,0.0474179050000032,345523.4894919734,1.44680917263031,0.3007034361362457,0.15959835052490234,0.38743895292282104,0.149931401014328,0.14223982393741608,0.12585900723934174,0.11488913744688034,0.10140948742628098,0.00641388725489378
801,0.0005489902032088207,1.1772925853729248,1.1772925853729248,0.6240482926368713,0.6240482926368713,0.6240482926368713,False,16384,0.047502645999998094,344907.10264856945,1.4564076662063599,0.32530677318573,0.16312217712402344,0.40910616517066956,0.15879108011722565,0.14500361680984497,0.13352148234844208,0.12098884582519531,0.10436135530471802,0.006070615258067846
802,0.0005479804115024836,1.192488670349121,1.192488670349121,0.638455331325531,0.638455331325531,0.638455331325531,False,16384,0.048081085999996276,340757.69420019485,1.4631593227386475,0.33569711446762085,0.16844365000724792,0.4191267490386963,0.154067724943161,0.15022403001785278,0.13168492913246155,0.1233067512512207,0.10950146615505219,0.00721182394772768
803,0.0005469706299658052,1.1825861930847168,1.1825861930847168,0.5531565546989441,0.5531565546989441,0.5531565546989441,False,16384,0.04740747499999998,345599.5072507027,1.4584144353866577,0.2566191554069519,0.17152224481105804,0.37043893337249756,0.1386830061674118,0.13653545081615448,0.12372066080570221,0.11067398637533188,0.0896066427230835,0.004910717252641916
804,0.000545960863683551,1.1550768613815308,1.1550768613815308,0.5810674428939819,0.5810674428939819,0.5810674428939819,False,16384,0.047503226999992876,344902.88417674147,1.4589335918426514,0.3059232831001282,0.16003791987895966,0.3831000030040741,0.13749410212039948,0.1324172019958496,0.1203605979681015,0.10958096385002136,0.09332303702831268,0.005456255283206701
805,0.0005449511177404093,1.1777431964874268,1.1777431964874268,0.5767639875411987,0.5767639875411987,0.5767639875411987,False,16384,0.04743823500001554,345375.4128920402,1.4668138027191162,0.28521594405174255,0.17335481941699982,0.3784835636615753,0.14733800292015076,0.13990521430969238,0.1232985332608223,0.10985318571329117,0.09708338230848312,0.005426410585641861
806,0.0005439413972209664,1.161247730255127,1.161247730255127,0.619296669960022,0.619296669960022,0.619296669960022,False,16384,0.04739123400000267,345717.9443776264,1.4717934131622314,0.296417772769928,0.17237506806850433,0.4223257601261139,0.172431081533432,0.14326375722885132,0.1255275309085846,0.11202318221330643,0.09490545839071274,0.004721410572528839
807,0.0005429317072096808,1.152434229850769,1.152434229850769,0.5864356160163879,0.5864356160163879,0.5864356160163879,False,16384,0.04739107400001785,345719.1115777167,1.4740358591079712,0.27282074093818665,0.16281457245349884,0.40631791949272156,0.15475131571292877,0.13535213470458984,0.1213226169347763,0.10824069380760193,0.09561165422201157,0.00526460399851203
808,0.0005419220527908563,1.1845066547393799,1.1845066547393799,0.628257691860199,0.628257691860199,0.628257691860199,False,16384,0.04741572399998972,345539.3826740587,1.4698941707611084,0.3143954277038574,0.1715957224369049,0.4116870164871216,0.17131371796131134,0.15149074792861938,0.13377992808818817,0.12293568253517151,0.10765955597162247,0.0057641081511974335
809,0.0005409124390486185,1.1526298522949219,1.1526298522949219,0.5826116800308228,0.5826116800308228,0.5826116800308228,False,16384,0.04750948500000618,344857.45320114226,1.465258002281189,0.29715511202812195,0.16143551468849182,0.3910844922065735,0.1389578878879547,0.13465967774391174,0.11964719742536545,0.10818193852901459,0.09293929487466812,0.005262261722236872
810,0.0005399028710668879,1.1836806535720825,1.1836806535720825,0.6346313953399658,0.6346313953399658,0.6346313953399658,False,16384,0.04742886400001112,345443.65220293193,1.4614924192428589,0.32245004177093506,0.16808755695819855,0.4248427152633667,0.172794371843338,0.14420334994792938,0.12597978115081787,0.1148710697889328,0.10136907547712326,0.006615511141717434
811,0.0005388933539293542,1.1809805631637573,1.1809805631637573,0.5771618485450745,0.5771618485450745,0.5771618485450745,False,16384,0.047422314000016286,345491.36509859835,1.4576743841171265,0.26923054456710815,0.15733610093593597,0.3958241641521454,0.14390861988067627,0.1432754248380661,0.12525075674057007,0.111664317548275,0.09888298809528351,0.005218934267759323
812,0.0005378838927194518,1.1586782932281494,1.1586782932281494,0.6430819630622864,0.6430819630622864,0.6430819630622864,False,16384,0.04744013399999858,345361.58772233845,1.4612436294555664,0.31661853194236755,0.16409224271774292,0.4437156021595001,0.17848458886146545,0.14553529024124146,0.12682217359542847,0.10941212624311447,0.09153963625431061,0.005067318677902222
813,0.0005368744925203328,1.119314432144165,1.119314432144165,0.6164718866348267,0.6164718866348267,0.6164718866348267,False,16384,0.04745898500001999,345224.4079807669,1.4658788442611694,0.32497748732566833,0.15969286859035492,0.4035182297229767,0.15459616482257843,0.14886978268623352,0.13417048752307892,0.11258487403392792,0.0965823233127594,0.005572344176471233
814,0.0005358651584148423,1.1433374881744385,1.1433374881744385,0.699200451374054,0.699200451374054,0.699200451374054,False,16384,0.04741263400001117,345561.90234012605,1.4685685634613037,0.35683003067970276,0.1666237860918045,0.47677090764045715,0.19773268699645996,0.15281997621059418,0.13724522292613983,0.11809936910867691,0.10588173568248749,0.005724559538066387
815,0.0005348558954854928,1.1845252513885498,1.1845252513885498,0.5863785147666931,0.5863785147666931,0.5863785147666931,False,16384,0.04755766699997821,344508.0684888833,1.4544299840927124,0.27815932035446167,0.16672809422016144,0.39712589979171753,0.14669939875602722,0.14362069964408875,0.12827838957309723,0.11479316651821136,0.09568054229021072,0.004968675319105387
816,0.000533846708814438,1.1430398225784302,1.1430398225784302,0.6890357136726379,0.6890357136726379,0.6890357136726379,False,16384,0.04750571499999978,344884.82069999527,1.4500020742416382,0.36629167199134827,0.16593149304389954,0.460147500038147,0.20227324962615967,0.14425377547740936,0.1287621110677719,0.11199520528316498,0.1022101566195488,0.006201258860528469
817,0.0005328376034834481,1.1202943325042725,1.1202943325042725,0.5728388428688049,0.5728388428688049,0.5728388428688049,False,16384,0.04738108399999419,345792.00425220345,1.4474375247955322,0.2828834354877472,0.15572649240493774,0.38339000940322876,0.1511467695236206,0.13546837866306305,0.12510506808757782,0.10817260295152664,0.09115253388881683,0.0049264151602983475
818,0.0005318285845738831,1.1744027137756348,1.1744027137756348,0.616196870803833,0.616196870803833,0.616196870803833,False,16384,0.04758626699998558,344301.0144083158,1.448065161705017,0.30208179354667664,0.15726029872894287,0.4182794690132141,0.15982681512832642,0.14612756669521332,0.13093386590480804,0.11730930209159851,0.10449124127626419,0.005935036577284336
819,0.0005308196571666684,1.1668701171875,1.1668701171875,0.615796685218811,0.615796685218811,0.615796685218811,False,16384,0.047493975999998383,344970.06525628763,1.446710228919983,0.2935503125190735,0.16035839915275574,0.41240212321281433,0.168889582157135,0.15928520262241364,0.1369360387325287,0.11951549351215363,0.101401686668396,0.005502516403794289
820,0.0005298108263422684,1.1726126670837402,1.1726126670837402,0.6307575106620789,0.6307575106620789,0.6307575106620789,False,16384,0.04744981499999312,345291.1249496415,1.4474804401397705,0.3196996748447418,0.16563551127910614,0.42048028111457825,0.16276629269123077,0.1473342776298523,0.13360929489135742,0.11692428588867188,0.10789824277162552,0.006583278998732567
821,0.0005288020971806609,1.1664009094238281,1.1664009094238281,0.6087803244590759,0.6087803244590759,0.6087803244590759,False,16384,0.04740161400002307,345642.239101648,1.4483439922332764,0.30515116453170776,0.16219188272953033,0.39667829871177673,0.16394564509391785,0.14964519441127777,0.13459815084934235,0.12040464580059052,0.1091158464550972,0.006659811828285456
822,0.0005277934747613122,1.1717551946640015,1.1717551946640015,0.6911917328834534,0.6911917328834534,0.6911917328834534,False,16384,0.04760204799998746,344186.87195988535,1.4545849561691284,0.3757067918777466,0.16118700802326202,0.4513393044471741,0.18425454199314117,0.15422701835632324,0.13765151798725128,0.12275324761867523,0.12283814698457718,0.007796518970280886
823,0.0005267849641631507,1.1723823547363281,1.1723823547363281,0.6223818063735962,0.6223818063735962,0.6223818063735962,False,16384,0.04749995599999579,344926.63530049275,1.4482650756835938,0.3183214068412781,0.172672837972641,0.4095534086227417,0.16316509246826172,0.14732956886291504,0.12965476512908936,0.11622399091720581,0.0990263894200325,0.005220179911702871
824,0.0005257765704645423,1.1852145195007324,1.1852145195007324,0.664933443069458,0.664933443069458,0.664933443069458,False,16384,0.047601316999987375,344192.1575406064,1.446513295173645,0.360343873500824,0.17445725202560425,0.4402141869068146,0.1690201312303543,0.14480966329574585,0.12723466753959656,0.11304546892642975,0.09764356166124344,0.00500665046274662
825,0.0005247682987432636,1.1737769842147827,1.1737769842147827,0.6104958057403564,0.6104958057403564,0.6104958057403564,False,16384,0.0474251549999849,345470.6684670871,1.4512171745300293,0.32037508487701416,0.15728026628494263,0.3957322835922241,0.16595964133739471,0.14314351975917816,0.12599509954452515,0.11676010489463806,0.10554423183202744,0.006623504217714071
826,0.0005237601540764777,1.1417325735092163,1.1417325735092163,0.6631739735603333,0.6631739735603333,0.6631739735603333,False,16384,0.04742322600000648,345484.72092551785,1.4633574485778809,0.3474806249141693,0.1648969054222107,0.443071186542511,0.1794717162847519,0.1455451250076294,0.12785585224628448,0.11771733313798904,0.10917546600103378,0.00604856526479125
827,0.0005227521415407069,1.1766743659973145,1.1766743659973145,0.6433942914009094,0.6433942914009094,0.6433942914009094,False,16384,0.047466885999995156,345166.9443831153,1.4687782526016235,0.31826192140579224,0.17125341296195984,0.4276489019393921,0.1806091070175171,0.15289217233657837,0.13513201475143433,0.11996105313301086,0.10851092636585236,0.00571083091199398
828,0.000521744266211809,1.147200107574463,1.147200107574463,0.666572093963623,0.666572093963623,0.666572093963623,False,16384,0.047375163999987535,345835.21441750176,1.4669362306594849,0.328806072473526,0.17179547250270844,0.454668790102005,0.18656115233898163,0.1505386084318161,0.13142848014831543,0.11868689954280853,0.10540816187858582,0.00544656440615654
829,0.0005207365331649508,1.1699689626693726,1.1699689626693726,0.6341702342033386,0.6341702342033386,0.6341702342033386,False,16384,0.04754080699999008,344630.2457592573,1.468550205230713,0.34347182512283325,0.164311021566391,0.40317514538764954,0.17284360527992249,0.14798517525196075,0.13071012496948242,0.11854831129312515,0.10812772810459137,0.006761620752513409
830,0.0005197289474745822,1.1500003337860107,1.1500003337860107,0.6679394245147705,0.6679394245147705,0.6679394245147705,False,16384,0.047464716000007456,345182.7247843941,1.4655742645263672,0.33911892771720886,0.16344834864139557,0.4556266665458679,0.1852540224790573,0.14152243733406067,0.13020376861095428,0.11511129140853882,0.11066769063472748,0.0056411209516227245
831,0.0005187215142144116,1.141298532485962,1.141298532485962,0.7029426693916321,0.7029426693916321,0.7029426693916321,False,16384,0.047450355999984595,345287.18815102923,1.4604625701904297,0.4150021970272064,0.16525593400001526,0.44604048132896423,0.18837802112102509,0.14581115543842316,0.1289387196302414,0.11311593651771545,0.09718884527683258,0.005169404670596123
832,0.0005177142384573793,1.1596965789794922,1.1596965789794922,0.627983808517456,0.627983808517456,0.627983808517456,False,16384,0.047442066000002114,345347.5234404688,1.4602257013320923,0.3343249261379242,0.16115477681159973,0.40611928701400757,0.16278038918972015,0.1471608430147171,0.13131718337535858,0.11707114428281784,0.11191608011722565,0.007613759487867355
833,0.0005167071252756331,1.156376838684082,1.156376838684082,0.6279102563858032,0.6279102563858032,0.6279102563858032,False,16384,0.04742562499998826,345467.2447649147,1.462377667427063,0.3166196942329407,0.16772495210170746,0.4148232340812683,0.1803782433271408,0.15005290508270264,0.12526747584342957,0.11407582461833954,0.1001332551240921,0.005400484427809715
834,0.0005157001797405019,1.1715874671936035,1.1715874671936035,0.6188623905181885,0.6188623905181885,0.6188623905181885,False,16384,0.04757143800000563,344408.3401472552,1.4579015970230103,0.3117765188217163,0.16055986285209656,0.42019104957580566,0.1623363196849823,0.14119629561901093,0.12428948283195496,0.11248990893363953,0.09499187022447586,0.00559466565027833
835,0.0005146934069224699,1.1576220989227295,1.1576220989227295,0.5683282017707825,0.5683282017707825,0.5683282017707825,False,16384,0.04754547699999989,344596.39557302237,1.454928994178772,0.2606852948665619,0.16482968628406525,0.3783029615879059,0.15443575382232666,0.14571915566921234,0.1258007138967514,0.1189696192741394,0.09831482172012329,0.005316676571965218
836,0.0005136868118911523,1.1583375930786133,1.1583375930786133,0.6498793363571167,0.6498793363571167,0.6498793363571167,False,16384,0.04747676700000625,345095.10725525697,1.4564768075942993,0.3223017454147339,0.17729239165782928,0.43565744161605835,0.1859980970621109,0.1504991501569748,0.1302931308746338,0.11845647543668747,0.09464813768863678,0.0047928462736308575
837,0.0005126803997152688,1.166201114654541,1.166201114654541,0.5939732193946838,0.5939732193946838,0.5939732193946838,False,16384,0.047592837999985704,344253.477802793,1.459549069404602,0.28040847182273865,0.1805126816034317,0.3945862352848053,0.15503935515880585,0.1494154930114746,0.129136860370636,0.11540799587965012,0.09751296788454056,0.0050811502151191235
838,0.0005116741754626183,1.1667964458465576,1.1667964458465576,0.7050310373306274,0.7050310373306274,0.7050310373306274,False,16384,0.04743207499998903,345420.2667710361,1.4623417854309082,0.364448606967926,0.17157261073589325,0.47176262736320496,0.20094400644302368,0.16347268223762512,0.1376255303621292,0.11987706273794174,0.10865539312362671,0.005456135142594576
839,0.0005106681442000535,1.1477766036987305,1.1477766036987305,0.5580461621284485,0.5580461621284485,0.5580461621284485,False,16384,0.04759097800001655,344266.93227431265,1.449566125869751,0.256614625453949,0.1626170128583908,0.3705853521823883,0.15100982785224915,0.1462176889181137,0.12854135036468506,0.11144338548183441,0.09295407682657242,0.004488308448344469
840,0.000509662310993455,1.1172459125518799,1.1172459125518799,0.6701948642730713,0.6701948642730713,0.6701948642730713,False,16384,0.047483896999978015,345043.2890966718,1.4451913833618164,0.3757691979408264,0.15959878265857697,0.43189001083374023,0.17072394490242004,0.1480485498905182,0.1319749504327774,0.11810103058815002,0.11606083065271378,0.007585146930068731
841,0.0005086566809077064,1.1485621929168701,1.1485621929168701,0.6208527684211731,0.6208527684211731,0.6208527684211731,False,16384,0.04745167600000855,345277.58302988176,1.447475790977478,0.30849871039390564,0.16424068808555603,0.41583049297332764,0.15581481158733368,0.14819210767745972,0.13620470464229584,0.12241078168153763,0.1029166728258133,0.005443606059998274
842,0.0005076512590066686,1.1554352045059204,1.1554352045059204,0.6319606304168701,0.6319606304168701,0.6319606304168701,False,16384,0.04759519799998202,344236.40805121115,1.4558097124099731,0.32403695583343506,0.17089124023914337,0.4186864197254181,0.15927816927433014,0.1493956595659256,0.1361101269721985,0.1179024875164032,0.09863946586847305,0.005177584011107683
843,0.0005066460503531539,1.1185333728790283,1.1185333728790283,0.5902731418609619,0.5902731418609619,0.5902731418609619,False,16384,0.04744580499999529,345320.3080862813,1.459416151046753,0.2949923574924469,0.15742790699005127,0.38354766368865967,0.1567823886871338,0.1497054100036621,0.13057036697864532,0.12061566859483719,0.10433278977870941,0.00592060387134552
844,0.0005056410600089004,1.179584264755249,1.179584264755249,0.6471565365791321,0.6471565365791321,0.6471565365791321,False,16384,0.04749866599999564,344936.00304483296,1.4615570306777954,0.339445024728775,0.170790433883667,0.42074352502822876,0.16983546316623688,0.15663398802280426,0.13645988702774048,0.12301786988973618,0.10117415338754654,0.0049947937950491905
845,0.000504636293034548,1.1528871059417725,1.1528871059417725,0.6153365969657898,0.6153365969657898,0.6153365969657898,False,16384,0.04747382600001515,345116.48587149417,1.4563409090042114,0.2992748022079468,0.1702956110239029,0.41054365038871765,0.16801109910011292,0.14905382692813873,0.13227324187755585,0.1168631911277771,0.09951773285865784,0.005023656412959099
846,0.000503631754489611,1.1420598030090332,1.1420598030090332,0.609409749507904,0.609409749507904,0.609409749507904,False,16384,0.04739208399999484,345711.74375876324,1.4526643753051758,0.3414790630340576,0.15586446225643158,0.3814677596092224,0.15675227344036102,0.14540690183639526,0.1300327479839325,0.1138274073600769,0.09672355651855469,0.005078915040940046
847,0.0005026274494324532,1.1655043363571167,1.1655043363571167,0.6652079224586487,0.6652079224586487,0.6652079224586487,False,16384,0.047421343999985766,345498.43209852756,1.4507484436035156,0.35485461354255676,0.17052124440670013,0.4363701045513153,0.17885896563529968,0.1511269360780716,0.1329929083585739,0.11839129030704498,0.10256243497133255,0.005553118884563446
848,0.0005016233829202638,1.1349163055419922,1.1349163055419922,0.5583165884017944,0.5583165884017944,0.5583165884017944,False,16384,0.0474621959999979,345201.05222271476,1.4470487833023071,0.28095826506614685,0.15784390270709991,0.3608497083187103,0.14134591817855835,0.14073091745376587,0.12315782904624939,0.11230804026126862,0.10026764124631882,0.0058504752814769745
849,0.0005006195600090296,1.143316388130188,1.143316388130188,0.7342860102653503,0.7342860102653503,0.7342860102653503,False,16384,0.04743132500001934,345425.7286717864,1.4503158330917358,0.4066271483898163,0.17156854271888733,0.4814327359199524,0.21790175139904022,0.150892972946167,0.13009706139564514,0.11737632751464844,0.1078096255660057,0.006466439459472895
850,0.0004996159857535115,1.1231653690338135,1.1231653690338135,0.603862464427948,0.603862464427948,0.603862464427948,False,16384,0.047597048000000086,344223.02828528296,1.4528486728668213,0.2978346645832062,0.1639588475227356,0.4071972370147705,0.15583942830562592,0.14401738345623016,0.12717972695827484,0.11239181458950043,0.09692475944757462,0.0049356501549482346
851,0.0004986126652072178,1.1446454524993896,1.1446454524993896,0.6702747344970703,0.6702747344970703,0.6702747344970703,False,16384,0.04753361699999914,344682.3750021021,1.4552513360977173,0.3602052330970764,0.16500036418437958,0.44376140832901,0.18015249073505402,0.14789393544197083,0.13118413090705872,0.11765754967927933,0.09980149567127228,0.005535338073968887
852,0.0004976096034223798,1.1370364427566528,1.1370364427566528,0.5779128074645996,0.5779128074645996,0.5779128074645996,False,16384,0.04760634699999855,344155.7908234484,1.4478577375411987,0.27232667803764343,0.16814278066158295,0.3782520890235901,0.15750738978385925,0.1496673822402954,0.13336974382400513,0.11660683155059814,0.09923055022954941,0.0058777062222361565
853,0.0004966068054499252,1.1325706243515015,1.1325706243515015,0.6988303065299988,0.6988303065299988,0.6988303065299988,False,16384,0.04742977500001189,345437.0171478969,1.4455959796905518,0.35635906457901,0.16817738115787506,0.4734402000904083,0.19836151599884033,0.15885598957538605,0.13571098446846008,0.11929159611463547,0.10808753967285156,0.005417794920504093
854,0.0004956042763394536,1.1210061311721802,1.1210061311721802,0.6104419827461243,0.6104419827461243,0.6104419827461243,False,16384,0.047643647999990435,343886.34556286054,1.4487817287445068,0.2766094505786896,0.16439737379550934,0.4288804233074188,0.16187509894371033,0.147902250289917,0.13108812272548676,0.10778094083070755,0.090883269906044,0.004745643585920334
855,0.0004946020211392107,1.1438870429992676,1.1438870429992676,0.6073178648948669,0.6073178648948669,0.6073178648948669,False,16384,0.047403024000004734,345631.9579948816,1.4529101848602295,0.3014258146286011,0.16207653284072876,0.3992288112640381,0.16982975602149963,0.14878126978874207,0.13215556740760803,0.11633531004190445,0.10155216604471207,0.00593207823112607
856,0.0004936000448960631,1.1470696926116943,1.1470696926116943,0.6043180823326111,0.6043180823326111,0.6043180823326111,False,16384,0.04739276399999426,345706.78342377295,1.4553018808364868,0.2872845232486725,0.1784229576587677,0.401074081659317,0.1645292341709137,0.15105441212654114,0.1325715333223343,0.11663317680358887,0.0942462831735611,0.004954654257744551
857,0.0004925983526554724,1.139578104019165,1.139578104019165,0.6369541883468628,0.6369541883468628,0.6369541883468628,False,16384,0.047359524000000874,345949.42297139,1.455262303352356,0.3120434880256653,0.15957506000995636,0.44242268800735474,0.16951079666614532,0.1416592299938202,0.12698855996131897,0.11313755065202713,0.09685041755437851,0.0054835369810462
858,0.0004915969494614702,1.10174560546875,1.10174560546875,0.573175847530365,0.573175847530365,0.573175847530365,False,16384,0.04761193800001706,344115.37711391057,1.4537076950073242,0.29537755250930786,0.15701673924922943,0.3703822195529938,0.14633342623710632,0.1389310508966446,0.1274622231721878,0.112881138920784,0.09850580245256424,0.0061625889502465725
859,0.0004905958403566326,1.1343193054199219,1.1343193054199219,0.5826887488365173,0.5826887488365173,0.5826887488365173,False,16384,0.04746253499999398,345198.5866326373,1.451180338859558,0.28499656915664673,0.16908743977546692,0.37767791748046875,0.15384513139724731,0.14796359837055206,0.13403423130512238,0.11690613627433777,0.09924326092004776,0.005381116643548012
860,0.0004895950303820552,1.1374930143356323,1.1374930143356323,0.597198486328125,0.597198486328125,0.597198486328125,False,16384,0.04742418500001122,345477.7346199228,1.4493759870529175,0.28798171877861023,0.1669776439666748,0.403435081243515,0.15305885672569275,0.14436107873916626,0.13029520213603973,0.11338083446025848,0.09459646046161652,0.004848954733461142
861,0.0004885945245773263,1.144111156463623,1.144111156463623,0.6129688620567322,0.6129688620567322,0.6129688620567322,False,16384,0.0474979059999896,344941.522264236,1.4493098258972168,0.3045676350593567,0.17123441398143768,0.41087520122528076,0.15371140837669373,0.14238743484020233,0.13150784373283386,0.11671333760023117,0.09991494566202164,0.005387001670897007
862,0.00048759432798050386,1.134000539779663,1.134000539779663,0.6180984973907471,0.6180984973907471,0.6180984973907471,False,16384,0.047496655999992754,344950.60031178826,1.4524589776992798,0.28812557458877563,0.1760862171649933,0.40900033712387085,0.1681412309408188,0.15564891695976257,0.14230123162269592,0.12894535064697266,0.10647555440664291,0.005489078816026449
863,0.0004865944456280878,1.141666054725647,1.141666054725647,0.5813156962394714,0.5813156962394714,0.5813156962394714,False,16384,0.047397893999999496,345669.36666004977,1.4532171487808228,0.25898340344429016,0.16478882730007172,0.39354443550109863,0.15792278945446014,0.15200184285640717,0.13391073048114777,0.1160999983549118,0.09665104746818542,0.005101935472339392
864,0.00048559488255499626,1.1514968872070312,1.1514968872070312,0.6249125599861145,0.6249125599861145,0.6249125599861145,False,16384,0.04741454400001999,345547.9820705034,1.4520351886749268,0.3030160963535309,0.1673372983932495,0.4146299362182617,0.17515680193901062,0.15465810894966125,0.13809847831726074,0.12049649655818939,0.10275045037269592,0.0054673259146511555
865,0.00048459564379453937,1.1340630054473877,1.1340630054473877,0.5725919604301453,0.5725919604301453,0.5725919604301453,False,16384,0.047443733999983806,345335.3819074526,1.4482390880584717,0.27605581283569336,0.16223002970218658,0.37550613284111023,0.1476101279258728,0.1457352191209793,0.13202011585235596,0.11705576628446579,0.10069631040096283,0.005720092914998531
866,0.0004835967343783941,1.1280255317687988,1.1280255317687988,0.6010271906852722,0.6010271906852722,0.6010271906852722,False,16384,0.04746712499999717,345165.2064455342,1.4464102983474731,0.3068682551383972,0.15805856883525848,0.39147448539733887,0.1600857973098755,0.14946198463439941,0.13274580240249634,0.11539136618375778,0.09948484599590302,0.0055327992886304855
867,0.0004825981593365793,1.1187770366668701,1.1187770366668701,0.6307418346405029,0.6307418346405029,0.6307418346405029,False,16384,0.04739845399998899,345665.28266942647,1.447648048400879,0.3548014163970947,0.1665378212928772,0.39743220806121826,0.15858399868011475,0.1474698781967163,0.13164180517196655,0.11321143805980682,0.09588096290826797,0.005314899608492851
868,0.0004815999236974298,1.1312167644500732,1.1312167644500732,0.5979891419410706,0.5979891419410706,0.5979891419410706,False,16384,0.04752595599998699,344737.9364658017,1.4514368772506714,0.30068710446357727,0.16106849908828735,0.38503286242485046,0.15462739765644073,0.15083666145801544,0.13683760166168213,0.12496518343687057,0.10926517099142075,0.006622454151511192
869,0.00048060203248757156,1.1481397151947021,1.1481397151947021,0.6254085898399353,0.6254085898399353,0.6254085898399353,False,16384,0.047438094999989744,345376.4321691995,1.4571555852890015,0.3160175383090973,0.17483551800251007,0.4055452346801758,0.16172663867473602,0.15370088815689087,0.13808570802211761,0.1256319135427475,0.10756605863571167,0.005782418884336948
870,0.000479604490731896,1.1383721828460693,1.1383721828460693,0.6385506391525269,0.6385506391525269,0.6385506391525269,False,16384,0.047439334999978655,345367.4044968668,1.462985873222351,0.3584040105342865,0.16479600965976715,0.400002658367157,0.1602136641740799,0.15431296825408936,0.13538673520088196,0.11993154138326645,0.09957963228225708,0.004849886987358332
871,0.00047860730345353523,1.135806918144226,1.135806918144226,0.620416522026062,0.620416522026062,0.620416522026062,False,16384,0.04743166400001542,345423.25987118384,1.4699805974960327,0.27584439516067505,0.1755695343017578,0.4228432774543762,0.17239578068256378,0.1568010300397873,0.1401931792497635,0.1223774403333664,0.10121473670005798,0.0048776534385979176
872,0.00047761047567383577,1.1269454956054688,1.1269454956054688,0.6063140630722046,0.6063140630722046,0.6063140630722046,False,16384,0.04738798399998245,345741.65467782016,1.4710474014282227,0.2774234712123871,0.1698722392320633,0.39962857961654663,0.168624609708786,0.1645323783159256,0.14391867816448212,0.12224534898996353,0.10441582649946213,0.005388384219259024
873,0.00047661401241233417,1.1358489990234375,1.1358489990234375,0.6380088329315186,0.6380088329315186,0.6380088329315186,False,16384,0.047425814999996874,345465.86073430855,1.4682440757751465,0.323064923286438,0.17034825682640076,0.419565349817276,0.16791318356990814,0.16041859984397888,0.13759087026119232,0.1187668964266777,0.10307197272777557,0.006409784778952599
874,0.00047561791868673184,1.1078155040740967,1.1078155040740967,0.5741860270500183,0.5741860270500183,0.5741860270500183,False,16384,0.04742251400000441,345489.90802129294,1.464782953262329,0.27042433619499207,0.16872040927410126,0.38102641701698303,0.15174484252929688,0.1447344869375229,0.12829850614070892,0.11486770212650299,0.09619450569152832,0.005434723570942879
875,0.00047462219951286864,1.0969734191894531,1.0969734191894531,0.6000655293464661,0.6000655293464661,0.6000655293464661,False,16384,0.0473943840000004,345694.9667285445,1.4679709672927856,0.30082154273986816,0.16666929423809052,0.3825888931751251,0.16175785660743713,0.16253803670406342,0.1337968409061432,0.11680367588996887,0.10614728927612305,0.005997065454721451
876,0.000473626859904699,1.1228340864181519,1.1228340864181519,0.6247061491012573,0.6247061491012573,0.6247061491012573,False,16384,0.0473835840000163,345773.7599586043,1.4724780321121216,0.3069167137145996,0.16960103809833527,0.41287416219711304,0.16534464061260223,0.15516293048858643,0.1360393911600113,0.1203043982386589,0.11130769550800323,0.0068305619060993195
877,0.00047263190487426563,1.1093884706497192,1.1093884706497192,0.6193709373474121,0.6193709373474121,0.6193709373474121,False,16384,0.04742251499999384,345489.9007360139,1.4745088815689087,0.3054772913455963,0.16233567893505096,0.4174770712852478,0.1599995642900467,0.15019921958446503,0.1324266493320465,0.1165342926979065,0.10177820920944214,0.005334550980478525
878,0.0004716373394316751,1.137458324432373,1.137458324432373,0.6405050158500671,0.6405050158500671,0.6405050158500671,False,16384,0.04739008499998931,345726.3265090935,1.4781484603881836,0.30399343371391296,0.17164260149002075,0.4175373911857605,0.17769531905651093,0.17666468024253845,0.15348733961582184,0.12537160515785217,0.10927695035934448,0.005671356339007616
879,0.000470643168585072,1.1286394596099854,1.1286394596099854,0.6309326887130737,0.6309326887130737,0.6309326887130737,False,16384,0.047497486999986904,344944.5651725641,1.4767078161239624,0.3003954589366913,0.17860455811023712,0.42044973373413086,0.16140669584274292,0.16221196949481964,0.1452772319316864,0.12305445969104767,0.10257267206907272,0.00521723972633481
880,0.0004696493973406135,1.1105904579162598,1.1105904579162598,0.6161936521530151,0.6161936521530151,0.6161936521530151,False,16384,0.04747990600000662,345072.29226607387,1.4729527235031128,0.2962859570980072,0.17025144398212433,0.4051474928855896,0.1664694845676422,0.15981879830360413,0.13822895288467407,0.12323395162820816,0.1058305874466896,0.005578671116381884
881,0.0004686560307024454,1.1160094738006592,1.1160094738006592,0.6100420951843262,0.6100420951843262,0.6100420951843262,False,16384,0.04739443500000107,345694.594734585,1.4690923690795898,0.2731133997440338,0.1739490032196045,0.4075157046318054,0.17502877116203308,0.15860244631767273,0.14017748832702637,0.12125211209058762,0.10517896711826324,0.0053751831874251366
882,0.0004676630736726754,1.13639235496521,1.13639235496521,0.5924920439720154,0.5924920439720154,0.5924920439720154,False,16384,0.04743963600000711,345365.213173169,1.4688661098480225,0.27846795320510864,0.16439618170261383,0.392506867647171,0.16227412223815918,0.15571139752864838,0.13188396394252777,0.11894121021032333,0.10133268684148788,0.0051994179375469685
883,0.00046667053125134915,1.121006727218628,1.121006727218628,0.5964972376823425,0.5964972376823425,0.5964972376823425,False,16384,0.04746052599998052,345213.19885933684,1.4747986793518066,0.27757591009140015,0.1673942655324936,0.3986921012401581,0.15664300322532654,0.15448272228240967,0.13510799407958984,0.12178077548742294,0.1013612374663353,0.00485603604465723
884,0.0004656784084364238,1.0989617109298706,1.0989617109298706,0.6209754347801208,0.6209754347801208,0.6209754347801208,False,16384,0.047425825000004806,345465.7878908451,1.4752496480941772,0.3050612509250641,0.1633327603340149,0.40746477246284485,0.1653226912021637,0.15924866497516632,0.14080888032913208,0.12407130748033524,0.10906043648719788,0.006022039335221052
885,0.0004646867102237447,1.1208279132843018,1.1208279132843018,0.6174996495246887,0.6174996495246887,0.6174996495246887,False,16384,0.04736356400002251,345919.91430358187,1.4718725681304932,0.26031559705734253,0.1804814338684082,0.4208907186985016,0.1745089590549469,0.1699022799730301,0.1413857489824295,0.1209995299577713,0.09919731318950653,0.005284782033413649
886,0.00046369544160701796,1.1008715629577637,1.1008715629577637,0.6669546365737915,0.6669546365737915,0.6669546365737915,False,16384,0.04738217499999564,345784.0422057769,1.4675309658050537,0.30994895100593567,0.17631062865257263,0.4620870053768158,0.1755460500717163,0.16537600755691528,0.14188440144062042,0.12371409684419632,0.10260069370269775,0.0046218084171414375
887,0.0004627046075777871,1.1214566230773926,1.1214566230773926,0.6275988817214966,0.6275988817214966,0.6275988817214966,False,16384,0.0473951550000038,345689.3431406372,1.4630160331726074,0.31388115882873535,0.16988615691661835,0.40936538577079773,0.16514283418655396,0.1582043468952179,0.14086933434009552,0.12304207682609558,0.10775160044431686,0.004794147796928883
888,0.00046171421312540725,1.1250454187393188,1.1250454187393188,0.6212033629417419,0.6212033629417419,0.6212033629417419,False,16384,0.047452386000003344,345272.41686010995,1.4591878652572632,0.2914281189441681,0.16945098340511322,0.4204772710800171,0.16221965849399567,0.15392395853996277,0.13633307814598083,0.1231900304555893,0.10790374875068665,0.005912558175623417
889,0.00046072426323701956,1.1238343715667725,1.1238343715667725,0.6394774913787842,0.6394774913787842,0.6394774913787842,False,16384,0.04739405499998384,345697.36647361337,1.45768404006958,0.3138083517551422,0.16912488639354706,0.4148073196411133,0.18218213319778442,0.1600041687488556,0.14670409262180328,0.1292591094970703,0.11281583458185196,0.006189555861055851
890,0.00045973476289752727,1.097137451171875,1.097137451171875,0.576303243637085,0.576303243637085,0.576303243637085,False,16384,0.04749380599997721,344971.3000471653,1.458572268486023,0.26334261894226074,0.17419469356536865,0.3811352849006653,0.15463793277740479,0.14722362160682678,0.134050190448761,0.11899124085903168,0.0970904603600502,0.005056500434875488
891,0.0004587457170895695,1.119771957397461,1.119771957397461,0.6451337337493896,0.6451337337493896,0.6451337337493896,False,16384,0.047877742999986594,342204.9364358004,1.4637227058410645,0.3125404417514801,0.1780068278312683,0.4252316653728485,0.17704661190509796,0.16256402432918549,0.1413833647966385,0.12881456315517426,0.10778675228357315,0.005879614967852831
892,0.00045775713079349636,1.1218233108520508,1.1218233108520508,0.6038544774055481,0.6038544774055481,0.6038544774055481,False,16384,0.04778273100001229,342885.38258719,1.4623183012008667,0.2733862102031708,0.16345186531543732,0.40354248881340027,0.16740815341472626,0.15825408697128296,0.1402621567249298,0.12510216236114502,0.10913509130477905,0.005730127915740013
893,0.00045676900898734477,1.1226481199264526,1.1226481199264526,0.6474801301956177,0.6474801301956177,0.6474801301956177,False,16384,0.047559197999987646,344496.97827125376,1.4590790271759033,0.2965180575847626,0.1771390438079834,0.44576558470726013,0.18138371407985687,0.15312114357948303,0.13614286482334137,0.1238764300942421,0.10471943020820618,0.005456523038446903
894,0.0004557813566468119,1.1123414039611816,1.1123414039611816,0.6023890376091003,0.6023890376091003,0.6023890376091003,False,16384,0.04765327900000216,343816.84416720323,1.4639575481414795,0.31084924936294556,0.1647842824459076,0.384448766708374,0.16300790011882782,0.1478600949048996,0.13311825692653656,0.12155778706073761,0.10161633044481277,0.0058082276955246925
895,0.00045479417874523173,1.1136531829833984,1.1136531829833984,0.5923233032226562,0.5923233032226562,0.5923233032226562,False,16384,0.04748569700001326,345030.20983340364,1.4705127477645874,0.2896204888820648,0.16956228017807007,0.3832451105117798,0.1626397967338562,0.14913177490234375,0.1331053525209427,0.11937936395406723,0.1031702309846878,0.005843109451234341
896,0.00045380748025354844,1.0951696634292603,1.0951696634292603,0.5910187363624573,0.5910187363624573,0.5910187363624573,False,16384,0.04741880400001719,345516.93880752585,1.47617769241333,0.2545945346355438,0.1720132976770401,0.4002705216407776,0.1620870679616928,0.15121382474899292,0.1384139060974121,0.12538282573223114,0.10316844284534454,0.0043471078388392925
897,0.0004528212661402928,1.1232705116271973,1.1232705116271973,0.5786108374595642,0.5786108374595642,0.5786108374595642,False,16384,0.04747608599998898,345100.05732157035,1.4772305488586426,0.24728092551231384,0.16445045173168182,0.3896944224834442,0.16455799341201782,0.15487252175807953,0.13734453916549683,0.12327531725168228,0.09792813658714294,0.004678522702306509
898,0.00045183554137155597,1.115433931350708,1.115433931350708,0.6656301617622375,0.6656301617622375,0.6656301617622375,False,16384,0.04746179600002165,345203.96151870285,1.4737387895584106,0.3639991879463196,0.17008021473884583,0.43536603450775146,0.1629687249660492,0.15138624608516693,0.13513436913490295,0.11937828361988068,0.10033795237541199,0.006360959727317095
899,0.00045085031091096503,1.0907737016677856,1.0907737016677856,0.5790659785270691,0.5790659785270691,0.5790659785270691,False,16384,0.047462525000014466,345198.65936325566,1.4737931489944458,0.2608129382133484,0.16235089302062988,0.3875156342983246,0.16384632885456085,0.15088196098804474,0.13429388403892517,0.11650975793600082,0.09761783480644226,0.00427085580304265
900,0.00044986557971965854,1.1084306240081787,1.1084306240081787,0.5967845916748047,0.5967845916748047,0.5967845916748047,False,16384,0.047453555000004144,345263.9112074653,1.4732272624969482,0.2550840675830841,0.16938313841819763,0.409842848777771,0.1595262885093689,0.1547470986843109,0.13815467059612274,0.1237654760479927,0.10294795781373978,0.004892210941761732
901,0.0004488813527562603,1.1148114204406738,1.1148114204406738,0.6765161752700806,0.6765161752700806,0.6765161752700806,False,16384,0.04762565799998697,344016.2443530855,1.478081464767456,0.29337626695632935,0.18013769388198853,0.4782140254974365,0.18953999876976013,0.1637696474790573,0.14715063571929932,0.12622125446796417,0.10057953745126724,0.004362373612821102
902,0.00044789763497685565,1.1217910051345825,1.1217910051345825,0.6811549067497253,0.6811549067497253,0.6811549067497253,False,16384,0.04768965900001376,343554.5638939308,1.4789842367172241,0.38040196895599365,0.18256568908691406,0.4295683205127716,0.16416704654693604,0.15775083005428314,0.14444147050380707,0.12707330286502838,0.11189305782318115,0.006322389934211969
903,0.0004469144313349653,1.1046814918518066,1.1046814918518066,0.6012431383132935,0.6012431383132935,0.6012431383132935,False,16384,0.04740348400000016,345628.6040072486,1.480043649673462,0.2570715546607971,0.16777126491069794,0.4049656093120575,0.17113162577152252,0.16044887900352478,0.14474910497665405,0.12752817571163177,0.10482662171125412,0.005377577152103186
904,0.00044593174678152155,1.0908596515655518,1.0908596515655518,0.6626407504081726,0.6626407504081726,0.6626407504081726,False,16384,0.047414134999996804,345550.96280889877,1.483112096786499,0.35840240120887756,0.17222510278224945,0.42513588070869446,0.1635645031929016,0.16197946667671204,0.14266417920589447,0.12553751468658447,0.10538402199745178,0.005405114032328129
905,0.0004449495862648427,1.1010236740112305,1.1010236740112305,0.6144100427627563,0.6144100427627563,0.6144100427627563,False,16384,0.04746317499999009,345193.9319272978,1.4819867610931396,0.2932460308074951,0.16395139694213867,0.40883249044418335,0.15833774209022522,0.15581032633781433,0.14044544100761414,0.12696349620819092,0.11064592003822327,0.006897405255585909
906,0.00044396795473060786,1.115042805671692,1.115042805671692,0.6116034388542175,0.6116034388542175,0.6116034388542175,False,16384,0.0474792260000072,345077.2344097925,1.4782496690750122,0.2819873094558716,0.17296431958675385,0.4033356010913849,0.16554279625415802,0.15916228294372559,0.14650392532348633,0.127446711063385,0.10712915658950806,0.005090185906738043
907,0.00044298685712183307,1.0804848670959473,1.0804848670959473,0.6305027604103088,0.6305027604103088,0.6305027604103088,False,16384,0.0474337050000031,345408.3968350971,1.4718137979507446,0.2914312183856964,0.18070805072784424,0.4280608296394348,0.16473212838172913,0.15557138621807098,0.13983210921287537,0.12191573530435562,0.10451877117156982,0.005506718065589666
908,0.0004420062983788453,1.0951738357543945,1.0951738357543945,0.6335877180099487,0.6335877180099487,0.6335877180099487,False,16384,0.04743111499999486,345427.2580351901,1.4677679538726807,0.2975921630859375,0.16885419189929962,0.42994245886802673,0.171632319688797,0.1532476842403412,0.13947899639606476,0.12563596665859222,0.10626385360956192,0.00606430321931839
909,0.0004410262834392584,1.0852270126342773,1.0852270126342773,0.6083542704582214,0.6083542704582214,0.6083542704582214,False,16384,0.04739502399999651,345690.2986271556,1.4720572233200073,0.26599305868148804,0.16587364673614502,0.4108085036277771,0.17005041241645813,0.159915953874588,0.1430066078901291,0.12878498435020447,0.107241690158844,0.006115253083407879
910,0.0004400468172379476,1.1166341304779053,1.1166341304779053,0.6209481954574585,0.6209481954574585,0.6209481954574585,False,16384,0.047462604999992664,345198.0775181331,1.4729784727096558,0.27377042174339294,0.16706597805023193,0.41964852809906006,0.1685791164636612,0.1630224883556366,0.14725340902805328,0.12992896139621735,0.11409671604633331,0.005664587486535311
911,0.0004390679047070253,1.1123324632644653,1.1123324632644653,0.6293410658836365,0.6293410658836365,0.6293410658836365,False,16384,0.04747181500002284,345131.10568854626,1.4694035053253174,0.2965471148490906,0.16479064524173737,0.42710956931114197,0.16660413146018982,0.15958331525325775,0.14096030592918396,0.1235886737704277,0.10081758350133896,0.004414521623402834
912,0.0004380895507758154,1.075485348701477,1.075485348701477,0.6370346546173096,0.6370346546173096,0.6370346546173096,False,16384,0.04744143500002451,345352.1167728492,1.4696873426437378,0.31089186668395996,0.17229034006595612,0.42221012711524963,0.16494885087013245,0.1606631875038147,0.14509955048561096,0.12603871524333954,0.10592765361070633,0.005745572037994862
913,0.00043711176037082924,1.1106188297271729,1.1106188297271729,0.6180300712585449,0.6180300712585449,0.6180300712585449,False,16384,0.04742985400000066,345436.44178200024,1.471839189529419,0.27830398082733154,0.17180435359477997,0.41251251101493835,0.1729050725698471,0.16121971607208252,0.14447537064552307,0.12822148203849792,0.10769540816545486,0.004964048508554697
914,0.0004361345384157408,1.1076312065124512,1.1076312065124512,0.6345857977867126,0.6345857977867126,0.6345857977867126,False,16384,0.047459935000006226,345217.49766403704,1.471114993095398,0.2977364957332611,0.17232006788253784,0.4259506165981293,0.17200233042240143,0.16115623712539673,0.14285390079021454,0.12536033987998962,0.10591211915016174,0.005289612337946892
915,0.0004351578898313608,1.0839142799377441,1.0839142799377441,0.6101111173629761,0.6101111173629761,0.6101111173629761,False,16384,0.047466684999989184,345168.4060094724,1.4692975282669067,0.2612936198711395,0.16372258961200714,0.4142455458641052,0.17660652101039886,0.16508327424526215,0.14372137188911438,0.12595510482788086,0.10280350595712662,0.005032202694565058
916,0.00043418181953561397,1.0803475379943848,1.0803475379943848,0.6269906759262085,0.6269906759262085,0.6269906759262085,False,16384,0.04739978400002087,345655.58357803454,1.4683048725128174,0.2955774962902069,0.17010751366615295,0.4223986268043518,0.16616137325763702,0.16017907857894897,0.13976801931858063,0.12389250844717026,0.10108396410942078,0.0049725729040801525
917,0.0004332063324435119,1.1222386360168457,1.1222386360168457,0.6710710525512695,0.6710710525512695,0.6710710525512695,False,16384,0.04748682500002133,345022.0140005705,1.4709806442260742,0.30717432498931885,0.1777452677488327,0.45431289076805115,0.19564691185951233,0.17083512246608734,0.14588259160518646,0.13063690066337585,0.11020983755588531,0.005510898306965828
918,0.0004322314334671299,1.1011546850204468,1.1011546850204468,0.6245728135108948,0.6245728135108948,0.6245728135108948,False,16384,0.047453314999984286,345265.65741519694,1.467787265777588,0.2970464825630188,0.16034583747386932,0.4064340591430664,0.17509642243385315,0.16612608730793,0.14867015182971954,0.12975533306598663,0.1171557754278183,0.005814035423099995
919,0.0004312571275155823,1.0849692821502686,1.0849692821502686,0.6411322951316833,0.6411322951316833,0.6411322951316833,False,16384,0.04743636399999218,345389.03529795626,1.4678131341934204,0.3152458071708679,0.1680814027786255,0.4227270483970642,0.17871546745300293,0.16022691130638123,0.14290739595890045,0.12571598589420319,0.10416706651449203,0.00560956634581089
920,0.0004302834194949962,1.0785255432128906,1.0785255432128906,0.6837460398674011,0.6837460398674011,0.6837460398674011,False,16384,0.04749380499998779,344971.30731058953,1.4715056419372559,0.31997308135032654,0.17275579273700714,0.4607953727245331,0.2037063091993332,0.1715157926082611,0.14739398658275604,0.1290767639875412,0.11666058003902435,0.00629247073084116
921,0.0004293103143084888,1.1112526655197144,1.1112526655197144,0.5951760411262512,0.5951760411262512,0.5951760411262512,False,16384,0.04742169400000762,345495.882116682,1.474229335784912,0.24841853976249695,0.1853533685207367,0.3955182731151581,0.16971473395824432,0.16135412454605103,0.1437329649925232,0.12452328950166702,0.10347720235586166,0.004598410800099373
922,0.00042833781685614115,1.0989456176757812,1.0989456176757812,0.691282331943512,0.691282331943512,0.691282331943512,False,16384,0.047442175000014686,345346.7299927739,1.4761831760406494,0.3364768922328949,0.1749429851770401,0.45914992690086365,0.19857190549373627,0.16769757866859436,0.15103459358215332,0.13500626385211945,0.12082220613956451,0.006439358927309513
923,0.00042736593203497434,1.114419937133789,1.114419937133789,0.6308534145355225,0.6308534145355225,0.6308534145355225,False,16384,0.04744334500000491,345338.21339954645,1.4631569385528564,0.2889680564403534,0.17502404749393463,0.42339634895324707,0.1764240860939026,0.16258861124515533,0.1428777128458023,0.1260738968849182,0.1033615842461586,0.004774180706590414
924,0.00042639466473892447,1.0676980018615723,1.0676980018615723,0.6786618232727051,0.6786618232727051,0.6786618232727051,False,16384,0.047505536000016946,344886.1202196341,1.458979845046997,0.323681116104126,0.1634301245212555,0.4572750926017761,0.20814105868339539,0.16108590364456177,0.14286397397518158,0.1268077790737152,0.11912159621715546,0.007129978854209185
925,0.0004254240198588178,1.0755081176757812,1.0755081176757812,0.6341003179550171,0.6341003179550171,0.6341003179550171,False,16384,0.047836211999992884,342502.0359054023,1.4622328281402588,0.281757652759552,0.1733338087797165,0.4249922037124634,0.19029484689235687,0.1674065738916397,0.14432299137115479,0.12636533379554749,0.10472297668457031,0.005617501679807901
926,0.00042445400228234684,1.081939697265625,1.081939697265625,0.6254233121871948,0.6254233121871948,0.6254233121871948,False,16384,0.047621427999985144,344046.8017885795,1.4669556617736816,0.27572059631347656,0.17799112200737,0.4191787838935852,0.17308646440505981,0.1648140847682953,0.1483834832906723,0.12902572751045227,0.1091693714261055,0.005904983263462782
927,0.00042348461689404503,1.1064543724060059,1.1064543724060059,0.6889906525611877,0.6889906525611877,0.6889906525611877,False,16384,0.047441915000007384,345348.6226261619,1.467250108718872,0.32268211245536804,0.1813196986913681,0.4623451232910156,0.19395844638347626,0.17467041313648224,0.15613992512226105,0.13524696230888367,0.11447401344776154,0.006259816698729992
928,0.00042251586857526286,1.090864658355713,1.090864658355713,0.6387380361557007,0.6387380361557007,0.6387380361557007,False,16384,0.04738786300001152,345742.5374931133,1.4627864360809326,0.3031734526157379,0.1700170785188675,0.4193275272846222,0.17210091650485992,0.16469596326351166,0.14981666207313538,0.1359054148197174,0.11676322668790817,0.00619320897385478
929,0.0004215477622041418,1.0868067741394043,1.0868067741394043,0.6687341928482056,0.6687341928482056,0.6687341928482056,False,16384,0.047396654000010585,345678.4101256671,1.4612078666687012,0.32842928171157837,0.17378047108650208,0.44389376044273376,0.17999635636806488,0.16569189727306366,0.1479736566543579,0.13082677125930786,0.11485256254673004,0.006547604687511921
930,0.00042058030265559225,1.0960392951965332,1.0960392951965332,0.6503332257270813,0.6503332257270813,0.6503332257270813,False,16384,0.04750084600001969,344920.1725795201,1.4637693166732788,0.31495189666748047,0.17638759315013885,0.42306965589523315,0.18275237083435059,0.16575179994106293,0.15028002858161926,0.13157443702220917,0.11327261477708817,0.006276027299463749
931,0.0004196134948012663,1.083519697189331,1.083519697189331,0.6831663846969604,0.6831663846969604,0.6831663846969604,False,16384,0.047454714999986436,345255.47145325143,1.4652211666107178,0.3403264284133911,0.17501625418663025,0.44710540771484375,0.19943340122699738,0.16915597021579742,0.1480199545621872,0.12972745299339294,0.11486230790615082,0.006360054016113281
932,0.000418647343509535,1.0766562223434448,1.0766562223434448,0.6488333344459534,0.6488333344459534,0.6488333344459534,False,16384,0.047486466000009386,345024.62238391803,1.4642101526260376,0.3158515989780426,0.174837127327919,0.41861072182655334,0.17990262806415558,0.16957546770572662,0.1494908630847931,0.1347772479057312,0.117192842066288,0.0072201625443995
933,0.0004176818536454633,1.0888400077819824,1.0888400077819824,0.6599920988082886,0.6599920988082886,0.6599920988082886,False,16384,0.04744619500002045,345317.4696093741,1.4688746929168701,0.30028003454208374,0.17956414818763733,0.440570592880249,0.1990811824798584,0.16519282758235931,0.14945435523986816,0.13039393723011017,0.11307939887046814,0.005258306860923767
934,0.0004167170300707851,1.0836185216903687,1.0836185216903687,0.648068904876709,0.648068904876709,0.648068904876709,False,16384,0.047438685000003034,345372.13668546994,1.468467116355896,0.3101173937320709,0.17730112373828888,0.4324897527694702,0.17359206080436707,0.16151843965053558,0.14257943630218506,0.13005687296390533,0.10880779474973679,0.005678143352270126
935,0.00041575287764387974,1.0632681846618652,1.0632681846618652,0.6381587386131287,0.6381587386131287,0.6381587386131287,False,16384,0.04758688699999425,344296.5285794379,1.4677457809448242,0.3147611618041992,0.1711706817150116,0.42201557755470276,0.16666445136070251,0.16676448285579681,0.1420278549194336,0.12228740751743317,0.10018310695886612,0.005021197721362114
936,0.0004147894012197466,1.0979571342468262,1.0979571342468262,0.6575309038162231,0.6575309038162231,0.6575309038162231,False,16384,0.04745492600000034,345253.9363352897,1.4698575735092163,0.31308257579803467,0.16869781911373138,0.43150511384010315,0.18667782843112946,0.17543767392635345,0.15284647047519684,0.1319412887096405,0.11505509167909622,0.005947545636445284
937,0.0004138266056499813,1.0827957391738892,1.0827957391738892,0.6968392133712769,0.6968392133712769,0.6968392133712769,False,16384,0.04735255299999608,346000.3518712361,1.4676975011825562,0.3541111350059509,0.19086101651191711,0.4475080966949463,0.18385763466358185,0.17121385037899017,0.15906040370464325,0.14113645255565643,0.12294783443212509,0.0067103030160069466
938,0.00041286449578275094,1.0308570861816406,1.0308570861816406,0.638927161693573,0.638927161693573,0.638927161693573,False,16384,0.047522906000011744,344760.0616005248,1.4651356935501099,0.3134026527404785,0.16948196291923523,0.41294074058532715,0.17256450653076172,0.16977982223033905,0.15219266712665558,0.13003061711788177,0.10981279611587524,0.005417348351329565
939,0.00041190307646276925,1.0611865520477295,1.0611865520477295,0.6182771325111389,0.6182771325111389,0.6182771325111389,False,16384,0.047386454000019285,345752.81788321474,1.466404914855957,0.2530253231525421,0.171353280544281,0.4191621243953705,0.17752766609191895,0.17193123698234558,0.15382297337055206,0.1296612024307251,0.10774204134941101,0.005260554142296314
940,0.0004109423525312737,1.0694291591644287,1.0694291591644287,0.6166994571685791,0.6166994571685791,0.6166994571685791,False,16384,0.04749484600000642,344963.74617148534,1.4636571407318115,0.26305562257766724,0.17285971343517303,0.41053569316864014,0.18269489705562592,0.17482303082942963,0.14903245866298676,0.1263102889060974,0.10280869901180267,0.004984273575246334
941,0.0004099823288259992,1.0772151947021484,1.0772151947021484,0.6314104795455933,0.6314104795455933,0.6314104795455933,False,16384,0.04761167799998134,344117.25627495046,1.4610074758529663,0.3065429627895355,0.17713768780231476,0.40707096457481384,0.17982670664787292,0.16434676945209503,0.14256738126277924,0.1279819905757904,0.10746782273054123,0.004934386815875769
942,0.0004090230101811554,1.0915971994400024,1.0915971994400024,0.6355296969413757,0.6355296969413757,0.6355296969413757,False,16384,0.047625637999999526,344016.38881982357,1.4567960500717163,0.31550490856170654,0.17124229669570923,0.4139515161514282,0.17171965539455414,0.16061823070049286,0.14231735467910767,0.12974882125854492,0.10618981719017029,0.004878545179963112
943,0.0004080644014274009,1.0577692985534668,1.0577692985534668,0.6290466785430908,0.6290466785430908,0.6290466785430908,False,16384,0.0474493060000043,345294.82896964846,1.456611156463623,0.3024110496044159,0.1765546202659607,0.41585806012153625,0.16693222522735596,0.159233957529068,0.14064747095108032,0.12519729137420654,0.10693080723285675,0.005067957565188408
944,0.0004071065073918201,1.0838830471038818,1.0838830471038818,0.6340700387954712,0.6340700387954712,0.6340700387954712,False,16384,0.0476357179999809,343943.59291501745,1.461987853050232,0.27546775341033936,0.17845933139324188,0.4246973693370819,0.17749042809009552,0.167730450630188,0.15198162198066711,0.13586550951004028,0.11281423270702362,0.0050504254177212715
945,0.0004061493328978984,1.068016767501831,1.068016767501831,0.6728224754333496,0.6728224754333496,0.6728224754333496,False,16384,0.047387974999992366,345741.72034155583,1.467003345489502,0.3600667715072632,0.1767912656068802,0.42935407161712646,0.1736249029636383,0.1610790342092514,0.1449529081583023,0.13305531442165375,0.11222486197948456,0.006352402735501528
946,0.00040519288276549766,1.1003464460372925,1.1003464460372925,0.6339504718780518,0.6339504718780518,0.6339504718780518,False,16384,0.047422764999993205,345488.0794066383,1.4734309911727905,0.28311887383461,0.1775277853012085,0.4140166938304901,0.18675033748149872,0.17217397689819336,0.14980371296405792,0.1365831345319748,0.11472846567630768,0.0057143038138747215
947,0.00040423716181083285,1.0827717781066895,1.0827717781066895,0.6211122274398804,0.6211122274398804,0.6211122274398804,False,16384,0.04755091699999525,344556.9724765063,1.4732253551483154,0.2639060914516449,0.1688099354505539,0.4172185957431793,0.17544980347156525,0.17141078412532806,0.1513919234275818,0.13334964215755463,0.1125442162156105,0.005800663959234953
948,0.00040328217484644617,1.0755428075790405,1.0755428075790405,0.7168715000152588,0.7168715000152588,0.7168715000152588,False,16384,0.04748716599999625,345019.53643646144,1.4721081256866455,0.37241774797439575,0.16978882253170013,0.4675326347351074,0.20499926805496216,0.17483271658420563,0.15466101467609406,0.133711040019989,0.11561336368322372,0.006204070523381233
949,0.00040232792668118465,1.051004409790039,1.051004409790039,0.6548810005187988,0.6548810005187988,0.6548810005187988,False,16384,0.04753691700000218,344658.44724425965,1.4733319282531738,0.33270007371902466,0.17130668461322784,0.4179893434047699,0.1865989863872528,0.1643286496400833,0.15001320838928223,0.13301703333854675,0.10984891653060913,0.005597804207354784
950,0.00040137442212017494,1.0540663003921509,1.0540663003921509,0.58934485912323,0.58934485912323,0.58934485912323,False,16384,0.04750565599999845,344885.24903225276,1.4741042852401733,0.24971893429756165,0.16876311600208282,0.3903068006038666,0.16715966165065765,0.1609216332435608,0.1475888341665268,0.12992097437381744,0.10782889276742935,0.004510237369686365
951,0.0004004216659647987,1.089369535446167,1.089369535446167,0.7081369161605835,0.7081369161605835,0.7081369161605835,False,16384,0.04751809600000456,344794.95979801944,1.477176308631897,0.36175283789634705,0.1828327775001526,0.4660649597644806,0.1860528439283371,0.17147335410118103,0.15384244918823242,0.13617561757564545,0.11695099622011185,0.006389119662344456
952,0.0003994696630126696,1.0908509492874146,1.0908509492874146,0.7871867418289185,0.7871867418289185,0.7871867418289185,False,16384,0.047558107000014616,344504.8811550671,1.4775465726852417,0.4250267446041107,0.18001222610473633,0.519865870475769,0.2266514152288437,0.177918940782547,0.15369929373264313,0.13272441923618317,0.109811931848526,0.005138075910508633
953,0.0003985184180576084,1.0128800868988037,1.0128800868988037,0.613110363483429,0.613110363483429,0.613110363483429,False,16384,0.04741287500002045,345560.14584631147,1.4798425436019897,0.2871074676513672,0.17222744226455688,0.4061918258666992,0.16394847631454468,0.15750862658023834,0.14491401612758636,0.12615148723125458,0.10094298422336578,0.005258255638182163
954,0.0003975679358896189,1.0745370388031006,1.0745370388031006,0.6653857827186584,0.6653857827186584,0.6653857827186584,False,16384,0.04744586499998604,345319.87139458454,1.4880626201629639,0.2986588478088379,0.180513396859169,0.4446164667606354,0.19460119307041168,0.17068922519683838,0.15584877133369446,0.13844417035579681,0.11306682974100113,0.0052931709215044975
955,0.00039661822129486373,1.0574746131896973,1.0574746131896973,0.6451061367988586,0.6451061367988586,0.6451061367988586,False,16384,0.04753726699999561,344655.9096466676,1.4867414236068726,0.2896627187728882,0.1808548867702484,0.43771663308143616,0.17186720669269562,0.16353534162044525,0.15002620220184326,0.132063627243042,0.10812302678823471,0.00562887592241168
956,0.00039566927905564087,1.0582776069641113,1.0582776069641113,0.6802929043769836,0.6802929043769836,0.6802929043769836,False,16384,0.047446344999997336,345316.3779001506,1.482621192932129,0.31175845861434937,0.1672297567129135,0.4651164412498474,0.19221612811088562,0.17297211289405823,0.15325374901294708,0.13380897045135498,0.11409377306699753,0.0055360859259963036
957,0.00039472111395035843,1.0515520572662354,1.0515520572662354,0.6278837323188782,0.6278837323188782,0.6278837323188782,False,16384,0.04751124599999912,344844.6710911413,1.479783296585083,0.28629034757614136,0.17866958677768707,0.41760092973709106,0.1811496466398239,0.1623789668083191,0.14210984110832214,0.12478691339492798,0.10480023175477982,0.005502719432115555
958,0.00039377373075351167,1.0501562356948853,1.0501562356948853,0.6403803825378418,0.6403803825378418,0.6403803825378418,False,16384,0.04745280500000604,345269.36816480954,1.482802391052246,0.29184481501579285,0.174745574593544,0.43011990189552307,0.17792251706123352,0.165385901927948,0.14782384037971497,0.12989017367362976,0.10777099430561066,0.005258472636342049
959,0.0003928271342356588,1.0216522216796875,1.0216522216796875,0.6588506698608398,0.6588506698608398,0.6588506698608398,False,16384,0.0474358749999908,345392.5957938623,1.4861547946929932,0.31008297204971313,0.17719556391239166,0.43605151772499084,0.18646931648254395,0.16807116568088531,0.15161997079849243,0.13227702677249908,0.11336544901132584,0.006103893276304007
960,0.0003918813291633957,1.0627963542938232,1.0627963542938232,0.6530501246452332,0.6530501246452332,0.6530501246452332,False,16384,0.047601127999996606,344193.5241534858,1.4813711643218994,0.2683742344379425,0.17977963387966156,0.44521236419677734,0.19285047054290771,0.17442475259304047,0.15852317214012146,0.13609625399112701,0.11235512048006058,0.004917296580970287
961,0.00039093632029933435,1.0801267623901367,1.0801267623901367,0.7064113616943359,0.7064113616943359,0.7064113616943359,False,16384,0.047515685999997004,344812.4478304077,1.478224515914917,0.3045937120914459,0.1970759779214859,0.4772677719593048,0.1991150677204132,0.18899711966514587,0.16609714925289154,0.14438971877098083,0.12555676698684692,0.006951636169105768
962,0.00038999211240207607,1.0486600399017334,1.0486600399017334,0.6589802503585815,0.6589802503585815,0.6589802503585815,False,16384,0.04743449500000452,345402.64421489974,1.4754295349121094,0.3064286410808563,0.17364992201328278,0.44213730096817017,0.1824224889278412,0.16966772079467773,0.15388736128807068,0.13215911388397217,0.10712400823831558,0.005370369181036949
963,0.0003890487102261898,1.057542085647583,1.057542085647583,0.6567466259002686,0.6567466259002686,0.6567466259002686,False,16384,0.04746894600000928,345151.9652447475,1.476487636566162,0.2974439263343811,0.17789581418037415,0.43382036685943604,0.1925402730703354,0.17355655133724213,0.1579640656709671,0.1320379376411438,0.11565027385950089,0.0063950540497899055
964,0.000388106118522187,1.0555942058563232,1.0555942058563232,0.6487637758255005,0.6487637758255005,0.6487637758255005,False,16384,0.04742164500001422,345496.23911180405,1.4787942171096802,0.3068600594997406,0.17909111082553864,0.42765387892723083,0.17532604932785034,0.16695891320705414,0.15226007997989655,0.13033166527748108,0.11377998441457748,0.00632273405790329
965,0.0003871643420364976,1.0448111295700073,1.0448111295700073,0.6358704566955566,0.6358704566955566,0.6358704566955566,False,16384,0.04754447800002026,344603.63619920315,1.4826854467391968,0.27928218245506287,0.17836520075798035,0.42782387137413025,0.18372108042240143,0.16498133540153503,0.15005090832710266,0.12993477284908295,0.10531298071146011,0.004886541049927473
966,0.00038622338551144703,1.0567800998687744,1.0567800998687744,0.6752766370773315,0.6752766370773315,0.6752766370773315,False,16384,0.04739242400000876,345709.2635733714,1.4900106191635132,0.3163953721523285,0.1677456498146057,0.4505532383918762,0.20394383370876312,0.16980622708797455,0.15352049469947815,0.13372427225112915,0.11334842443466187,0.00546371890231967
967,0.0003852832536852316,1.0987026691436768,1.0987026691436768,0.7005014419555664,0.7005014419555664,0.7005014419555664,False,16384,0.047393664999987095,345700.21119920694,1.4940546751022339,0.31081998348236084,0.1911892592906952,0.47920727729797363,0.1967104822397232,0.17922942340373993,0.15901419520378113,0.13991187512874603,0.11046692728996277,0.004269711207598448
968,0.0003843439512918949,1.0787060260772705,1.0787060260772705,0.7536320686340332,0.7536320686340332,0.7536320686340332,False,16384,0.04750321699998494,344902.9567830152,1.4865857362747192,0.4116799235343933,0.18428552150726318,0.47383856773376465,0.21690063178539276,0.18531593680381775,0.15703918039798737,0.14105914533138275,0.11835089325904846,0.006555176340043545
969,0.00038340548306130387,1.0614211559295654,1.0614211559295654,0.6607199311256409,0.6607199311256409,0.6607199311256409,False,16384,0.0474101350000069,345580.1169939215,1.4749261140823364,0.2534850537776947,0.1762058287858963,0.4627828598022461,0.19694207608699799,0.1732371598482132,0.1615053117275238,0.1380956619977951,0.11444643139839172,0.005477814469486475
970,0.00038246785371912463,1.0536696910858154,1.0536696910858154,0.7356496453285217,0.7356496453285217,0.7356496453285217,False,16384,0.04743388599999321,345407.07881286275,1.4719654321670532,0.37588998675346375,0.1901632398366928,0.4827880263328552,0.20758990943431854,0.17753610014915466,0.1546981781721115,0.13639327883720398,0.11598227918148041,0.006452839355915785
971,0.0003815310679867999,1.0884835720062256,1.0884835720062256,0.7077844142913818,0.7077844142913818,0.7077844142913818,False,16384,0.047563877000015964,344463.089079019,1.474359393119812,0.3644825220108032,0.19061315059661865,0.4508420526981354,0.18958178162574768,0.1852564513683319,0.16042903065681458,0.13804858922958374,0.11590526252985,0.005403509829193354
972,0.0003805951305815236,1.05637526512146,1.05637526512146,0.6573901176452637,0.6573901176452637,0.6573901176452637,False,16384,0.047514397000014696,344821.80211599724,1.4726314544677734,0.3008720576763153,0.17720721662044525,0.43117403984069824,0.1844295859336853,0.1759505420923233,0.15906855463981628,0.14081943035125732,0.11910011619329453,0.005804607644677162
973,0.0003796600462162184,1.0602954626083374,1.0602954626083374,0.6900338530540466,0.6900338530540466,0.6900338530540466,False,16384,0.04742591499999094,345465.1323016779,1.468962550163269,0.335782527923584,0.17172330617904663,0.4557090997695923,0.19677434861660004,0.17704182863235474,0.1553983986377716,0.1363593488931656,0.11574665457010269,0.005776915233582258
974,0.0003787258195995111,1.0408010482788086,1.0408010482788086,0.7087154388427734,0.7087154388427734,0.7087154388427734,False,16384,0.047400195000022904,345652.586450163,1.4687410593032837,0.38066455721855164,0.18190433084964752,0.44535326957702637,0.18842969834804535,0.17241623997688293,0.15811143815517426,0.1414991021156311,0.1250840127468109,0.006562742870301008
975,0.0003777924554357096,1.0740164518356323,1.0740164518356323,0.6646947264671326,0.6646947264671326,0.6646947264671326,False,16384,0.04743033500000138,345432.93864569004,1.4674615859985352,0.30035948753356934,0.18425874412059784,0.4311062693595886,0.18880784511566162,0.1851571500301361,0.1629278063774109,0.14424452185630798,0.12035029381513596,0.005621251184493303
976,0.00037685995842477884,1.0639311075210571,1.0639311075210571,0.7278821468353271,0.7278821468353271,0.7278821468353271,False,16384,0.04741895500001192,345515.83855013,1.4700891971588135,0.3628099858760834,0.17304567992687225,0.47991812229156494,0.22959665954113007,0.17380614578723907,0.15347474813461304,0.13580761849880219,0.11386586725711823,0.0053211115300655365
977,0.000375928333262317,1.0692987442016602,1.0692987442016602,0.7113103270530701,0.7113103270530701,0.7113103270530701,False,16384,0.047368113999993966,345886.6865588545,1.4687108993530273,0.3661268353462219,0.1824326068162918,0.4658147096633911,0.19428718090057373,0.17376138269901276,0.15192535519599915,0.13529857993125916,0.11088450253009796,0.005063226446509361
978,0.0003749975846395325,1.0501682758331299,1.0501682758331299,0.6838102340698242,0.6838102340698242,0.6838102340698242,False,16384,0.04742649599998572,345460.9001686512,1.4692045450210571,0.32106679677963257,0.1888766586780548,0.4441099762916565,0.19514374434947968,0.1791132539510727,0.15938276052474976,0.14416305720806122,0.12333457916975021,0.006673123687505722
979,0.0003740677172432192,1.0377025604248047,1.0377025604248047,0.6930711269378662,0.6930711269378662,0.6930711269378662,False,16384,0.04745660599999724,345241.71408298676,1.4717965126037598,0.29161641001701355,0.19577907025814056,0.4801786243915558,0.19609683752059937,0.17365168035030365,0.15877962112426758,0.13993678987026215,0.11392241716384888,0.005102620460093021
980,0.0003731387357557344,1.0547606945037842,1.0547606945037842,0.7215509414672852,0.7215509414672852,0.7215509414672852,False,16384,0.04746220500001641,345200.98676398065,1.478073000907898,0.3474911153316498,0.19050398468971252,0.4771973192691803,0.20939019322395325,0.18246017396450043,0.1623566746711731,0.14133010804653168,0.1112937480211258,0.004530039615929127
981,0.0003722106448549737,1.0540368556976318,1.0540368556976318,0.6610941886901855,0.6610941886901855,0.6610941886901855,False,16384,0.04745312599999352,345267.0325660366,1.4815868139266968,0.30559489130973816,0.18120622634887695,0.42863214015960693,0.19150222837924957,0.17978551983833313,0.15841954946517944,0.1407933533191681,0.11467599868774414,0.005479356274008751
982,0.00037128344921434875,1.044750452041626,1.044750452041626,0.6592387557029724,0.6592387557029724,0.6592387557029724,False,16384,0.047410544000001664,345577.13575274363,1.4804843664169312,0.2875412404537201,0.181374654173851,0.4443511962890625,0.19085437059402466,0.17511612176895142,0.15256522595882416,0.1365746706724167,0.11190029233694077,0.005428188014775515
983,0.00037035715350276256,1.041560173034668,1.041560173034668,0.7028197646141052,0.7028197646141052,0.7028197646141052,False,16384,0.04738643400000342,345752.96381236066,1.4767643213272095,0.30660250782966614,0.18247196078300476,0.4891310930252075,0.21026158332824707,0.17556706070899963,0.15281882882118225,0.13316498696804047,0.10612230747938156,0.0048059201799333096
984,0.0003694317623845866,1.0576584339141846,1.0576584339141846,0.6619415283203125,0.6619415283203125,0.6619415283203125,False,16384,0.047399073999997654,345660.7612207954,1.4800782203674316,0.29784125089645386,0.17448197305202484,0.45517033338546753,0.18228627741336823,0.16678157448768616,0.15038278698921204,0.13127775490283966,0.10449790209531784,0.004486673511564732
985,0.00036850728051963775,1.052135705947876,1.052135705947876,0.678280770778656,0.678280770778656,0.678280770778656,False,16384,0.04736219399998731,345929.9203918718,1.4818155765533447,0.3096098005771637,0.1755729615688324,0.460968941450119,0.19927972555160522,0.16701866686344147,0.14956937730312347,0.13511823117733002,0.11235624551773071,0.005364370997995138
986,0.00036758371256315377,1.049834966659546,1.049834966659546,0.7138152718544006,0.7138152718544006,0.7138152718544006,False,16384,0.0474541049999857,345259.9095484982,1.485644817352295,0.34772789478302,0.1810230314731598,0.4820614755153656,0.1958860158920288,0.17672307789325714,0.15707126259803772,0.13231700658798218,0.10798131674528122,0.004845116287469864
987,0.00036666106316577085,1.0476024150848389,1.0476024150848389,0.7077696323394775,0.7077696323394775,0.7077696323394775,False,16384,0.0473885239999845,345737.7148949682,1.492738127708435,0.29361963272094727,0.1861329972743988,0.491319864988327,0.21147629618644714,0.18138213455677032,0.16504642367362976,0.14282268285751343,0.1157597005367279,0.0048985606990754604
988,0.00036573933697349936,1.051039218902588,1.051039218902588,0.6759214997291565,0.6759214997291565,0.6759214997291565,False,16384,0.04743212500000027,345419.9026503642,1.496086835861206,0.27308937907218933,0.18078714609146118,0.46030759811401367,0.2032507061958313,0.18746976554393768,0.1666117012500763,0.14456751942634583,0.11220486462116241,0.004485524725168943
989,0.000364818538627701,1.0455729961395264,1.0455729961395264,0.6704129576683044,0.6704129576683044,0.6704129576683044,False,16384,0.04741499499999691,345544.69530158275,1.4946696758270264,0.29744336009025574,0.1828446090221405,0.4461974501609802,0.19762180745601654,0.17666880786418915,0.15977522730827332,0.13922171294689178,0.1150958463549614,0.005703061819076538
990,0.00036389867276506575,1.0193065404891968,1.0193065404891968,0.63641756772995,0.63641756772995,0.63641756772995,False,16384,0.047486904999999524,345021.43275077967,1.4930481910705566,0.27849888801574707,0.17871364951133728,0.41821378469467163,0.18303248286247253,0.17819403111934662,0.15443138778209686,0.13665319979190826,0.11320503056049347,0.005641303490847349
991,0.0003629797440175872,1.0291130542755127,1.0291130542755127,0.7109807729721069,0.7109807729721069,0.7109807729721069,False,16384,0.047380263999997396,345797.9887997437,1.4974372386932373,0.3230632543563843,0.18822064995765686,0.47886794805526733,0.20746344327926636,0.18237634003162384,0.16149871051311493,0.14305563271045685,0.11622278392314911,0.005054083652794361
992,0.00036206175701254103,1.0512354373931885,1.0512354373931885,0.703586995601654,0.703586995601654,0.703586995601654,False,16384,0.04750036599997998,344923.6580620643,1.503296136856079,0.3696443438529968,0.18390466272830963,0.4536837935447693,0.18480049073696136,0.17582519352436066,0.15606585144996643,0.13451126217842102,0.10588449984788895,0.004544403403997421
993,0.0003611447163724599,1.0244712829589844,1.0244712829589844,0.6760915517807007,0.6760915517807007,0.6760915517807007,False,16384,0.04744992499999512,345290.3244842154,1.5103188753128052,0.31980136036872864,0.17719236016273499,0.44999706745147705,0.18263782560825348,0.1781603842973709,0.15627695620059967,0.13756191730499268,0.11164211481809616,0.004992842208594084
994,0.0003602286267151117,1.006381630897522,1.006381630897522,0.663078248500824,0.663078248500824,0.663078248500824,False,16384,0.047447806000008086,345305.7450116283,1.5133440494537354,0.3059156537055969,0.17548586428165436,0.4325467348098755,0.18802961707115173,0.18150632083415985,0.15977215766906738,0.14332976937294006,0.1174592599272728,0.005432654172182083
995,0.0003593134926534751,1.039147138595581,1.039147138595581,0.7693947553634644,0.7693947553634644,0.7693947553634644,False,16384,0.04761288799997487,344108.5111243125,1.5143359899520874,0.3910684287548065,0.19862207770347595,0.5016462206840515,0.22134262323379517,0.18965864181518555,0.16528759896755219,0.14463187754154205,0.12125381827354431,0.005506486631929874
996,0.0003583993187957173,1.037375807762146,1.037375807762146,0.7128456234931946,0.7128456234931946,0.7128456234931946,False,16384,0.04760507699998584,344164.97215212724,1.5095164775848389,0.35080018639564514,0.18878233432769775,0.4662710726261139,0.19436430931091309,0.18704304099082947,0.16357935965061188,0.14054171741008759,0.11288385838270187,0.005004427395761013
997,0.00035748610974517027,1.0081055164337158,1.0081055164337158,0.6674565076828003,0.6674565076828003,0.6674565076828003,False,16384,0.04751260599999796,344834.8002633386,1.5042352676391602,0.25859737396240234,0.18311622738838196,0.45827803015708923,0.2051270753145218,0.18735380470752716,0.162806898355484,0.13666167855262756,0.11265958100557327,0.004692282993346453
998,0.0003565738701003074,1.0209039449691772,1.0209039449691772,0.6448562145233154,0.6448562145233154,0.6448562145233154,False,16384,0.04740055400000642,345649.96856361174,1.503103256225586,0.25445857644081116,0.18882004916667938,0.4333626627922058,0.19195599853992462,0.18151375651359558,0.1608342081308365,0.13900743424892426,0.11237040907144547,0.004690127447247505
999,0.0003556626044547212,1.020298719406128,1.020298719406128,0.6331588625907898,0.6331588625907898,0.6331588625907898,False,16384,0.04744151500000271,345351.5344102958,1.5075018405914307,0.25059613585472107,0.1780678629875183,0.42597177624702454,0.1897745579481125,0.17915943264961243,0.1581747829914093,0.13963958621025085,0.11079122126102448,0.005091114901006222
1000,0.00035475231739709885,1.0404739379882812,1.0404739379882812,0.7127870321273804,0.7127870321273804,0.7127870321273804,False,16384,0.04763711800001147,343933.48480896885,1.5144374370574951,0.3460385799407959,0.1913834661245346,0.46666139364242554,0.2010507732629776,0.18245813250541687,0.16458915174007416,0.14169873297214508,0.11408531665802002,0.005112193524837494
1001,0.00035384301351120047,1.0430526733398438,1.0430526733398438,0.6946399211883545,0.6946399211883545,0.6946399211883545,False,16384,0.04754437700000835,344604.3682515205,1.5150461196899414,0.2956744432449341,0.19322219491004944,0.4607897400856018,0.2001882791519165,0.19169780611991882,0.175251305103302,0.15003204345703125,0.123957060277462,0.00527610071003437
1002,0.0003529346973758352,1.0314792394638062,1.0314792394638062,0.6868880987167358,0.6868880987167358,0.6868880987167358,False,16384,0.04749092600002314,344992.2201978546,1.5086548328399658,0.3120677173137665,0.18011808395385742,0.4571838080883026,0.19523708522319794,0.1848040670156479,0.16368348896503448,0.14435406029224396,0.11419960111379623,0.005241788923740387
1003,0.00035202737356483817,1.0091148614883423,1.0091148614883423,0.6630961298942566,0.6630961298942566,0.6630961298942566,False,16384,0.047496875999996746,344949.0025407381,1.5038527250289917,0.2915318012237549,0.17806310951709747,0.43829795718193054,0.19933664798736572,0.18156930804252625,0.1628870815038681,0.1379512995481491,0.1122564747929573,0.005229872185736895
1004,0.00035112104664704807,1.0181429386138916,1.0181429386138916,0.7064825892448425,0.7064825892448425,0.7064825892448425,False,16384,0.04742691399999899,345457.85542783473,1.5078622102737427,0.3359498381614685,0.1892143040895462,0.4568052887916565,0.20619139075279236,0.182269886136055,0.16764795780181885,0.1508471518754959,0.12305411696434021,0.006480244919657707
1005,0.0003502157211862831,1.0364453792572021,1.0364453792572021,0.6787163615226746,0.6787163615226746,0.6787163615226746,False,16384,0.04740131400001246,345644.4266501914,1.5070558786392212,0.3083401620388031,0.18295350670814514,0.4474217891693115,0.19443145394325256,0.1808803677558899,0.163919135928154,0.14314010739326477,0.11838453263044357,0.005410310346633196
1006,0.00034931140174131913,1.0200800895690918,1.0200800895690918,0.7013447880744934,0.7013447880744934,0.7013447880744934,False,16384,0.047525755999998864,344739.3872072312,1.505767822265625,0.32753419876098633,0.17487116158008575,0.47419318556785583,0.20175236463546753,0.18078884482383728,0.15778152644634247,0.1356201022863388,0.11162710934877396,0.005448550917208195
1007,0.0003484080928658662,1.0359468460083008,1.0359468460083008,0.673189103603363,0.673189103603363,0.673189103603363,False,16384,0.04744675599999937,345313.3866517706,1.5068767070770264,0.30932217836380005,0.182070791721344,0.4400313198566437,0.18975356221199036,0.18450087308883667,0.1630280464887619,0.14272701740264893,0.11707289516925812,0.004880958702415228
1008,0.00034750579910854546,1.0044972896575928,1.0044972896575928,0.6715499758720398,0.6715499758720398,0.6715499758720398,False,16384,0.047407443999986754,345599.7332403025,1.5065529346466064,0.28089067339897156,0.178347647190094,0.4609849154949188,0.2015380561351776,0.1756676435470581,0.15872927010059357,0.13613387942314148,0.1119762733578682,0.004687096923589706
1009,0.00034660452501286644,1.0175460577011108,1.0175460577011108,0.687037467956543,0.687037467956543,0.687037467956543,False,16384,0.047444174999981215,345332.17196856067,1.5125480890274048,0.30549848079681396,0.17837248742580414,0.4596719443798065,0.19644072651863098,0.18977537751197815,0.16854149103164673,0.14175990223884583,0.1115771234035492,0.004567114636301994
1010,0.00034570427511720393,1.0159162282943726,1.0159162282943726,0.6782532930374146,0.6782532930374146,0.6782532930374146,False,16384,0.047374824000002036,345837.6964102135,1.5121062994003296,0.2955566346645355,0.18215776979923248,0.449867844581604,0.19802074134349823,0.18681152164936066,0.1705811619758606,0.1452014297246933,0.11313747614622116,0.004359270911663771
1011,0.000344805053954776,1.0023798942565918,1.0023798942565918,0.6473966836929321,0.6473966836929321,0.6473966836929321,False,16384,0.04745685500000718,345239.90264414955,1.5045990943908691,0.24123556911945343,0.1810433566570282,0.44855090975761414,0.1940283179283142,0.17687176167964935,0.16306191682815552,0.13864488899707794,0.11041071265935898,0.0045348964631557465
1012,0.00034390686605361966,1.016228437423706,1.016228437423706,0.6629427671432495,0.6629427671432495,0.6629427671432495,False,16384,0.047413884999997435,345552.7848013485,1.4987248182296753,0.2937195897102356,0.18868765234947205,0.4353502690792084,0.19629345834255219,0.17813661694526672,0.1612158715724945,0.1399056613445282,0.11059537529945374,0.005459174979478121
1013,0.0003430097159365696,1.0148664712905884,1.0148664712905884,0.645926296710968,0.645926296710968,0.645926296710968,False,16384,0.04741379400002188,345553.44801119354,1.4970020055770874,0.2664735019207001,0.1765403002500534,0.4303332269191742,0.18745744228363037,0.18465903401374817,0.16407355666160583,0.14274193346500397,0.11534904688596725,0.004410126246511936
1014,0.0003421136081212347,1.0380618572235107,1.0380618572235107,0.7056251764297485,0.7056251764297485,0.7056251764297485,False,16384,0.04741768499999921,345525.09258940566,1.49652099609375,0.32842278480529785,0.19386699795722961,0.46195152401924133,0.21193383634090424,0.18357567489147186,0.16283828020095825,0.1425343155860901,0.11655955761671066,0.005222128704190254
1015,0.0003412185471199747,1.0320570468902588,1.0320570468902588,0.6408023238182068,0.6408023238182068,0.6408023238182068,False,16384,0.047410844000012276,345574.94905586913,1.4966177940368652,0.27156516909599304,0.18469862639904022,0.42502859234809875,0.18321578204631805,0.17711706459522247,0.15726794302463531,0.1379329115152359,0.11571715772151947,0.005424275528639555
1016,0.000340324537439879,1.0306079387664795,1.0306079387664795,0.7072446942329407,0.7072446942329407,0.7072446942329407,False,16384,0.04748337600000241,345047.07500155777,1.5013147592544556,0.34833285212516785,0.17863723635673523,0.4557468891143799,0.20302172005176544,0.1877305805683136,0.16410814225673676,0.1463901549577713,0.11992722749710083,0.006165325175970793
1017,0.00033943158358274204,1.0522751808166504,1.0522751808166504,0.6966297626495361,0.6966297626495361,0.6966297626495361,False,16384,0.047423503999993954,345482.69566926325,1.507775902748108,0.3232630789279938,0.19694922864437103,0.4499374330043793,0.19612042605876923,0.18704679608345032,0.171322762966156,0.1530337780714035,0.11539483815431595,0.0049749454483389854
1018,0.0003385396900450426,1.030468463897705,1.030468463897705,0.7287740111351013,0.7287740111351013,0.7287740111351013,False,16384,0.047512506000003896,344835.5260402105,1.507952094078064,0.3234274983406067,0.2069990038871765,0.49317386746406555,0.20789599418640137,0.1900952309370041,0.16840215027332306,0.14395089447498322,0.10944535583257675,0.004555645864456892
1019,0.0003376488613179196,1.0024926662445068,1.0024926662445068,0.6735706925392151,0.6735706925392151,0.6735706925392151,False,16384,0.04756585699999505,344448.7502874532,1.5041495561599731,0.287138968706131,0.18272291123867035,0.45232483744621277,0.19760556519031525,0.18066096305847168,0.16379985213279724,0.14461302757263184,0.11746576428413391,0.005948035046458244
1020,0.00033675910188715063,1.020829677581787,1.020829677581787,0.679129958152771,0.679129958152771,0.679129958152771,False,16384,0.047407174999989365,345601.69425838336,1.5026192665100098,0.2995227575302124,0.1817413568496704,0.4393613636493683,0.20779255032539368,0.1882123351097107,0.1691250205039978,0.14947474002838135,0.125919371843338,0.0056555490009486675
1021,0.00033587041623312825,0.9979441165924072,0.9979441165924072,0.7158451080322266,0.7158451080322266,0.7158451080322266,False,16384,0.047646209000021145,343867.8615541633,1.5034815073013306,0.307871550321579,0.19105102121829987,0.4862566590309143,0.2207205444574356,0.19403064250946045,0.16516061127185822,0.13738960027694702,0.11025355011224747,0.005298051983118057
1022,0.00033498280883083813,0.9903514981269836,0.9903514981269836,0.6394268870353699,0.6394268870353699,0.6394268870353699,False,16384,0.04757822800002032,344359.1888288274,1.5090581178665161,0.26501762866973877,0.18013031780719757,0.4237805902957916,0.1832381635904312,0.18533281981945038,0.1651870310306549,0.1394764482975006,0.10913608968257904,0.004460357595235109
1023,0.00033409628414983667,1.0297696590423584,1.0297696590423584,0.6838876605033875,0.6838876605033875,0.6838876605033875,False,16384,0.047530916999988904,344701.954729883,1.5150870084762573,0.289969265460968,0.18300370872020721,0.45574143528938293,0.20083625614643097,0.1920139044523239,0.17008543014526367,0.1459224820137024,0.12234215438365936,0.005911367945373058
1024,0.0003332108466542281,1.0262870788574219,1.0262870788574219,0.6794454455375671,0.6794454455375671,0.6794454455375671,False,16384,0.04740658400001507,345606.0027441503,1.5183097124099731,0.30602002143859863,0.1807313710451126,0.45152318477630615,0.20361730456352234,0.1801118105649948,0.16217771172523499,0.13864046335220337,0.109598308801651,0.005096521694213152
1025,0.00033232650080264206,1.0475883483886719,1.0475883483886719,0.6706901788711548,0.6706901788711548,0.6706901788711548,False,16384,0.04753091599999948,344701.96198196936,1.518558382987976,0.26017215847969055,0.18235047161579132,0.4557226300239563,0.19976863265037537,0.19394747912883759,0.17079274356365204,0.1468668282032013,0.11363920569419861,0.004891327582299709
1026,0.0003314432510482112,1.0144402980804443,1.0144402980804443,0.6965117454528809,0.6965117454528809,0.6965117454528809,False,16384,0.04745570499997598,345248.2688858651,1.5123183727264404,0.3242540955543518,0.19555507600307465,0.4536920487880707,0.19706827402114868,0.18472233414649963,0.16856403648853302,0.14656727015972137,0.11415477097034454,0.004925262648612261
1027,0.00033056110183854893,1.0181065797805786,1.0181065797805786,0.6755205392837524,0.6755205392837524,0.6755205392837524,False,16384,0.04743667500000015,345386.77088982204,1.5089359283447266,0.28653407096862793,0.17833131551742554,0.45019087195396423,0.2028222382068634,0.19095802307128906,0.16729113459587097,0.14411883056163788,0.11559601873159409,0.005615871399641037
1028,0.0003296800576157266,1.0257591009140015,1.0257591009140015,0.7005065083503723,0.7005065083503723,0.7005065083503723,False,16384,0.04742804500000375,345449.61741515395,1.5083845853805542,0.2905622720718384,0.18902620673179626,0.4771633744239807,0.21086297929286957,0.19076946377754211,0.16779349744319916,0.14534328877925873,0.11270799487829208,0.00534468237310648
1029,0.00032880012281625106,1.0170154571533203,1.0170154571533203,0.7340667843818665,0.7340667843818665,0.7340667843818665,False,16384,0.047572507000012365,344400.6009604611,1.5112890005111694,0.3339861035346985,0.19544081389904022,0.4982212483882904,0.2015938013792038,0.19179880619049072,0.1713026762008667,0.14902053773403168,0.10901791602373123,0.00472850538790226
1030,0.0003279213018710439,0.9823528528213501,0.9823528528213501,0.6873288154602051,0.6873288154602051,0.6873288154602051,False,16384,0.04750172599997882,344913.78271196515,1.5181461572647095,0.2661769986152649,0.1857372671365738,0.47123318910598755,0.20793958008289337,0.19059638679027557,0.1736835390329361,0.1495496779680252,0.11354471743106842,0.00472187390550971
1031,0.0003270435992054166,1.0003178119659424,1.0003178119659424,0.6816261410713196,0.6816261410713196,0.6816261410713196,False,16384,0.04743646500000409,345388.2999080683,1.5213541984558105,0.2854730188846588,0.1854247897863388,0.4590155780315399,0.20166094601154327,0.18793419003486633,0.16630490124225616,0.14567729830741882,0.11467570066452026,0.005057151895016432
1032,0.00032616701923905017,1.0275870561599731,1.0275870561599731,0.728384256362915,0.728384256362915,0.728384256362915,False,16384,0.047402863999991496,345633.12461464223,1.5215669870376587,0.36196473240852356,0.1935196816921234,0.4754575490951538,0.19378428161144257,0.18769779801368713,0.16872663795948029,0.14447149634361267,0.11776162683963776,0.00490965461358428
1033,0.00032529156638597183,0.994638204574585,0.994638204574585,0.6695763468742371,0.6695763468742371,0.6695763468742371,False,16384,0.047593957000003684,344245.38392549986,1.5187833309173584,0.28424733877182007,0.18653535842895508,0.44853475689888,0.19198675453662872,0.18852606415748596,0.16445843875408173,0.14162355661392212,0.10967739671468735,0.004810401704162359
1034,0.0003244172450545338,0.9909454584121704,0.9909454584121704,0.6856931447982788,0.6856931447982788,0.6856931447982788,False,16384,0.04743133499999885,345425.65584545315,1.5244423151016235,0.2994934022426605,0.17968814074993134,0.46009671688079834,0.199794203042984,0.18638989329338074,0.1709778755903244,0.14316673576831818,0.10995998233556747,0.004658326972275972
1035,0.00032354405964739,0.9954841136932373,0.9954841136932373,0.6633205413818359,0.6633205413818359,0.6633205413818359,False,16384,0.0473627840000006,345925.6111296116,1.5328172445297241,0.275470107793808,0.19352176785469055,0.4426860213279724,0.18648788332939148,0.18339461088180542,0.16810797154903412,0.14419597387313843,0.11487846821546555,0.005251819733530283
1036,0.0003226720145614745,1.0204049348831177,1.0204049348831177,0.7356898188591003,0.7356898188591003,0.7356898188591003,False,16384,0.04741480500001671,345546.0799637207,1.53923761844635,0.2938232123851776,0.18958596885204315,0.509688675403595,0.2200881689786911,0.19865567982196808,0.1796707659959793,0.1556844860315323,0.1213916465640068,0.004901739303022623
1037,0.00032180111418797963,1.0396296977996826,1.0396296977996826,0.7064686417579651,0.7064686417579651,0.7064686417579651,False,16384,0.047373284000002513,345848.9388238132,1.5337527990341187,0.30629703402519226,0.2033408135175705,0.46365880966186523,0.2036350518465042,0.1987154185771942,0.1753607541322708,0.15392526984214783,0.11630865931510925,0.0050936536863446236
1038,0.0003209313629123329,0.9872166514396667,0.9872166514396667,0.7895484566688538,0.7895484566688538,0.7895484566688538,False,16384,0.047403193999997484,345630.7184701704,1.5219649076461792,0.41791635751724243,0.1843702644109726,0.5176289081573486,0.23122401535511017,0.18529392778873444,0.16480989754199982,0.1408034861087799,0.10948672890663147,0.005190069321542978
1039,0.0003200627651141762,1.006099820137024,1.006099820137024,0.6625383496284485,0.6625383496284485,0.6625383496284485,False,16384,0.04740891400001601,345589.0172889104,1.5175002813339233,0.29045167565345764,0.18248848617076874,0.43238696455955505,0.18976137042045593,0.1896885633468628,0.16595515608787537,0.14617644250392914,0.11579249054193497,0.005159510765224695
1040,0.0003191953251673423,0.9772873520851135,0.9772873520851135,0.7736449241638184,0.7736449241638184,0.7736449241638184,False,16384,0.047423315000003186,345484.0725495234,1.5179932117462158,0.39684146642684937,0.19603368639945984,0.5073402523994446,0.21923433244228363,0.18733221292495728,0.167901873588562,0.14344215393066406,0.11519189178943634,0.0052057369612157345
1041,0.00031832904743983424,1.0007829666137695,1.0007829666137695,0.7013183832168579,0.7013183832168579,0.7013183832168579,False,16384,0.04751818599999069,344794.3067524339,1.5210622549057007,0.3122345507144928,0.1890396624803543,0.46669644117355347,0.19921568036079407,0.19154025614261627,0.1724211573600769,0.14595362544059753,0.11568939685821533,0.005036912392824888
1042,0.00031746393629380256,0.981733500957489,0.981733500957489,0.6813496351242065,0.6813496351242065,0.6813496351242065,False,16384,0.0475430870000082,344613.71849912003,1.5268021821975708,0.2576994001865387,0.19300584495067596,0.4624505639076233,0.20185574889183044,0.1951078325510025,0.17674125730991364,0.1498056948184967,0.11918096989393234,0.004521445836871862
1043,0.0003165999960855232,1.0270955562591553,1.0270955562591553,0.7751100063323975,0.7751100063323975,0.7751100063323975,False,16384,0.047555578000014975,344523.2018838009,1.5322327613830566,0.3207666873931885,0.20106588304042816,0.5263078808784485,0.25472480058670044,0.20568592846393585,0.186761274933815,0.1558029055595398,0.11878891289234161,0.004502307623624802
1044,0.00031573723116537625,0.9994808435440063,0.9994808435440063,0.7990620136260986,0.7990620136260986,0.7990620136260986,False,16384,0.04756093699998587,344484.3822148598,1.5291935205459595,0.37773996591567993,0.2085292488336563,0.5362016558647156,0.22649385035037994,0.2046440690755844,0.18439984321594238,0.15515299141407013,0.11636621505022049,0.004522774368524551
1045,0.00031487564587782306,0.9941850900650024,0.9941850900650024,0.7787423133850098,0.7787423133850098,0.7787423133850098,False,16384,0.04746744599998465,345162.8722557624,1.5167157649993896,0.37570303678512573,0.19623437523841858,0.5187901258468628,0.22796447575092316,0.19422249495983124,0.17885443568229675,0.14854897558689117,0.11774926632642746,0.00498509407043457
1046,0.00031401524456138537,1.0122815370559692,1.0122815370559692,0.6945386528968811,0.6945386528968811,0.6945386528968811,False,16384,0.047417744999989964,345524.65537961514,1.5115783214569092,0.2916686534881592,0.18885193765163422,0.4656221568584442,0.21246404945850372,0.19347353279590607,0.16741108894348145,0.14524072408676147,0.1145617738366127,0.005058417096734047
1047,0.0003131560315486232,0.9783926010131836,0.9783926010131836,0.7220979332923889,0.7220979332923889,0.7220979332923889,False,16384,0.04764499900002761,343876.59447721904,1.5106009244918823,0.33298709988594055,0.18981780111789703,0.47563016414642334,0.21612460911273956,0.19566312432289124,0.1689925491809845,0.14527073502540588,0.11663436889648438,0.005532567854970694
1048,0.00031229801116611206,1.0487124919891357,1.0487124919891357,0.751417338848114,0.751417338848114,0.751417338848114,False,16384,0.04750602600000775,344882.5628983853,1.5144553184509277,0.36705705523490906,0.19628483057022095,0.4895637035369873,0.21148571372032166,0.1983863115310669,0.1735897809267044,0.1524435579776764,0.11922527104616165,0.0051298136822879314
1049,0.0003114411877344229,0.9967011213302612,0.9967011213302612,0.6842061281204224,0.6842061281204224,0.6842061281204224,False,16384,0.047432705000005626,345415.67890758195,1.5166094303131104,0.2753309905529022,0.18119803071022034,0.4628925621509552,0.2153337448835373,0.19127899408340454,0.1681831032037735,0.14547349512577057,0.11314083635807037,0.004836288280785084
1050,0.0003105855655680986,0.9908181428909302,0.9908181428909302,0.6827412843704224,0.6827412843704224,0.6827412843704224,False,16384,0.047395015000006424,345690.3642713855,1.5157417058944702,0.26896658539772034,0.1852276623249054,0.45988956093788147,0.19710126519203186,0.20159432291984558,0.17673805356025696,0.15118001401424408,0.11992327868938446,0.004739864729344845
1051,0.00030973114897563374,1.0038009881973267,1.0038009881973267,0.7586687803268433,0.7586687803268433,0.7586687803268433,False,16384,0.04757113699997717,344410.5193451202,1.512699007987976,0.35153645277023315,0.19808022677898407,0.49799633026123047,0.23840785026550293,0.19895784556865692,0.17693477869033813,0.1513008028268814,0.11882948875427246,0.004848187789320946
1052,0.0003088779422594514,1.0033211708068848,1.0033211708068848,0.7317401766777039,0.7317401766777039,0.7317401766777039,False,16384,0.04758550699997954,344306.5133257284,1.5143738985061646,0.356942743062973,0.18809475004673004,0.48403066396713257,0.1990622878074646,0.19160273671150208,0.17049787938594818,0.14434698224067688,0.11003943532705307,0.004317650105804205
1053,0.00030802594971588354,1.0089612007141113,1.0089612007141113,0.7523497343063354,0.7523497343063354,0.7523497343063354,False,16384,0.047454834999996365,345254.5983986933,1.518189549446106,0.338887482881546,0.19230468571186066,0.5018420219421387,0.23784680664539337,0.19741611182689667,0.17282816767692566,0.14976973831653595,0.12037064880132675,0.004998873919248581
1054,0.0003071751756351471,1.007460594177246,1.007460594177246,0.6992595195770264,0.6992595195770264,0.6992595195770264,False,16384,0.047370483999998214,345869.3814485961,1.5213512182235718,0.26841190457344055,0.1942199021577835,0.4756883680820465,0.2111015021800995,0.19833578169345856,0.17543518543243408,0.15157873928546906,0.12343940883874893,0.005127315409481525
1055,0.00030632562430132345,0.9786090850830078,0.9786090850830078,0.7880170345306396,0.7880170345306396,0.7880170345306396,False,16384,0.0473912139999868,345718.09027733625,1.521579384803772,0.3733113408088684,0.20135632157325745,0.5296906232833862,0.2390086054801941,0.195988729596138,0.17141038179397583,0.14839819073677063,0.11632856726646423,0.004509488120675087
1056,0.0003054772999923376,1.01534104347229,1.01534104347229,0.7277402877807617,0.7277402877807617,0.7277402877807617,False,16384,0.04759635699997489,344228.02568710555,1.5216478109359741,0.3094121217727661,0.19667142629623413,0.4806438088417053,0.22575563192367554,0.2031259834766388,0.17805558443069458,0.15566587448120117,0.12642087042331696,0.00532087218016386
1057,0.00030463020697993494,1.0014581680297852,1.0014581680297852,0.6872020959854126,0.6872020959854126,0.6872020959854126,False,16384,0.047402504999979556,345635.74224626034,1.5172884464263916,0.2748010754585266,0.18793098628520966,0.4569392204284668,0.2117759883403778,0.19805468618869781,0.17414458096027374,0.15181925892829895,0.1230422779917717,0.005479014944285154
1058,0.0003037843495296613,0.9997977018356323,0.9997977018356323,0.6947153210639954,0.6947153210639954,0.6947153210639954,False,16384,0.047531977000005554,344694.26760847936,1.5164896249771118,0.2760356664657593,0.19396838545799255,0.4594706892967224,0.21570000052452087,0.20212824642658234,0.17611339688301086,0.15474441647529602,0.12381264567375183,0.004797584842890501
1059,0.0003029397319008406,0.985975444316864,0.985975444316864,0.7012023329734802,0.7012023329734802,0.7012023329734802,False,16384,0.047452645999982224,345270.52506210376,1.5173050165176392,0.3021751642227173,0.19620653986930847,0.4632992148399353,0.20349960029125214,0.1973547637462616,0.17223718762397766,0.15136320888996124,0.11944492161273956,0.0052170041017234325
1060,0.0003020963583465539,0.9485981464385986,0.9485981464385986,0.7322861552238464,0.7322861552238464,0.7322861552238464,False,16384,0.0474765360000049,345096.7863366929,1.5208215713500977,0.3113245666027069,0.18833906948566437,0.48948290944099426,0.2276819795370102,0.20502756536006927,0.17804723978042603,0.15331733226776123,0.12305829674005508,0.005398132838308811
1061,0.00030125423311361715,1.0004935264587402,1.0004935264587402,0.7328007817268372,0.7328007817268372,0.7328007817268372,False,16384,0.04755847699999549,344502.2009430948,1.5288112163543701,0.2906675934791565,0.20343615114688873,0.4931279122829437,0.22542469203472137,0.20171870291233063,0.18246452510356903,0.16060596704483032,0.13163070380687714,0.005192610900849104
1062,0.00030041336044256054,0.9785751104354858,0.9785751104354858,0.775286853313446,0.775286853313446,0.775286853313446,False,16384,0.04741742499999191,345526.9871782957,1.5282126665115356,0.3414037525653839,0.19748516380786896,0.52400803565979,0.23360581696033478,0.20142598450183868,0.17849375307559967,0.16154885292053223,0.13336946070194244,0.0062264567241072655
1063,0.0002995737445676073,0.9522947072982788,0.9522947072982788,0.6940605044364929,0.6940605044364929,0.6940605044364929,False,16384,0.047607797999972945,344145.3015745301,1.521915316581726,0.3001391291618347,0.1896658092737198,0.4531978964805603,0.21216237545013428,0.19744651019573212,0.17162247002124786,0.14810746908187866,0.12186577171087265,0.005968060810118914
1064,0.0002987353897166518,0.9600822925567627,0.9600822925567627,0.7002955675125122,0.7002955675125122,0.7002955675125122,False,16384,0.0474171249999813,345529.173268233,1.5205696821212769,0.28699222207069397,0.18768562376499176,0.4633851647377014,0.21292133629322052,0.19961591064929962,0.17818722128868103,0.15382938086986542,0.13211795687675476,0.006806094665080309
1065,0.00029789830011123876,0.9723376035690308,0.9723376035690308,0.7003680467605591,0.7003680467605591,0.7003680467605591,False,16384,0.04743412500002364,345405.3384560553,1.5207200050354004,0.3058628439903259,0.19391383230686188,0.4551071226596832,0.20833751559257507,0.1947784721851349,0.17341087758541107,0.15194809436798096,0.13295064866542816,0.007720013149082661
1066,0.00029706247996654135,0.9922664165496826,0.9922664165496826,0.6688540577888489,0.6688540577888489,0.6688540577888489,False,16384,0.047464756000010766,345182.433888342,1.5236330032348633,0.26589831709861755,0.19366079568862915,0.43292832374572754,0.2006225436925888,0.20001700520515442,0.17895640432834625,0.15409132838249207,0.12521028518676758,0.005385143216699362
1067,0.0002962279334913404,0.9716163873672485,0.9716163873672485,0.731864869594574,0.731864869594574,0.731864869594574,False,16384,0.047430114999997386,345434.54090298753,1.527182936668396,0.30015426874160767,0.19227467477321625,0.48632121086120605,0.23572812974452972,0.20853590965270996,0.18188194930553436,0.155023992061615,0.12592878937721252,0.005405868869274855
1068,0.00029539466488800347,0.9480400085449219,0.9480400085449219,0.6862736344337463,0.6862736344337463,0.6862736344337463,False,16384,0.04746596599997588,345173.63451548264,1.5305414199829102,0.2790977358818054,0.19000494480133057,0.44569990038871765,0.21193742752075195,0.20690160989761353,0.1795194447040558,0.15189489722251892,0.12359964847564697,0.004881036002188921
1069,0.00029456267835246323,0.9628912210464478,0.9628912210464478,0.738764762878418,0.738764762878418,0.738764762878418,False,16384,0.047452575000022534,345271.04166617343,1.5318551063537598,0.3066486418247223,0.19570088386535645,0.49984920024871826,0.23147980868816376,0.20242172479629517,0.17629574239253998,0.15224522352218628,0.12146277725696564,0.004735251888632774
1070,0.0002937319780741966,0.9826701283454895,0.9826701283454895,0.7084550261497498,0.7084550261497498,0.7084550261497498,False,16384,0.0473770939999838,345821.1261333505,1.5296684503555298,0.3042520582675934,0.19176045060157776,0.4692372977733612,0.21354471147060394,0.1979556828737259,0.17336174845695496,0.15143121778964996,0.12076381593942642,0.005109800025820732
1071,0.0002929025682362032,0.9978705048561096,0.9978705048561096,0.7105847001075745,0.7105847001075745,0.7105847001075745,False,16384,0.04746011500000691,345216.1883720175,1.5276678800582886,0.2841717302799225,0.20836591720581055,0.4703734815120697,0.22347760200500488,0.20267023146152496,0.17640365660190582,0.15153101086616516,0.11994881182909012,0.004944558255374432
1072,0.00029207445301498503,1.0065549612045288,1.0065549612045288,0.7133360505104065,0.7133360505104065,0.7133360505104065,False,16384,0.04745089599998664,345283.25871875236,1.5279463529586792,0.26732876896858215,0.19476215541362762,0.4821302592754364,0.2257167547941208,0.21006479859352112,0.18215923011302948,0.15516960620880127,0.12101605534553528,0.004691191948950291
1073,0.0002912476365805248,0.9940735101699829,0.9940735101699829,0.8066995739936829,0.8066995739936829,0.8066995739936829,False,16384,0.0474424450000015,345344.7645879019,1.534333348274231,0.3606613278388977,0.21465462446212769,0.5430250763893127,0.2505325675010681,0.20575915277004242,0.18116411566734314,0.16069895029067993,0.12629824876785278,0.00595697620883584
1074,0.0002904221230962648,0.9752748608589172,0.9752748608589172,0.675199031829834,0.675199031829834,0.675199031829834,False,16384,0.04772421000001259,343305.83994990546,1.5379035472869873,0.26092472672462463,0.19463476538658142,0.4382222890853882,0.2161078304052353,0.20583918690681458,0.1770562380552292,0.15226231515407562,0.11941041797399521,0.005159790627658367
1075,0.0002895979167190874,0.9563175439834595,0.9563175439834595,0.7026716470718384,0.7026716470718384,0.7026716470718384,False,16384,0.04742962500000658,345438.1096202579,1.5414931774139404,0.27432936429977417,0.20016616582870483,0.4819103479385376,0.20843631029129028,0.1941964328289032,0.17255383729934692,0.14787696301937103,0.11561154574155807,0.004517043940722942
1076,0.0002887750215992919,0.9945347309112549,0.9945347309112549,0.7059926986694336,0.7059926986694336,0.7059926986694336,False,16384,0.04754193700000542,344622.0544189887,1.5481581687927246,0.28712165355682373,0.20086894929409027,0.46343377232551575,0.21250878274440765,0.20331591367721558,0.18468911945819855,0.15805409848690033,0.12351357191801071,0.004849540069699287
1077,0.00028795344188057545,0.9767396450042725,0.9767396450042725,0.7312062382698059,0.7312062382698059,0.7312062382698059,False,16384,0.04745825500000933,345229.7182017497,1.545293927192688,0.2920054793357849,0.1898481398820877,0.49424615502357483,0.23294727504253387,0.20407262444496155,0.17980432510375977,0.15775510668754578,0.1261717826128006,0.005303749814629555
1078,0.00028713318170001085,0.9584325551986694,0.9584325551986694,0.6762663125991821,0.6762663125991821,0.6762663125991821,False,16384,0.04741034500000296,345578.5862768764,1.5402395725250244,0.25174766778945923,0.18896262347698212,0.45635274052619934,0.20820368826389313,0.1978418380022049,0.1775231659412384,0.15063336491584778,0.11520988494157791,0.005113879684358835
1079,0.0002863142451880271,0.9628872871398926,0.9628872871398926,0.718778133392334,0.718778133392334,0.718778133392334,False,16384,0.0473817239999903,345787.33352976677,1.5411585569381714,0.29230740666389465,0.19404084980487823,0.4768504202365875,0.22754265367984772,0.21106639504432678,0.18130291998386383,0.15248830616474152,0.11699739098548889,0.0048674484714865685
1080,0.00028549663646838715,0.9682854413986206,0.9682854413986206,0.7008584141731262,0.7008584141731262,0.7008584141731262,False,16384,0.04738134400000149,345790.1067559309,1.5413997173309326,0.2780058681964874,0.20058588683605194,0.46671903133392334,0.21040529012680054,0.20126855373382568,0.18026892840862274,0.1546000838279724,0.12103141844272614,0.0052746799774467945
1081,0.00028468035965816826,0.981360137462616,0.981360137462616,0.7476445436477661,0.7476445436477661,0.7476445436477661,False,16384,0.0479692740000246,341551.96928749845,1.5425816774368286,0.3268950581550598,0.1964133381843567,0.493259459733963,0.22549861669540405,0.20925256609916687,0.18421924114227295,0.1603206992149353,0.12623000144958496,0.004379345569759607
1082,0.000283865418867741,0.9709181785583496,0.9709181785583496,0.726110577583313,0.726110577583313,0.726110577583313,False,16384,0.04760061700000051,344197.2191242778,1.540945053100586,0.31670838594436646,0.1987619549036026,0.4758490025997162,0.22090134024620056,0.20288871228694916,0.1780385822057724,0.1552765965461731,0.12327287346124649,0.005271352361887693
1083,0.0002830518182007477,0.9651116132736206,0.9651116132736206,0.7403979897499084,0.7403979897499084,0.7403979897499084,False,16384,0.04739212399999815,345711.4519703873,1.5375560522079468,0.30813273787498474,0.19855991005897522,0.502175509929657,0.22675256431102753,0.20062193274497986,0.17886994779109955,0.1533048301935196,0.12022621184587479,0.004475179128348827
1084,0.0002822395617540834,0.9629429578781128,0.9629429578781128,0.7005277276039124,0.7005277276039124,0.7005277276039124,False,16384,0.04736161299999253,345934.164024409,1.532273530960083,0.3102536201477051,0.18957585096359253,0.46104300022125244,0.2014041543006897,0.19657905399799347,0.17335759103298187,0.14884987473487854,0.12059105932712555,0.00488752406090498
1085,0.0002814286536178734,0.9655258059501648,0.9655258059501648,0.7350282669067383,0.7350282669067383,0.7350282669067383,False,16384,0.04741057399999704,345576.9170818523,1.5266274213790894,0.30865710973739624,0.1999690681695938,0.4822004437446594,0.23408065736293793,0.20715080201625824,0.18203739821910858,0.1580817550420761,0.12897281348705292,0.0050771599635481834
1086,0.0002806190978754542,0.9705590009689331,0.9705590009689331,0.746168851852417,0.746168851852417,0.746168851852417,False,16384,0.04736457399999949,345912.53792338923,1.5222724676132202,0.3110315203666687,0.19422103464603424,0.503513753414154,0.2310168445110321,0.20437106490135193,0.18274924159049988,0.15592999756336212,0.12610085308551788,0.005500033963471651
1087,0.00027981089860335223,0.968641459941864,0.968641459941864,0.7823895812034607,0.7823895812034607,0.7823895812034607,False,16384,0.04755142700000192,344553.27702361776,1.5210626125335693,0.3685465157032013,0.2047411948442459,0.49917587637901306,0.23421208560466766,0.22630512714385986,0.19192568957805634,0.16208797693252563,0.1265118569135666,0.005371345207095146
1088,0.000279004059871263,0.983304500579834,0.983304500579834,0.8236227631568909,0.8236227631568909,0.8236227631568909,False,16384,0.04746066500001689,345212.1878189901,1.519885540008545,0.38617414236068726,0.19553445279598236,0.5381208062171936,0.2601722478866577,0.22459526360034943,0.19750414788722992,0.1651635468006134,0.130253404378891,0.005551893729716539
1089,0.00027819858574203166,0.9751185774803162,0.9751185774803162,0.7495885491371155,0.7495885491371155,0.7495885491371155,False,16384,0.04743321399999445,345411.97229439096,1.5170336961746216,0.32072311639785767,0.194629967212677,0.49342983961105347,0.23070773482322693,0.21646814048290253,0.18685217201709747,0.1607995331287384,0.12951762974262238,0.006020692177116871
1090,0.0002773944802716311,0.9672362208366394,0.9672362208366394,0.7431297302246094,0.7431297302246094,0.7431297302246094,False,16384,0.04745230499997888,345273.00623241154,1.5209108591079712,0.2843726575374603,0.1942560076713562,0.4981604814529419,0.2496490180492401,0.21574483811855316,0.18688657879829407,0.15897420048713684,0.12794367969036102,0.005937631707638502
1091,0.0002765917475091429,0.949859082698822,0.949859082698822,0.7794044017791748,0.7794044017791748,0.7794044017791748,False,16384,0.04740164399999003,345642.02034856525,1.5240613222122192,0.32330748438835144,0.21052171289920807,0.5136474967002869,0.2436033934354782,0.22506393492221832,0.20127169787883759,0.16607137024402618,0.12913139164447784,0.005388080142438412
1092,0.0002757903914967364,0.9778558015823364,0.9778558015823364,0.7355066537857056,0.7355066537857056,0.7355066537857056,False,16384,0.047396483999989414,345679.64999268006,1.5247876644134521,0.29445916414260864,0.2096458077430725,0.4778636693954468,0.22340482473373413,0.2168082445859909,0.19810324907302856,0.16989584267139435,0.13002586364746094,0.005196994636207819
1093,0.00027499041626964773,0.9907797574996948,0.9907797574996948,0.7505099773406982,0.7505099773406982,0.7505099773406982,False,16384,0.04738267399997653,345780.4006588593,1.5205146074295044,0.32181474566459656,0.20222535729408264,0.4962603747844696,0.2201448678970337,0.21098440885543823,0.19094966351985931,0.1618063598871231,0.1298968344926834,0.006057263817638159
1094,0.00027419182585616066,0.9609540700912476,0.9609540700912476,0.7215535044670105,0.7215535044670105,0.7215535044670105,False,16384,0.047516326000021536,344807.8035324653,1.5133172273635864,0.2858183979988098,0.203944131731987,0.48075157403945923,0.22366963326931,0.20901145040988922,0.1845034658908844,0.1544678658246994,0.12078797817230225,0.00514632323756814
1095,0.0002733946242775853,0.9611709713935852,0.9611709713935852,0.7231869697570801,0.7231869697570801,0.7231869697570801,False,16384,0.0475045959999818,344892.94467436953,1.5106432437896729,0.2819819450378418,0.18882834911346436,0.48662641644477844,0.22911016643047333,0.20919349789619446,0.18902777135372162,0.15730659663677216,0.11945339292287827,0.004984535276889801
1096,0.0002725988155482386,0.9429276585578918,0.9429276585578918,0.7154025435447693,0.7154025435447693,0.7154025435447693,False,16384,0.04742392500000392,345479.62868949893,1.5164210796356201,0.2859232723712921,0.1954328417778015,0.4688994884490967,0.21804435551166534,0.21655872464179993,0.19158773124217987,0.16184183955192566,0.12093283236026764,0.00484983017668128
1097,0.0002718044036754234,0.9509668350219727,0.9509668350219727,0.7324809432029724,0.7324809432029724,0.7324809432029724,False,16384,0.04740017399998919,345652.7395870685,1.5229439735412598,0.31030985713005066,0.1964177042245865,0.47983822226524353,0.22722378373146057,0.21341978013515472,0.18669027090072632,0.15788400173187256,0.12008942663669586,0.005548055283725262
1098,0.0002710113926594092,0.9764337539672852,0.9764337539672852,0.7139103412628174,0.7139103412628174,0.7139103412628174,False,16384,0.04755588699998725,344520.9633037523,1.5252889394760132,0.2838903069496155,0.19328385591506958,0.46876686811447144,0.22713446617126465,0.20984366536140442,0.19029590487480164,0.15946517884731293,0.12119557708501816,0.00433436781167984
1099,0.0002702197864934111,0.969439685344696,0.969439685344696,0.8056725859642029,0.8056725859642029,0.8056725859642029,False,16384,0.04756723699998133,344438.75729015813,1.5260422229766846,0.3828752040863037,0.2079647034406662,0.5220491886138916,0.24707694351673126,0.2184099555015564,0.187438502907753,0.1625954508781433,0.12797462940216064,0.005679944064468145
1100,0.00026942958916356994,0.9716565608978271,0.9716565608978271,0.7291193604469299,0.7291193604469299,0.7291193604469299,False,16384,0.04755998699999964,344491.26321250095,1.5272220373153687,0.29603150486946106,0.19978871941566467,0.4733668863773346,0.23185870051383972,0.2171533703804016,0.193002849817276,0.1619144231081009,0.12484229356050491,0.004761267453432083
1101,0.00026864080464893283,0.934497594833374,0.934497594833374,0.7678614258766174,0.7678614258766174,0.7678614258766174,False,16384,0.04753650699998957,344661.4199062543,1.5294537544250488,0.38002490997314453,0.18750247359275818,0.4925454258918762,0.22532321512699127,0.2043345719575882,0.1851220577955246,0.15914133191108704,0.12364043295383453,0.005277201998978853
1102,0.00026785343692143195,0.9319809079170227,0.9319809079170227,0.7459796071052551,0.7459796071052551,0.7459796071052551,False,16384,0.04745641599998862,345243.09631818655,1.5325088500976562,0.34331661462783813,0.19340120255947113,0.4847464859485626,0.2262166440486908,0.20789550244808197,0.1828708052635193,0.15560266375541687,0.11899498850107193,0.0052770995534956455
1103,0.0002670674899458659,0.9531405568122864,0.9531405568122864,0.7771897912025452,0.7771897912025452,0.7771897912025452,False,16384,0.04741822500000126,345521.15774050093,1.5331989526748657,0.34463611245155334,0.2068016231060028,0.5045360922813416,0.251097708940506,0.21471722424030304,0.19301030039787292,0.1596076935529709,0.1265638768672943,0.005175265949219465
1104,0.00026628296767987873,0.9601163864135742,0.9601163864135742,0.7769830226898193,0.7769830226898193,0.7769830226898193,False,16384,0.04737846399999057,345811.12633797625,1.5295816659927368,0.35723865032196045,0.196426123380661,0.5055770874023438,0.237720787525177,0.218580424785614,0.1915966123342514,0.16007643938064575,0.12347717583179474,0.004777871072292328
1105,0.00026549987407394065,0.946334958076477,0.946334958076477,0.7371894121170044,0.7371894121170044,0.7371894121170044,False,16384,0.0474325849999957,345416.55277698836,1.52286958694458,0.3037485182285309,0.1950821727514267,0.4891105592250824,0.2360558658838272,0.21168796718120575,0.18841949105262756,0.15506865084171295,0.11745058000087738,0.004674061201512814
1106,0.0002647182130713274,0.952944278717041,0.952944278717041,0.7283428907394409,0.7283428907394409,0.7283428907394409,False,16384,0.047435844999995425,345392.81423154956,1.521302342414856,0.2900911867618561,0.20879650115966797,0.47643500566482544,0.22950993478298187,0.21425354480743408,0.18908289074897766,0.16021370887756348,0.12537895143032074,0.004917031154036522
1107,0.0002639379886081009,0.9482418298721313,0.9482418298721313,0.7648200988769531,0.7648200988769531,0.7648200988769531,False,16384,0.04739060399998607,345722.54027411883,1.5210402011871338,0.28545698523521423,0.19933341443538666,0.5173490047454834,0.25379809737205505,0.21690475940704346,0.19488194584846497,0.16866154968738556,0.13476510345935822,0.005637535825371742
1108,0.0002631592046130896,0.9400111436843872,0.9400111436843872,0.7507050037384033,0.7507050037384033,0.7507050037384033,False,16384,0.04740017500000704,345652.7322947134,1.5225160121917725,0.29050132632255554,0.19380386173725128,0.5149153470993042,0.23853349685668945,0.21274441480636597,0.18780872225761414,0.15793351829051971,0.11864335834980011,0.004413988441228867
1109,0.00026238186500786846,0.9586089849472046,0.9586089849472046,0.7470614314079285,0.7470614314079285,0.7470614314079285,False,16384,0.04738305399999376,345777.6275881702,1.5285720825195312,0.29146668314933777,0.1960372030735016,0.49884137511253357,0.23433087766170502,0.2224435955286026,0.18995895981788635,0.1688191145658493,0.12987454235553741,0.005557786673307419
1110,0.00026160597370673914,0.9415245056152344,0.9415245056152344,0.7776039838790894,0.7776039838790894,0.7776039838790894,False,16384,0.047690719999991416,343546.9206588399,1.5341520309448242,0.29269737005233765,0.2087438553571701,0.5308478474617004,0.24787308275699615,0.21893584728240967,0.1949889361858368,0.17283260822296143,0.12779852747917175,0.004954948555678129
1111,0.00026083153461671006,0.9372354745864868,0.9372354745864868,0.7287230491638184,0.7287230491638184,0.7287230491638184,False,16384,0.04747795599999449,345086.46496917226,1.5364365577697754,0.27905037999153137,0.19997231662273407,0.4805983006954193,0.2350194752216339,0.21297603845596313,0.192130908370018,0.16695742309093475,0.12958312034606934,0.005535871721804142
1112,0.0002600585516374776,0.9262346029281616,0.9262346029281616,0.7476077079772949,0.7476077079772949,0.7476077079772949,False,16384,0.04758560899998088,344305.7753029195,1.5402766466140747,0.3137788772583008,0.19146223366260529,0.4999433755874634,0.22908854484558105,0.20811283588409424,0.18753957748413086,0.1626943051815033,0.12803404033184052,0.005758041515946388
1113,0.0002592870286614052,0.9467048645019531,0.9467048645019531,0.7334916591644287,0.7334916591644287,0.7334916591644287,False,16384,0.047452256000013904,345273.3627668872,1.5421183109283447,0.28202155232429504,0.2024482786655426,0.48488134145736694,0.23036731779575348,0.2260739505290985,0.18966105580329895,0.161366805434227,0.12712381780147552,0.005393404979258776
1114,0.0002585169695735049,0.9450281262397766,0.9450281262397766,0.7346327900886536,0.7346327900886536,0.7346327900886536,False,16384,0.04740546499999709,345614.1607302239,1.5419228076934814,0.2544499933719635,0.2065052092075348,0.4989382028579712,0.22667165100574493,0.2205590456724167,0.1975061148405075,0.1663505584001541,0.12893354892730713,0.005038376897573471
1115,0.0002577483782514174,0.9157271385192871,0.9157271385192871,0.7812544703483582,0.7812544703483582,0.7812544703483582,False,16384,0.04736481399999093,345910.7851664558,1.5408848524093628,0.33118361234664917,0.2181292623281479,0.5194174647331238,0.2394062727689743,0.2181316316127777,0.19081440567970276,0.16201816499233246,0.12537045776844025,0.005150885321199894
1116,0.0002569812585653919,0.9367204904556274,0.9367204904556274,0.7958967685699463,0.7958967685699463,0.7958967685699463,False,16384,0.04739695500001062,345676.2148538093,1.5459895133972168,0.3453100919723511,0.20576128363609314,0.5248796343803406,0.2544049918651581,0.21954792737960815,0.19944952428340912,0.16831262409687042,0.12377709895372391,0.004806116223335266
1117,0.00025621561437826784,0.9224709272384644,0.9224709272384644,0.7349722981452942,0.7349722981452942,0.7349722981452942,False,16384,0.04739663400002314,345678.5559918031,1.5409306287765503,0.27417850494384766,0.19772866368293762,0.4888947904109955,0.23888957500457764,0.21693287789821625,0.19446828961372375,0.1699575036764145,0.1266450732946396,0.00501670828089118
1118,0.00025545144954545427,0.9441969990730286,0.9441969990730286,0.7549627423286438,0.7549627423286438,0.7549627423286438,False,16384,0.04742973399999073,345437.31575646624,1.5383144617080688,0.28543782234191895,0.20465317368507385,0.5094065070152283,0.23119071125984192,0.22727838158607483,0.1951046735048294,0.16689430177211761,0.1267717033624649,0.004569276235997677
1119,0.000254688767914911,0.9476399421691895,0.9476399421691895,0.8335409164428711,0.8335409164428711,0.8335409164428711,False,16384,0.04741399400001001,345551.99041018443,1.5350311994552612,0.35554587841033936,0.21937766671180725,0.564788281917572,0.2587934732437134,0.23286709189414978,0.19524437189102173,0.16355080902576447,0.12318652868270874,0.004471239168196917
1120,0.00025392757332712935,0.9509057998657227,0.9509057998657227,0.7530518770217896,0.7530518770217896,0.7530518770217896,False,16384,0.04739808400000811,345667.98100946855,1.5341436862945557,0.291469007730484,0.20190082490444183,0.5033705830574036,0.2287822812795639,0.21956875920295715,0.20037998259067535,0.17182104289531708,0.1331774890422821,0.004942945670336485
1121,0.0002531678696151126,0.9387530088424683,0.9387530088424683,0.8082796931266785,0.8082796931266785,0.8082796931266785,False,16384,0.04739357399998312,345700.8749752833,1.5399209260940552,0.3311682641506195,0.19646407663822174,0.5480487942695618,0.26683956384658813,0.2280007302761078,0.19216695427894592,0.16519708931446075,0.13134334981441498,0.005563691724091768
1122,0.00025240966060435674,0.9643821716308594,0.9643821716308594,0.7631543874740601,0.7631543874740601,0.7631543874740601,False,16384,0.04756549600000426,344451.3644932565,1.5477924346923828,0.2915295958518982,0.21010950207710266,0.5063884258270264,0.23974016308784485,0.22785243391990662,0.2010079026222229,0.17057141661643982,0.13390439748764038,0.004307136870920658
1123,0.00025165295011283075,0.9563820958137512,0.9563820958137512,0.818550705909729,0.818550705909729,0.818550705909729,False,16384,0.04748061600000142,345067.13223770115,1.555810570716858,0.3544211983680725,0.21141481399536133,0.5516617894172668,0.2458731234073639,0.22300031781196594,0.1975947469472885,0.16955748200416565,0.13185016810894012,0.004832916893064976
1124,0.00025089774195095855,0.9088196754455566,0.9088196754455566,0.7707796692848206,0.7707796692848206,0.7707796692848206,False,16384,0.0473974139999882,345672.8673003991,1.5534759759902954,0.3267180323600769,0.20495064556598663,0.5065948367118835,0.24121516942977905,0.2189955860376358,0.1941205859184265,0.16733679175376892,0.12982137501239777,0.0056285737082362175
1125,0.00025014403992159825,0.9424967765808105,0.9424967765808105,0.7483718395233154,0.7483718395233154,0.7483718395233154,False,16384,0.04742965399998411,345437.8984085671,1.5512826442718506,0.30049365758895874,0.20698197185993195,0.4888429343700409,0.23372876644134521,0.22086206078529358,0.19483543932437897,0.16929668188095093,0.13377580046653748,0.00525192404165864
1126,0.00024939184782002443,0.9099292755126953,0.9099292755126953,0.7707375288009644,0.7707375288009644,0.7707375288009644,False,16384,0.04743043499999544,345432.2103518885,1.548511266708374,0.31223005056381226,0.19902747869491577,0.5195966958999634,0.2398974746465683,0.22191189229488373,0.1939324587583542,0.16352197527885437,0.12562532722949982,0.0054236529394984245
1127,0.0002486411694339082,0.9280241131782532,0.9280241131782532,0.7662550210952759,0.7662550210952759,0.7662550210952759,False,16384,0.04763388699998927,343956.81377007277,1.5487732887268066,0.3130117356777191,0.19494180381298065,0.5109080076217651,0.23603665828704834,0.22465161979198456,0.19557934999465942,0.16836267709732056,0.13165131211280823,0.005487069953233004
1128,0.0002478920085432982,0.9268629550933838,0.9268629550933838,0.7664632201194763,0.7664632201194763,0.7664632201194763,False,16384,0.04738786300001152,345742.5374931133,1.5511972904205322,0.2944214642047882,0.21460896730422974,0.511496901512146,0.23623301088809967,0.22815456986427307,0.20001910626888275,0.16815972328186035,0.13007491827011108,0.005507407709956169
1129,0.0002471443689206021,0.9166709184646606,0.9166709184646606,0.7329109907150269,0.7329109907150269,0.7329109907150269,False,16384,0.04734878299998968,346027.90107622347,1.5568934679031372,0.28399282693862915,0.20169250667095184,0.48445722460746765,0.22750551998615265,0.21792574226856232,0.19556717574596405,0.16364829242229462,0.12968933582305908,0.005560661666095257
1130,0.0002463982543305666,0.9152803421020508,0.9152803421020508,0.747885525226593,0.747885525226593,0.747885525226593,False,16384,0.04738729400000352,345746.6889752933,1.563722848892212,0.26662811636924744,0.2098752111196518,0.5001980066299438,0.24775367975234985,0.22715111076831818,0.1954095959663391,0.16485483944416046,0.12503302097320557,0.004660159815102816
1131,0.00024565366853025955,0.9520963430404663,0.9520963430404663,0.8413568139076233,0.8413568139076233,0.8413568139076233,False,16384,0.04740253400001393,345635.5307924084,1.5704269409179688,0.32474038004875183,0.215738907456398,0.5497263669967651,0.29326555132865906,0.25614991784095764,0.2209407091140747,0.18155322968959808,0.14232677221298218,0.005652267020195723
1132,0.0002449106152690507,0.9538573026657104,0.9538573026657104,0.7988156080245972,0.7988156080245972,0.7988156080245972,False,16384,0.04744695499999807,345311.93835306534,1.5692049264907837,0.3161329925060272,0.21362967789173126,0.5367622375488281,0.2479325532913208,0.23216849565505981,0.20210950076580048,0.1736949384212494,0.1341777890920639,0.00450802082195878
1133,0.00024416909828859203,0.9098387956619263,0.9098387956619263,0.778690755367279,0.778690755367279,0.778690755367279,False,16384,0.047486524999982294,345024.19370560616,1.5650928020477295,0.30950847268104553,0.20966067910194397,0.5226379036903381,0.24442817270755768,0.22628062963485718,0.1966731697320938,0.1669626235961914,0.1261966973543167,0.0050323824398219585
1134,0.0002434291213228003,0.9310765266418457,0.9310765266418457,0.8144878149032593,0.8144878149032593,0.8144878149032593,False,16384,0.0474683650000145,345156.18981178297,1.5675151348114014,0.3507159352302551,0.21260130405426025,0.5353227853775024,0.2593994438648224,0.2335583120584488,0.20040832459926605,0.1704500913619995,0.13244102895259857,0.004901532549411058
1135,0.0002426906880978369,0.9262441396713257,0.9262441396713257,0.7744520306587219,0.7744520306587219,0.7744520306587219,False,16384,0.047395174000001816,345689.20455908385,1.5703591108322144,0.29904693365097046,0.2125720977783203,0.5212799906730652,0.2475980818271637,0.22195522487163544,0.19358840584754944,0.1663512885570526,0.1329932063817978,0.004668687470257282
1136,0.00024195380233209008,0.9309732913970947,0.9309732913970947,0.8028038144111633,0.8028038144111633,0.8028038144111633,False,16384,0.04741494600000351,345545.0523975876,1.5758602619171143,0.33783766627311707,0.2166638970375061,0.5295979976654053,0.25184687972068787,0.23164884746074677,0.2010640650987625,0.16824516654014587,0.13076208531856537,0.004727954976260662
1137,0.00024121846773615576,0.9234158992767334,0.9234158992767334,0.7764885425567627,0.7764885425567627,0.7764885425567627,False,16384,0.04755194800000595,344549.5019467541,1.5767557621002197,0.3150021433830261,0.20940810441970825,0.5209269523620605,0.24149052798748016,0.2212730050086975,0.1966477483510971,0.1651555895805359,0.1234775111079216,0.0043203094974160194
1138,0.00024048468801281893,0.909501850605011,0.909501850605011,0.7535551190376282,0.7535551190376282,0.7535551190376282,False,16384,0.047473827000004576,345116.47860195517,1.5767465829849243,0.31687939167022705,0.19990678131580353,0.4982875883579254,0.2309323400259018,0.2168380320072174,0.19075103104114532,0.16305123269557953,0.1258353441953659,0.00499067734926939
1139,0.000239752466857035,0.9124231338500977,0.9124231338500977,0.7754056453704834,0.7754056453704834,0.7754056453704834,False,16384,0.047484045999993896,345042.2063865852,1.5752639770507812,0.3036629259586334,0.21732354164123535,0.5152612328529358,0.23831553757190704,0.22778576612472534,0.20266835391521454,0.17030440270900726,0.1324140876531601,0.0051797800697386265
1140,0.0002390218079559109,0.9190419316291809,0.9190419316291809,0.7857122421264648,0.7857122421264648,0.7857122421264648,False,16384,0.0474092750000068,345586.385786276,1.5694812536239624,0.33449694514274597,0.20860300958156586,0.5133256316184998,0.23788556456565857,0.2300214171409607,0.20268072187900543,0.17179550230503082,0.13533037900924683,0.0054951501078903675
1141,0.00023829271498868748,0.9307869076728821,0.9307869076728821,0.7768405675888062,0.7768405675888062,0.7768405675888062,False,16384,0.04738174499999559,345787.1802737853,1.563873529434204,0.32715901732444763,0.2150387316942215,0.5102872848510742,0.2406478077173233,0.22684399783611298,0.19657285511493683,0.16528789699077606,0.12027493119239807,0.0041110278107225895
1142,0.00023756519162671934,0.8984103798866272,0.8984103798866272,0.7812334299087524,0.7812334299087524,0.7812334299087524,False,16384,0.04738742500001081,345745.7331770246,1.561607003211975,0.3180769979953766,0.21049697697162628,0.513433575630188,0.24105940759181976,0.23043109476566315,0.20291636884212494,0.17410191893577576,0.13602177798748016,0.005746921990066767
1143,0.00023683924153345857,0.9252234697341919,0.9252234697341919,0.7818014025688171,0.7818014025688171,0.7818014025688171,False,16384,0.04747028599999226,345142.22223145387,1.5580545663833618,0.3393629789352417,0.20554785430431366,0.5147489309310913,0.23286661505699158,0.22843073308467865,0.19693942368030548,0.16676434874534607,0.12571515142917633,0.004753009881824255
1144,0.000236114868364434,0.9221738576889038,0.9221738576889038,0.7787667512893677,0.7787667512893677,0.7787667512893677,False,16384,0.04743362499999648,345408.9793896464,1.5572834014892578,0.3094424903392792,0.20968404412269592,0.5315518379211426,0.23656409978866577,0.2187362015247345,0.1920338124036789,0.1661628633737564,0.12604665756225586,0.005029515363276005
1145,0.0002353920757672342,0.9131300449371338,0.9131300449371338,0.7663426995277405,0.7663426995277405,0.7663426995277405,False,16384,0.047463015999994695,345195.08831890987,1.5570523738861084,0.305208683013916,0.19959363341331482,0.5140855312347412,0.23123472929000854,0.2221970111131668,0.19927528500556946,0.17315897345542908,0.13205008208751678,0.005855188239365816
1146,0.00023467086738148887,0.8929772973060608,0.8929772973060608,0.7501776218414307,0.7501776218414307,0.7501776218414307,False,16384,0.04741891500000861,345516.13000839483,1.5605592727661133,0.2828884720802307,0.2003484070301056,0.5050572752952576,0.23114138841629028,0.22378312051296234,0.19737066328525543,0.16794301569461823,0.1296546310186386,0.006531117018312216
1147,0.00023395124683885018,0.9306206703186035,0.9306206703186035,0.8267001509666443,0.8267001509666443,0.8267001509666443,False,16384,0.04763650900000016,343937.8817620734,1.5687111616134644,0.3246009051799774,0.2262202352285385,0.5539588928222656,0.2624337375164032,0.24499163031578064,0.20635390281677246,0.17765866219997406,0.1302385777235031,0.004721140954643488
1148,0.00023323321776297482,0.9164774417877197,0.9164774417877197,0.830847978591919,0.830847978591919,0.830847978591919,False,16384,0.04770471000000498,343446.1712480443,1.5731416940689087,0.31753838062286377,0.21785472333431244,0.5675258040428162,0.26292163133621216,0.24159586429595947,0.2104339599609375,0.17542299628257751,0.13175272941589355,0.004550285637378693
1149,0.00023251678376950562,0.9041789770126343,0.9041789770126343,0.7881986498832703,0.7881986498832703,0.7881986498832703,False,16384,0.04753117700002463,344700.06917757395,1.571637511253357,0.3261653780937195,0.20514285564422607,0.5171468257904053,0.2496788203716278,0.23186594247817993,0.2040862739086151,0.1718948781490326,0.13425219058990479,0.004973565693944693
1150,0.00023180194846605365,0.8922796249389648,0.8922796249389648,0.7400083541870117,0.7400083541870117,0.7400083541870117,False,16384,0.04787818299999458,342201.79157596384,1.5697609186172485,0.2903274893760681,0.20052240788936615,0.4792264401912689,0.23288379609584808,0.2290356308221817,0.2028866410255432,0.17127951979637146,0.12745368480682373,0.00434241583570838
1151,0.00023108871545217922,0.9373860955238342,0.9373860955238342,0.8556880950927734,0.8556880950927734,0.8556880950927734,False,16384,0.047610767999998416,344123.83349918964,1.5677289962768555,0.3752337694168091,0.2223522961139679,0.5561450123786926,0.2731558382511139,0.24552947282791138,0.2150711864233017,0.1809687614440918,0.13689135015010834,0.004534127190709114
1152,0.00023037708831937436,0.9162667393684387,0.9162667393684387,0.7797632813453674,0.7797632813453674,0.7797632813453674,False,16384,0.047503406000004134,344901.58453056135,1.5609997510910034,0.2972552180290222,0.20410145819187164,0.5265896320343018,0.2535911202430725,0.2279711812734604,0.19976608455181122,0.17008018493652344,0.12483597546815872,0.004359777085483074
1153,0.0002296670706510451,0.9031057357788086,0.9031057357788086,0.7944085001945496,0.7944085001945496,0.7944085001945496,False,16384,0.047390833999997994,345720.8623929407,1.5585254430770874,0.33441194891929626,0.2038547396659851,0.5291359424591064,0.23754675686359406,0.227909117937088,0.20359741151332855,0.17456898093223572,0.13186925649642944,0.005012368317693472
1154,0.00022895866602249272,0.9095127582550049,0.9095127582550049,0.7530773282051086,0.7530773282051086,0.7530773282051086,False,16384,0.047378854000015735,345808.2797864752,1.560089111328125,0.2913179099559784,0.20685462653636932,0.5025582909584045,0.2339715212583542,0.2257673144340515,0.19684600830078125,0.16603657603263855,0.12187165021896362,0.004795332904905081
1155,0.00022825187800089612,0.8870616555213928,0.8870616555213928,0.784621000289917,0.784621000289917,0.784621000289917,False,16384,0.04738260499999569,345780.9041947248,1.5628929138183594,0.2856684625148773,0.21610626578330994,0.5339125394821167,0.2529975175857544,0.22823412716388702,0.20615161955356598,0.16810186207294464,0.12403091043233871,0.004495794419199228
1156,0.00022754671014529345,0.936775267124176,0.936775267124176,0.8648393750190735,0.8648393750190735,0.8648393750190735,False,16384,0.04737347400001113,345847.5517331946,1.5656087398529053,0.32204967737197876,0.21955229341983795,0.5946452021598816,0.27724549174308777,0.2528418004512787,0.21988645195960999,0.18403631448745728,0.13923931121826172,0.004895753227174282
1157,0.00022684316600656506,0.9388444423675537,0.9388444423675537,0.7869244813919067,0.7869244813919067,0.7869244813919067,False,16384,0.04737327399999458,345849.0118289455,1.5602459907531738,0.29576027393341064,0.21459604799747467,0.5267364382743835,0.24365289509296417,0.23510076105594635,0.20921625196933746,0.1767086386680603,0.1364242136478424,0.005018539726734161
1158,0.00022614124912741457,0.9058458805084229,0.9058458805084229,0.8218309879302979,0.8218309879302979,0.8218309879302979,False,16384,0.047648769000005586,343849.3867490696,1.5585485696792603,0.3541971743106842,0.20786415040493011,0.556538462638855,0.24707800149917603,0.2259247601032257,0.19998469948768616,0.16935601830482483,0.12736555933952332,0.004602185916155577
1159,0.00022544096304235136,0.9273264408111572,0.9273264408111572,0.7750664949417114,0.7750664949417114,0.7750664949417114,False,16384,0.04745088600000713,345283.33148505463,1.55765962600708,0.30344247817993164,0.20792992413043976,0.5276235342025757,0.2342233508825302,0.21992678940296173,0.19825881719589233,0.16800756752490997,0.12743666768074036,0.0052639637142419815
1160,0.00022474231127767383,0.9269492626190186,0.9269492626190186,0.8067799210548401,0.8067799210548401,0.8067799210548401,False,16384,0.04774610000001189,343148.4456321232,1.5619466304779053,0.30425316095352173,0.2160916030406952,0.5348477363586426,0.2726713716983795,0.24073047935962677,0.20836305618286133,0.1777060627937317,0.13508182764053345,0.004854160826653242
1161,0.00022404529735144975,0.8866098523139954,0.8866098523139954,0.746308445930481,0.746308445930481,0.746308445930481,False,16384,0.04755382700000155,344535.88772149646,1.5662797689437866,0.27541372179985046,0.20403487980365753,0.4957263469696045,0.23780344426631927,0.2253825068473816,0.2021179497241974,0.1710343360900879,0.12753458321094513,0.0056163957342505455
1162,0.00022334992477350026,0.9005013704299927,0.9005013704299927,0.7919348478317261,0.7919348478317261,0.7919348478317261,False,16384,0.04747806599999649,345085.665452363,1.573363184928894,0.31082451343536377,0.21053965389728546,0.5309544205665588,0.24925726652145386,0.23187768459320068,0.20267589390277863,0.17465274035930634,0.1296427994966507,0.004963884595781565
1163,0.00022265619704538094,0.9316589832305908,0.9316589832305908,0.8475606441497803,0.8475606441497803,0.8475606441497803,False,16384,0.04736948400000074,345876.68297167314,1.576917052268982,0.34642624855041504,0.22428342700004578,0.5649864077568054,0.27457618713378906,0.24324053525924683,0.215391144156456,0.1764400601387024,0.12936030328273773,0.004316696897149086
1164,0.0002219641176603649,0.9027698040008545,0.9027698040008545,0.7795349955558777,0.7795349955558777,0.7795349955558777,False,16384,0.04757115700002146,344410.3745467576,1.5754321813583374,0.2869325876235962,0.2075011283159256,0.525319516658783,0.24491001665592194,0.2326459139585495,0.20954932272434235,0.17503617703914642,0.13285081088542938,0.004919818136841059
1165,0.0002212736901034251,0.9129217863082886,0.9129217863082886,0.8176658153533936,0.8176658153533936,0.8176658153533936,False,16384,0.04745577599999251,345247.7523495261,1.5711932182312012,0.3279041349887848,0.21098871529102325,0.5373892188072205,0.26181018352508545,0.2423267513513565,0.21797698736190796,0.18152335286140442,0.14138586819171906,0.005606587044894695
1166,0.0002205849178512167,0.9179360866546631,0.9179360866546631,0.8061110377311707,0.8061110377311707,0.8061110377311707,False,16384,0.047444826000003104,345327.433596214,1.5649693012237549,0.31707265973091125,0.21367990970611572,0.5456870198249817,0.2481704205274582,0.23623816668987274,0.20427076518535614,0.1719004213809967,0.13095469772815704,0.004898689687252045
1167,0.00021989780437205956,0.8855938911437988,0.8855938911437988,0.8065457344055176,0.8065457344055176,0.8065457344055176,False,16384,0.04756397700001003,344462.3648690383,1.5584794282913208,0.32437774538993835,0.21470338106155396,0.5486438870429993,0.24780689179897308,0.22854982316493988,0.20027543604373932,0.1667063981294632,0.1289059966802597,0.00511704059317708
1168,0.00021921235312592047,0.887758731842041,0.887758731842041,0.7895106077194214,0.7895106077194214,0.7895106077194214,False,16384,0.047399544000001015,345657.33374987,1.5590863227844238,0.2718100845813751,0.21264851093292236,0.5440174341201782,0.24944621324539185,0.23634788393974304,0.2073303908109665,0.17196132242679596,0.1326882392168045,0.005040803458541632
1169,0.0002185285675643965,0.9217010736465454,0.9217010736465454,0.8966814279556274,0.8966814279556274,0.8966814279556274,False,16384,0.04753092600000741,344701.8894602947,1.5672132968902588,0.4473903179168701,0.21870115399360657,0.5703780651092529,0.2688486576080322,0.24811147153377533,0.2149515450000763,0.18283355236053467,0.13123448193073273,0.004954399075359106
1170,0.00021784645113069677,0.9139232635498047,0.9139232635498047,0.8645510077476501,0.8645510077476501,0.8645510077476501,False,16384,0.047445603999989316,345321.77101178205,1.5706325769424438,0.3532739579677582,0.2147672325372696,0.5770548582077026,0.2733442187309265,0.25225016474723816,0.22071991860866547,0.18705667555332184,0.14638236165046692,0.006792538799345493
1171,0.0002171660072596256,0.8955456614494324,0.8955456614494324,0.860905647277832,0.860905647277832,0.860905647277832,False,16384,0.04747715499999572,345092.28701680794,1.5681684017181396,0.3164016306400299,0.2185133993625641,0.5956438779830933,0.2843044102191925,0.24670101702213287,0.2158655822277069,0.17892715334892273,0.13482226431369781,0.0053380210883915424
1172,0.00021648723937756542,0.8878464698791504,0.8878464698791504,0.8065701127052307,0.8065701127052307,0.8065701127052307,False,16384,0.04749091499999736,344992.3001062606,1.565016746520996,0.3083101511001587,0.1996496319770813,0.5488877296447754,0.26618480682373047,0.2376692146062851,0.20582161843776703,0.1706356704235077,0.12457895278930664,0.004736980888992548
1173,0.00021581015090245853,0.9246699213981628,0.9246699213981628,0.8763594031333923,0.8763594031333923,0.8763594031333923,False,16384,0.047469404999986864,345148.62783733086,1.566602110862732,0.3532751202583313,0.2104843705892563,0.5930874943733215,0.2905060946941376,0.25263604521751404,0.2169642299413681,0.1821099817752838,0.13662563264369965,0.004827343393117189
1174,0.00021513474524379126,0.8830751180648804,0.8830751180648804,0.8302998542785645,0.8302998542785645,0.8302998542785645,False,16384,0.0473983839999903,345665.79316297686,1.572239637374878,0.32711368799209595,0.2157004475593567,0.5638347268104553,0.24912327527999878,0.24311958253383636,0.21423183381557465,0.18035759031772614,0.13541410863399506,0.005239624995738268
1175,0.00021446102580257548,0.9157676696777344,0.9157676696777344,0.8297522664070129,0.8297522664070129,0.8297522664070129,False,16384,0.047425145000005386,345470.74131240166,1.579150676727295,0.2901071608066559,0.21416227519512177,0.5711913108825684,0.2754743993282318,0.24270784854888916,0.2150382697582245,0.18010583519935608,0.13676045835018158,0.005042425822466612
1176,0.00021378899597133266,0.9049039483070374,0.9049039483070374,0.8965256810188293,0.8965256810188293,0.8965256810188293,False,16384,0.047483876000001146,345043.44169375737,1.5806963443756104,0.35686302185058594,0.21798889338970184,0.6210477948188782,0.28245800733566284,0.24741125106811523,0.22136463224887848,0.1849459558725357,0.1377173513174057,0.004392532631754875
1177,0.00021311865913407592,0.9189016222953796,0.9189016222953796,0.7987738251686096,0.7987738251686096,0.7987738251686096,False,16384,0.04737710300000231,345821.06043924217,1.5725443363189697,0.29890960454940796,0.22423654794692993,0.5332351922988892,0.25320354104042053,0.24009969830513,0.21182067692279816,0.17445091903209686,0.13035720586776733,0.004103639628738165
1178,0.0002124500186662932,0.8944305181503296,0.8944305181503296,0.8234042525291443,0.8234042525291443,0.8234042525291443,False,16384,0.04736823399997547,345885.8103092567,1.568197250366211,0.327872097492218,0.213273823261261,0.5511519908905029,0.2591189742088318,0.2482173889875412,0.20976382493972778,0.17506550252437592,0.13344496488571167,0.005416122265160084
1179,0.0002117830779349307,0.8636331558227539,0.8636331558227539,0.8707212209701538,0.8707212209701538,0.8707212209701538,False,16384,0.04738367400000243,345773.1032000423,1.5665943622589111,0.3475058376789093,0.19724544882774353,0.5973321199417114,0.29072266817092896,0.24644693732261658,0.2122676968574524,0.1822032481431961,0.1346864402294159,0.0056474050506949425
1180,0.00021111784029837513,0.9379769563674927,0.9379769563674927,0.8198937773704529,0.8198937773704529,0.8198937773704529,False,16384,0.047546796000006,344586.8360929711,1.5662201642990112,0.3173401951789856,0.22474899888038635,0.541845440864563,0.26799988746643066,0.24083717167377472,0.21303246915340424,0.18228000402450562,0.13766592741012573,0.00501621188595891
1181,0.00021045430910643755,0.8930743932723999,0.8930743932723999,0.8081064224243164,0.8081064224243164,0.8081064224243164,False,16384,0.04744872399999167,345299.06431209564,1.5688165426254272,0.32464683055877686,0.2098223716020584,0.5391786098480225,0.2605079710483551,0.2316344976425171,0.20523227751255035,0.1750858873128891,0.13631108403205872,0.005136771127581596
1182,0.0002097924877003362,0.872704029083252,0.872704029083252,0.777038037776947,0.777038037776947,0.777038037776947,False,16384,0.047459215000003496,345222.73493143095,1.573580265045166,0.2886466085910797,0.2039622664451599,0.5203449130058289,0.24784784018993378,0.238514706492424,0.20982585847377777,0.17138007283210754,0.1279446929693222,0.005114472471177578
1183,0.0002091323794126797,0.9148992300033569,0.9148992300033569,0.8237468004226685,0.8237468004226685,0.8237468004226685,False,16384,0.04746540499999696,345177.7141688994,1.5830997228622437,0.32845261693000793,0.2187834233045578,0.5372680425643921,0.2707817256450653,0.2476402223110199,0.21744751930236816,0.18272317945957184,0.13715313374996185,0.004898419138044119
1184,0.00020847398756745005,0.9167126417160034,0.9167126417160034,0.8368425965309143,0.8368425965309143,0.8368425965309143,False,16384,0.04743422499998928,345404.61027883773,1.5826257467269897,0.29941022396087646,0.2250089943408966,0.5711870193481445,0.2692009210586548,0.2463649958372116,0.2164934277534485,0.18565982580184937,0.1387403905391693,0.004766919184476137
1185,0.00020781731547998608,0.8925551772117615,0.8925551772117615,0.7321279048919678,0.7321279048919678,0.7321279048919678,False,16384,0.047429874000016525,345436.2961199157,1.5743894577026367,0.25265073776245117,0.21098463237285614,0.4886527955532074,0.2318563014268875,0.22160175442695618,0.20088154077529907,0.17144238948822021,0.12748727202415466,0.004389471840113401
1186,0.00020716236645696714,0.8815574645996094,0.8815574645996094,0.7837222218513489,0.7837222218513489,0.7837222218513489,False,16384,0.047417683999981364,345525.09987637604,1.5678162574768066,0.30904972553253174,0.20100663602352142,0.5267332196235657,0.2528686821460724,0.2294721007347107,0.20031319558620453,0.1703263372182846,0.12289632111787796,0.004167011473327875
1187,0.00020650914379639548,0.8479926586151123,0.8479926586151123,0.8050498366355896,0.8050498366355896,0.8050498366355896,False,16384,0.04743401399997538,345406.1467369914,1.569718360900879,0.3495372533798218,0.1997491419315338,0.5303407311439514,0.25473862886428833,0.2268214374780655,0.20310896635055542,0.17287231981754303,0.13134729862213135,0.006169773172587156
1188,0.00020585765078758072,0.879366397857666,0.879366397857666,0.7600470185279846,0.7600470185279846,0.7600470185279846,False,16384,0.04745276599999215,345269.6519314113,1.5779780149459839,0.2762921154499054,0.20485316216945648,0.5124267339706421,0.23792140185832977,0.22767968475818634,0.2065311223268509,0.17059530317783356,0.12869706749916077,0.004771324340254068
1189,0.0002052078907111228,0.8757216930389404,0.8757216930389404,0.8011165857315063,0.8011165857315063,0.8011165857315063,False,16384,0.04737928500000521,345805.134036915,1.5840294361114502,0.29924505949020386,0.20907649397850037,0.5419768691062927,0.25841811299324036,0.23677678406238556,0.20886100828647614,0.1763891577720642,0.1310972273349762,0.004752608947455883
1190,0.000204559866838895,0.9012852311134338,0.9012852311134338,0.802829384803772,0.802829384803772,0.802829384803772,False,16384,0.047372523999996474,345854.487297346,1.5907002687454224,0.2947859764099121,0.2156452089548111,0.5305267572402954,0.2595199644565582,0.2539968490600586,0.21612605452537537,0.18074752390384674,0.13566382229328156,0.005000405013561249
1191,0.00020391358243402856,0.886311411857605,0.886311411857605,0.8241739273071289,0.8241739273071289,0.8241739273071289,False,16384,0.04746778599999857,345160.3999394557,1.5925120115280151,0.31951531767845154,0.21848802268505096,0.5412800908088684,0.2707124352455139,0.2518729567527771,0.21827185153961182,0.18272362649440765,0.1366604119539261,0.004434043541550636
1192,0.00020326904075089488,0.8438252210617065,0.8438252210617065,0.8264842629432678,0.8264842629432678,0.8264842629432678,False,16384,0.04746522600001413,345179.015896714,1.5904533863067627,0.313170462846756,0.21754862368106842,0.5636475682258606,0.26607903838157654,0.24362671375274658,0.20690426230430603,0.17411939799785614,0.12911993265151978,0.004856109153479338
1193,0.00020262624503509055,0.8705867528915405,0.8705867528915405,0.8002750277519226,0.8002750277519226,0.8002750277519226,False,16384,0.047473206000006485,345120.9930923511,1.5915672779083252,0.29816773533821106,0.2094634771347046,0.5320726633071899,0.25971218943595886,0.24779760837554932,0.21491174399852753,0.1797330230474472,0.1311153620481491,0.004858652129769325
1194,0.00020198519852341996,0.8576523065567017,0.8576523065567017,0.7985866069793701,0.7985866069793701,0.7985866069793701,False,16384,0.047466155999984494,345172.2528364284,1.596608281135559,0.3236849308013916,0.20585595071315765,0.5297873020172119,0.25707486271858215,0.2365109920501709,0.20720124244689941,0.1704118549823761,0.12608233094215393,0.004802248440682888
1195,0.00020134590444387962,0.8656920194625854,0.8656920194625854,0.8392370939254761,0.8392370939254761,0.8392370939254761,False,16384,0.04740467499999568,345619.9203981779,1.6007157564163208,0.31848788261413574,0.20405924320220947,0.5761272311210632,0.2742066979408264,0.2435927540063858,0.21511004865169525,0.17859691381454468,0.1288609653711319,0.0045347739942371845
1196,0.00020070836601564123,0.8880311846733093,0.8880311846733093,0.8632820248603821,0.8632820248603821,0.8632820248603821,False,16384,0.047418564999986756,345518.6802891352,1.6079976558685303,0.318185418844223,0.2303207963705063,0.5724629163742065,0.3012838065624237,0.2600622773170471,0.22529509663581848,0.18782734870910645,0.13707639276981354,0.004603827837854624
1197,0.00020007258644903615,0.859490156173706,0.859490156173706,0.9404628276824951,0.9404628276824951,0.9404628276824951,False,16384,0.04735479400000031,345983.97788405314,1.6069291830062866,0.43091636896133423,0.22936691343784332,0.6065171360969543,0.317263126373291,0.2621583938598633,0.22820380330085754,0.19182297587394714,0.14150911569595337,0.005340577103197575
1198,0.00019943856894553903,0.8469700813293457,0.8469700813293457,0.7947653532028198,0.7947653532028198,0.7947653532028198,False,16384,0.047636609000022645,343937.1597586262,1.6012635231018066,0.27497750520706177,0.2185448408126831,0.5309021472930908,0.2581631541252136,0.24806344509124756,0.21973760426044464,0.18226106464862823,0.12927868962287903,0.004468831699341536
1199,0.0001988063166977516,0.8927051424980164,0.8927051424980164,0.8452411890029907,0.8452411890029907,0.8452411890029907,False,16384,0.047764101000012715,343019.12224822654,1.596666693687439,0.3156057298183441,0.2315702885389328,0.5545506477355957,0.27718687057495117,0.2584717571735382,0.2259666919708252,0.1932496428489685,0.1469743549823761,0.0051477267406880856
1200,0.0001981758328893866,0.8943938612937927,0.8943938612937927,0.8655983209609985,0.8655983209609985,0.8655983209609985,False,16384,0.04759297900000092,344252.45790980395,1.5913246870040894,0.34925734996795654,0.22202026844024658,0.5662161111831665,0.2887229323387146,0.26165083050727844,0.22426171600818634,0.1884763538837433,0.14044642448425293,0.004710600711405277
1201,0.00019754712069525166,0.8808454871177673,0.8808454871177673,0.837963342666626,0.837963342666626,0.837963342666626,False,16384,0.047500556000017014,344922.27838331263,1.5920659303665161,0.3005578815937042,0.21583645045757294,0.5662137866020203,0.27721789479255676,0.2563326954841614,0.22226355969905853,0.1848013997077942,0.13613463938236237,0.004741352051496506
1202,0.00019692018328123367,0.8569477796554565,0.8569477796554565,0.8596572279930115,0.8596572279930115,0.8596572279930115,False,16384,0.04740520499998979,345616.0562960023,1.5963479280471802,0.32764604687690735,0.21574217081069946,0.5921908020973206,0.27699071168899536,0.24849790334701538,0.21329878270626068,0.17982390522956848,0.13449664413928986,0.005153970792889595
1203,0.00019629502380428241,0.8864433169364929,0.8864433169364929,0.8282802700996399,0.8282802700996399,0.8282802700996399,False,16384,0.0474354159999848,345395.9379212623,1.6017054319381714,0.3320346772670746,0.21017512679100037,0.5350350737571716,0.27064892649650574,0.2542479634284973,0.2235121876001358,0.1906282603740692,0.1453922986984253,0.006042350549250841
1204,0.0001956716454123946,0.8717708587646484,0.8717708587646484,0.8837664723396301,0.8837664723396301,0.8837664723396301,False,16384,0.04763174900000422,343972.2526249991,1.6057745218276978,0.35739371180534363,0.2046874463558197,0.5942981243133545,0.29266157746315,0.2609768807888031,0.22517533600330353,0.18652330338954926,0.13763009011745453,0.00539137190207839
1205,0.00019505005124459906,0.8743367195129395,0.8743367195129395,0.8500864505767822,0.8500864505767822,0.8500864505767822,False,16384,0.04742173500000035,345495.5834070575,1.6066566705703735,0.32586318254470825,0.2207023948431015,0.5709941387176514,0.27186575531959534,0.2531585097312927,0.22565586864948273,0.18385347723960876,0.13773252069950104,0.004815415479242802
1206,0.00019443024443093932,0.8706514239311218,0.8706514239311218,0.842376708984375,0.842376708984375,0.842376708984375,False,16384,0.047415884999992386,345538.20939971134,1.6053962707519531,0.3320894241333008,0.21856257319450378,0.5728963613510132,0.27517062425613403,0.2376519739627838,0.21067149937152863,0.17524801194667816,0.12658533453941345,0.004451221786439419
1207,0.0001938122280924592,0.8736795783042908,0.8736795783042908,0.8071390390396118,0.8071390390396118,0.8071390390396118,False,16384,0.04747057600002336,345140.1137410243,1.6077178716659546,0.32086965441703796,0.21199291944503784,0.5168409943580627,0.2729296386241913,0.2461603879928589,0.21881793439388275,0.18605998158454895,0.13725832104682922,0.005054054781794548
1208,0.00019319600534118612,0.8858299255371094,0.8858299255371094,0.8527377843856812,0.8527377843856812,0.8527377843856812,False,16384,0.04740989399999762,345581.8736907706,1.6118502616882324,0.3258671462535858,0.22229257225990295,0.5673765540122986,0.2740000784397125,0.2610371708869934,0.22753430902957916,0.18904319405555725,0.1374734342098236,0.004200365394353867
1209,0.00019258157928011643,0.8585127592086792,0.8585127592086792,0.8370352387428284,0.8370352387428284,0.8370352387428284,False,16384,0.04744604500001515,345318.56132570736,1.6145949363708496,0.3174159526824951,0.22608357667922974,0.5549913048744202,0.2837509214878082,0.2476157546043396,0.22133032977581024,0.18192940950393677,0.12966930866241455,0.004281638190150261
1210,0.0001919689530031986,0.8785346746444702,0.8785346746444702,0.8695786595344543,0.8695786595344543,0.8695786595344543,False,16384,0.04738002399997754,345799.74041397206,1.6166009902954102,0.3457142412662506,0.22161899507045746,0.5810221433639526,0.28643104434013367,0.2580035924911499,0.22358638048171997,0.18448562920093536,0.13150112330913544,0.004477011971175671
1211,0.00019135812959531867,0.8759146332740784,0.8759146332740784,0.8138931393623352,0.8138931393623352,0.8138931393623352,False,16384,0.047389924999976074,345727.49376599083,1.617506504058838,0.2947755455970764,0.21896670758724213,0.5395850539207458,0.262698233127594,0.2500061094760895,0.22222253680229187,0.18997199833393097,0.13934196531772614,0.005395852029323578
1212,0.0001907491121322844,0.8640878200531006,0.8640878200531006,0.8581085205078125,0.8581085205078125,0.8581085205078125,False,16384,0.04746969499998954,345146.51926884317,1.6202783584594727,0.3609563112258911,0.2167973667383194,0.5579482316970825,0.27984389662742615,0.2569257915019989,0.22319123148918152,0.18838059902191162,0.13454514741897583,0.005101654678583145
1213,0.00019014190368080923,0.8841680884361267,0.8841680884361267,0.8559970259666443,0.8559970259666443,0.8559970259666443,False,16384,0.04750656699999922,344878.6354105585,1.6170666217803955,0.31851354241371155,0.22897976636886597,0.5753107070922852,0.2795662581920624,0.25152787566185,0.22691047191619873,0.18811626732349396,0.13979673385620117,0.00480244867503643
1214,0.00018953650729849794,0.8723775744438171,0.8723775744438171,0.8309491872787476,0.8309491872787476,0.8309491872787476,False,16384,0.04740572400001497,345612.2724756788,1.6108752489089966,0.323477566242218,0.22271105647087097,0.5413399338722229,0.274009644985199,0.25609493255615234,0.2217443883419037,0.1860639750957489,0.1367875337600708,0.004745328798890114
1215,0.00018893292603382997,0.8641444444656372,0.8641444444656372,0.8575876951217651,0.8575876951217651,0.8575876951217651,False,16384,0.04742961499999865,345438.1824520496,1.606924057006836,0.30548205971717834,0.22013767063617706,0.5762354135513306,0.2965869903564453,0.2556171715259552,0.22455474734306335,0.19253866374492645,0.14423100650310516,0.005195189267396927
1216,0.00018833116292614507,0.8840421438217163,0.8840421438217163,0.8512721657752991,0.8512721657752991,0.8512721657752991,False,16384,0.04742330499999525,345484.14540069783,1.6067891120910645,0.3261263370513916,0.2181950956583023,0.5745267868041992,0.2762143313884735,0.24896106123924255,0.21915879845619202,0.18652018904685974,0.13961896300315857,0.0050929696299135685
1217,0.00018773122100562776,0.8496301174163818,0.8496301174163818,0.8170084357261658,0.8170084357261658,0.8170084357261658,False,16384,0.04745720500000061,345237.35647726804,1.6054034233093262,0.31082186102867126,0.21188783645629883,0.5448228716850281,0.2738334536552429,0.24355889856815338,0.21227990090847015,0.1802651435136795,0.13144172728061676,0.004827508237212896
1218,0.00018713310329329154,0.8882192969322205,0.8882192969322205,0.8830137252807617,0.8830137252807617,0.8830137252807617,False,16384,0.04742016400001603,345507.0294568037,1.6094670295715332,0.31737300753593445,0.22542914748191833,0.6150890588760376,0.28391319513320923,0.25420957803726196,0.22302120923995972,0.18660029768943787,0.14150400459766388,0.004903058055788279
1219,0.00018653681280096467,0.8781216740608215,0.8781216740608215,0.8449438810348511,0.8449438810348511,0.8449438810348511,False,16384,0.04743620499999679,345390.19299712335,1.611740231513977,0.31523826718330383,0.22063516080379486,0.5763915777206421,0.2621789872646332,0.2532407343387604,0.2230686992406845,0.1811443567276001,0.13484299182891846,0.004850904457271099
1220,0.00018594235253127368,0.8678678274154663,0.8678678274154663,0.8656195402145386,0.8656195402145386,0.8656195402145386,False,16384,0.047372592999977314,345853.9835471503,1.6149934530258179,0.3208328187465668,0.21371901035308838,0.5874198079109192,0.29692739248275757,0.25683340430259705,0.21938754618167877,0.18445727229118347,0.13899822533130646,0.004523895215243101
1221,0.00018534972547762965,0.8418615460395813,0.8418615460395813,0.8405086398124695,0.8405086398124695,0.8405086398124695,False,16384,0.0473876639999844,345743.98940630193,1.620559811592102,0.3297616243362427,0.22486865520477295,0.5493713021278381,0.27587538957595825,0.2528373599052429,0.22400622069835663,0.1883489042520523,0.14008142054080963,0.00514244893565774
1222,0.0001847589346242123,0.8265236616134644,0.8265236616134644,0.8648536205291748,0.8648536205291748,0.8648536205291748,False,16384,0.047502046000005294,344911.45918216184,1.6261024475097656,0.3355325758457184,0.21414458751678467,0.581471860408783,0.28727927803993225,0.2565208971500397,0.2234186977148056,0.18582607805728912,0.13644233345985413,0.005119085777550936
1223,0.00018416998294595478,0.8527811169624329,0.8527811169624329,0.911512017250061,0.911512017250061,0.911512017250061,False,16384,0.0474350149999907,345398.85778476537,1.6298781633377075,0.3652901351451874,0.2229870855808258,0.6148019433021545,0.29873737692832947,0.2635478973388672,0.2335011214017868,0.19286692142486572,0.13879413902759552,0.0051833041943609715
1224,0.0001835828734085297,0.8515588045120239,0.8515588045120239,0.8775924444198608,0.8775924444198608,0.8775924444198608,False,16384,0.04745835599999282,345228.9834903358,1.6280467510223389,0.297110378742218,0.24024257063865662,0.5874112844467163,0.2991969883441925,0.2739764153957367,0.23706409335136414,0.19338290393352509,0.1446504443883896,0.004842191934585571
1225,0.0001829976089683329,0.866849422454834,0.866849422454834,0.8669419288635254,0.8669419288635254,0.8669419288635254,False,16384,0.04745185499999138,345276.2805585361,1.6176233291625977,0.3152293860912323,0.2293282002210617,0.5844359993934631,0.29516229033470154,0.259950190782547,0.22713753581047058,0.18373744189739227,0.13414689898490906,0.004558393266052008
1226,0.00018241419257246987,0.8735072016716003,0.8735072016716003,0.9130516052246094,0.9130516052246094,0.9130516052246094,False,16384,0.04745148599999993,345278.9655523122,1.6088095903396606,0.37552961707115173,0.21733705699443817,0.6097794771194458,0.31016606092453003,0.2659497559070587,0.22998926043510437,0.1863524615764618,0.13782133162021637,0.005004200618714094
1227,0.00018183262715873937,0.8449581861495972,0.8449581861495972,0.8242765665054321,0.8242765665054321,0.8242765665054321,False,16384,0.04742107499998838,345500.3919671584,1.6008491516113281,0.30289334058761597,0.21547824144363403,0.546717643737793,0.2708536684513092,0.25007784366607666,0.2268681824207306,0.18967273831367493,0.137798473238945,0.004735773429274559
1228,0.00018125291565562065,0.8287969827651978,0.8287969827651978,0.9359576106071472,0.9359576106071472,0.9359576106071472,False,16384,0.04736007299999301,345945.4127108803,1.60504949092865,0.38996586203575134,0.21344685554504395,0.646628737449646,0.31104254722595215,0.2479841709136963,0.222524031996727,0.1840672791004181,0.13633321225643158,0.00518457219004631
1229,0.0001806750609822567,0.8481953144073486,0.8481953144073486,0.8362689018249512,0.8362689018249512,0.8362689018249512,False,16384,0.04738991399997872,345727.57401516614,1.6179213523864746,0.3073089122772217,0.2189720869064331,0.558838427066803,0.26871833205223083,0.2593223750591278,0.22812971472740173,0.18477214872837067,0.13781625032424927,0.004785843659192324
1230,0.00018009906604844059,0.8266525268554688,0.8266525268554688,0.924578070640564,0.924578070640564,0.924578070640564,False,16384,0.0473792450000019,345805.42598345206,1.6322240829467773,0.3904087543487549,0.21990209817886353,0.6187552809715271,0.3032858371734619,0.26634618639945984,0.22854217886924744,0.1878173053264618,0.14405447244644165,0.005430066492408514
1231,0.00017952493375460095,0.8549867272377014,0.8549867272377014,0.8652245402336121,0.8652245402336121,0.8652245402336121,False,16384,0.047476015999990295,345100.5661469856,1.638573408126831,0.324454665184021,0.23567131161689758,0.5621151924133301,0.2860125005245209,0.26612383127212524,0.23975084722042084,0.20027920603752136,0.1469227373600006,0.004960155580192804
1232,0.00017895266699178674,0.8765537738800049,0.8765537738800049,0.879561722278595,0.879561722278595,0.879561722278595,False,16384,0.04746637499999906,345170.6602832073,1.6333684921264648,0.358551025390625,0.22295023500919342,0.5709257125854492,0.28235816955566406,0.27504101395606995,0.23718972504138947,0.1946743130683899,0.14090846478939056,0.0045937285758554935
1233,0.00017838226864165318,0.8289916515350342,0.8289916515350342,0.8732869029045105,0.8732869029045105,0.8732869029045105,False,16384,0.04752170599999772,344768.7673502459,1.6200836896896362,0.389758437871933,0.2175310105085373,0.564820408821106,0.27540111541748047,0.2589738965034485,0.22043290734291077,0.1836995631456375,0.13815361261367798,0.006374354008585215
1234,0.00017781374157644714,0.8378416895866394,0.8378416895866394,0.8678306341171265,0.8678306341171265,0.8678306341171265,False,16384,0.04739522400001306,345688.8398711964,1.6092214584350586,0.3499448001384735,0.2172684520483017,0.5835907459259033,0.273119181394577,0.2572236657142639,0.22228115797042847,0.18466635048389435,0.136363685131073,0.004598405212163925
1235,0.00017724708865899262,0.8463751077651978,0.8463751077651978,0.8281663060188293,0.8281663060188293,0.8281663060188293,False,16384,0.047609238000006826,344134.8924760705,1.6049846410751343,0.31989169120788574,0.21740658581256866,0.5441775321960449,0.2652978003025055,0.2510853111743927,0.22642861306667328,0.18835274875164032,0.14118805527687073,0.005146954208612442
1236,0.00017668231274267608,0.8254196643829346,0.8254196643829346,0.8723896741867065,0.8723896741867065,0.8723896741867065,False,16384,0.04758604799999944,344302.5989466533,1.6060175895690918,0.4168645143508911,0.21174216270446777,0.5453751087188721,0.2704150676727295,0.25563520193099976,0.228031724691391,0.18859751522541046,0.1376551389694214,0.005363478325307369
1237,0.00017611941667143244,0.8511046171188354,0.8511046171188354,0.9407497048377991,0.9407497048377991,0.9407497048377991,False,16384,0.04752610700001014,344736.8411638787,1.6132436990737915,0.414995014667511,0.23752015829086304,0.6173467040061951,0.3001447916030884,0.2694278359413147,0.23360155522823334,0.19395507872104645,0.14269961416721344,0.005170279648154974
1238,0.00017555840327973077,0.8641279935836792,0.8641279935836792,0.8786510229110718,0.8786510229110718,0.8786510229110718,False,16384,0.047469895999995515,345145.0578278399,1.6192587614059448,0.3112051486968994,0.2363997846841812,0.5849707722663879,0.2873944640159607,0.2722328007221222,0.23835505545139313,0.20225414633750916,0.15051712095737457,0.004661602433770895
1239,0.00017499927539255973,0.8279361724853516,0.8279361724853516,0.9110203981399536,0.9110203981399536,0.9110203981399536,False,16384,0.04737740400000234,345818.86335518066,1.6211705207824707,0.4144136905670166,0.2208268791437149,0.5955175161361694,0.2874371409416199,0.2608867883682251,0.22612448036670685,0.18449430167675018,0.13759535551071167,0.00537659740075469
1240,0.0001744420358254138,0.8432624340057373,0.8432624340057373,0.8408275842666626,0.8408275842666626,0.8408275842666626,False,16384,0.04742456500000003,345474.96640190564,1.6238559484481812,0.3365159332752228,0.22972023487091064,0.544967532157898,0.26393184065818787,0.2537921071052551,0.23062169551849365,0.19343465566635132,0.13888639211654663,0.004889653995633125
1241,0.00017388668738427848,0.8235902786254883,0.8235902786254883,0.8587969541549683,0.8587969541549683,0.8587969541549683,False,16384,0.047460735000015575,345211.6786643659,1.6263020038604736,0.3256889581680298,0.2348707616329193,0.5696168541908264,0.2769864797592163,0.2578161060810089,0.23084130883216858,0.1906721442937851,0.13773362338542938,0.005149658303707838
1242,0.0001733332328656164,0.835648775100708,0.835648775100708,0.9184741377830505,0.9184741377830505,0.9184741377830505,False,16384,0.04744137500000534,345352.5535463118,1.6244977712631226,0.3651128113269806,0.21981853246688843,0.6247478723526001,0.2878246605396271,0.2674051821231842,0.2363874465227127,0.199051633477211,0.14756768941879272,0.0056578549556434155
1243,0.0001727816750563536,0.8261991739273071,0.8261991739273071,0.8404155373573303,0.8404155373573303,0.8404155373573303,False,16384,0.047453945000000886,345261.0736578317,1.6269962787628174,0.3286486268043518,0.21781618893146515,0.5507354736328125,0.2688395380973816,0.25851374864578247,0.2276090830564499,0.19116465747356415,0.14159855246543884,0.005559755489230156
1244,0.00017223201673386524,0.827912449836731,0.827912449836731,0.860349178314209,0.860349178314209,0.860349178314209,False,16384,0.047451964000003954,345275.4874381729,1.6377503871917725,0.2925368547439575,0.230547234416008,0.591266393661499,0.27363938093185425,0.2586844265460968,0.2308899164199829,0.1923801451921463,0.14050230383872986,0.004191278945654631
1245,0.00017168426066596146,0.8568184971809387,0.8568184971809387,0.8814632892608643,0.8814632892608643,0.8814632892608643,False,16384,0.04742496399998686,345472.0598207421,1.6436734199523926,0.30561304092407227,0.23595233261585236,0.5913708806037903,0.28702133893966675,0.27289217710494995,0.24265585839748383,0.20238399505615234,0.1465308964252472,0.0046176486648619175
1246,0.00017113840961087347,0.8169316053390503,0.8169316053390503,0.8431717753410339,0.8431717753410339,0.8431717753410339,False,16384,0.04736757299997407,345890.6370400056,1.6407160758972168,0.28463056683540344,0.2271140068769455,0.5606114268302917,0.2834279239177704,0.266496866941452,0.23513875901699066,0.19288897514343262,0.14206832647323608,0.005140277557075024
1247,0.00017059446631724013,0.826232373714447,0.826232373714447,0.8319514393806458,0.8319514393806458,0.8319514393806458,False,16384,0.047441053999989435,345354.89030247193,1.634803295135498,0.2929290235042572,0.22224697470664978,0.5539825558662415,0.2733931243419647,0.25394299626350403,0.2302398383617401,0.19284287095069885,0.14347732067108154,0.005486025009304285
1248,0.00017005243352409332,0.8230665922164917,0.8230665922164917,0.8546164631843567,0.8546164631843567,0.8546164631843567,False,16384,0.04763928799999917,343917.8184191226,1.631224513053894,0.30061736702919006,0.23012062907218933,0.577160120010376,0.27891942858695984,0.25980159640312195,0.22690093517303467,0.1926911622285843,0.14141355454921722,0.004955442622303963
1249,0.00016951231396084463,0.8257172107696533,0.8257172107696533,0.8316079378128052,0.8316079378128052,0.8316079378128052,False,16384,0.04755692700001646,344513.42913713347,1.6303447484970093,0.30118387937545776,0.2256888449192047,0.5536522269248962,0.26847440004348755,0.2550986707210541,0.22688978910446167,0.1902715563774109,0.13614432513713837,0.004732754081487656
1250,0.00016897411034727213,0.8298680782318115,0.8298680782318115,0.8118234276771545,0.8118234276771545,0.8118234276771545,False,16384,0.04767576800000484,343654.6633081682,1.628784418106079,0.31551823019981384,0.22111879289150238,0.5208818316459656,0.26048892736434937,0.2544533610343933,0.22473226487636566,0.19017955660820007,0.1414203941822052,0.004533556755632162
1251,0.00016843782539350535,0.8141351342201233,0.8141351342201233,0.8505018949508667,0.8505018949508667,0.8505018949508667,False,16384,0.047522745999998506,344761.2223418343,1.6260353326797485,0.3091084957122803,0.22259989380836487,0.5705596804618835,0.27191412448883057,0.26387491822242737,0.22903262078762054,0.19163024425506592,0.141226664185524,0.005102603230625391
1252,0.00016790346180001295,0.8516943454742432,0.8516943454742432,0.8335344195365906,0.8335344195365906,0.8335344195365906,False,16384,0.04737880399997607,345808.6447266224,1.629725456237793,0.2913645803928375,0.22629857063293457,0.5506712794303894,0.2761681079864502,0.2634235918521881,0.23194222152233124,0.19089579582214355,0.1397009640932083,0.004570581950247288
1253,0.00016737102225758806,0.8367106914520264,0.8367106914520264,0.8556950688362122,0.8556950688362122,0.8556950688362122,False,16384,0.04738082400001531,345793.90176909347,1.6351041793823242,0.32187148928642273,0.22444497048854828,0.5697170495986938,0.27647560834884644,0.2627597451210022,0.23158366978168488,0.18988734483718872,0.1359143853187561,0.004171156790107489
1254,0.00016684050944733574,0.8267533183097839,0.8267533183097839,0.8535351157188416,0.8535351157188416,0.8535351157188416,False,16384,0.04754108699998483,344628.2160104002,1.6377794742584229,0.28963765501976013,0.22492615878582,0.5773072242736816,0.2810187041759491,0.26594826579093933,0.2338578850030899,0.19159480929374695,0.14011141657829285,0.005248602945357561
1255,0.00016631192604065853,0.8343527317047119,0.8343527317047119,0.8660330176353455,0.8660330176353455,0.8660330176353455,False,16384,0.047505585999999766,344885.7572244258,1.6418001651763916,0.3427000343799591,0.22545646131038666,0.5678211450576782,0.2793925702571869,0.2638697922229767,0.23280520737171173,0.19365988671779633,0.14109155535697937,0.004653693176805973
1256,0.0001657852746992437,0.794127881526947,0.794127881526947,0.8901731371879578,0.8901731371879578,0.8901731371879578,False,16384,0.04741663499999049,345532.74394109333,1.6443543434143066,0.3573262691497803,0.2249704897403717,0.5783743858337402,0.30668357014656067,0.2738516330718994,0.2309485524892807,0.1921871453523636,0.1422719806432724,0.0057956762611866
1257,0.00016526055807504974,0.8386635184288025,0.8386635184288025,0.89385986328125,0.89385986328125,0.89385986328125,False,16384,0.047346434000019144,346045.0685682765,1.6463465690612793,0.33438828587532043,0.22920536994934082,0.6052360534667969,0.29014915227890015,0.2695073187351227,0.23405678570270538,0.19298498332500458,0.13950835168361664,0.003881781827658415
1258,0.0001647377788102923,0.8363442420959473,0.8363442420959473,0.9575096368789673,0.9575096368789673,0.9575096368789673,False,16384,0.04754380699998251,344608.4996938934,1.641591191291809,0.43972140550613403,0.243926003575325,0.624530553817749,0.2920830249786377,0.2713082432746887,0.23882806301116943,0.19605763256549835,0.1396973431110382,0.004235342610627413
1259,0.00016421693953743203,0.8203306794166565,0.8203306794166565,0.8747649788856506,0.8747649788856506,0.8747649788856506,False,16384,0.04735904399998958,345952.92928640207,1.6382756233215332,0.35589897632598877,0.23780621588230133,0.5570769906044006,0.27668502926826477,0.26860567927360535,0.241189643740654,0.2027461975812912,0.15378256142139435,0.0056442697532474995
1260,0.00016369804287916026,0.8139530420303345,0.8139530420303345,0.822909414768219,0.822909414768219,0.822909414768219,False,16384,0.04742439499997886,345476.204809936,1.6372151374816895,0.29138463735580444,0.2298417091369629,0.537983775138855,0.2747024595737457,0.26240530610084534,0.2292352318763733,0.18668119609355927,0.1352233737707138,0.004367474466562271
1261,0.0001631810914483866,0.79799485206604,0.79799485206604,0.8880878686904907,0.8880878686904907,0.8880878686904907,False,16384,0.04741021500001352,345579.53386196046,1.6374834775924683,0.3542782962322235,0.23251953721046448,0.608558177947998,0.27440139651298523,0.24861592054367065,0.22165784239768982,0.18584677577018738,0.13407136499881744,0.005126413889229298
1262,0.00016266608784822542,0.8119000792503357,0.8119000792503357,0.8866431713104248,0.8866431713104248,0.8866431713104248,False,16384,0.04740193399999271,345639.90574735875,1.6403889656066895,0.3234291672706604,0.24062514305114746,0.5975255370140076,0.2822606563568115,0.2720397114753723,0.23703965544700623,0.19617685675621033,0.1349831372499466,0.004699892830103636
1263,0.00016215303467198244,0.8555759191513062,0.8555759191513062,0.9109973907470703,0.9109973907470703,0.9109973907470703,False,16384,0.047392533999982334,345708.4611682951,1.6384198665618896,0.33152100443840027,0.23799975216388702,0.6133065223693848,0.2939680814743042,0.27801117300987244,0.24495774507522583,0.20542459189891815,0.14590580761432648,0.0046667130663990974
1264,0.00016164193450314242,0.8126940727233887,0.8126940727233887,0.8611137866973877,0.8611137866973877,0.8611137866973877,False,16384,0.04760889700000348,344137.35735147994,1.6304270029067993,0.3043132424354553,0.2317546010017395,0.5756741166114807,0.28895142674446106,0.2635989785194397,0.2312188595533371,0.1931670755147934,0.14146502315998077,0.005843113176524639
1265,0.00016113278991535543,0.8251681327819824,0.8251681327819824,0.8943138122558594,0.8943138122558594,0.8943138122558594,False,16384,0.04752227699998457,344764.6248096513,1.6327005624771118,0.34618377685546875,0.225978821516037,0.5921923518180847,0.297707200050354,0.27440235018730164,0.2382868230342865,0.1937076896429062,0.14121153950691223,0.005053074564784765
1266,0.00016062560347242434,0.8356934785842896,0.8356934785842896,0.8721128702163696,0.8721128702163696,0.8721128702163696,False,16384,0.04742661500000622,345460.0333588609,1.64163339138031,0.3014531433582306,0.22545035183429718,0.5921781063079834,0.2852010726928711,0.27320799231529236,0.2367033064365387,0.19289371371269226,0.13772140443325043,0.004264085553586483
1267,0.00016012037772829182,0.8551744222640991,0.8551744222640991,0.9226886034011841,0.9226886034011841,0.9226886034011841,False,16384,0.04752377599999136,344753.75020711694,1.6464736461639404,0.3314386010169983,0.24457232654094696,0.6148945689201355,0.3109237253665924,0.28597941994667053,0.2487391084432602,0.20350849628448486,0.14773422479629517,0.004660715814679861
1268,0.0001596171152270271,0.837566614151001,0.837566614151001,0.9156550765037537,0.9156550765037537,0.9156550765037537,False,16384,0.04755327699999157,344539.87261493894,1.644315242767334,0.32673487067222595,0.2293531894683838,0.6242049932479858,0.30092987418174744,0.27692559361457825,0.24719373881816864,0.19665636122226715,0.1496053785085678,0.0052062757313251495
1269,0.000159115818502814,0.8108282089233398,0.8108282089233398,0.8827024698257446,0.8827024698257446,0.8827024698257446,False,16384,0.047435245000002624,345397.183043939,1.6363022327423096,0.3445059657096863,0.21964670717716217,0.6061203479766846,0.2717030346393585,0.252213716506958,0.22895479202270508,0.19057345390319824,0.13659130036830902,0.004773939494043589
1270,0.0001586164900799371,0.8306755423545837,0.8306755423545837,0.861971914768219,0.861971914768219,0.861971914768219,False,16384,0.04746691500000111,345166.7335026853,1.634374737739563,0.2857966423034668,0.2350235879421234,0.5789409279823303,0.28030142188072205,0.26857632398605347,0.2415143996477127,0.20125344395637512,0.14612385630607605,0.004557974170893431
1271,0.00015811913247277003,0.8272360563278198,0.8272360563278198,0.9047870635986328,0.9047870635986328,0.9047870635986328,False,16384,0.047392694000023994,345707.2940397038,1.635658621788025,0.31569811701774597,0.22774600982666016,0.6094328761100769,0.30700990557670593,0.2817591726779938,0.24422641098499298,0.20047827064990997,0.14898014068603516,0.004601787310093641
1272,0.00015762374818576184,0.8158471584320068,0.8158471584320068,0.856880247592926,0.856880247592926,0.856880247592926,False,16384,0.04740016500002753,345652.8052168275,1.6344451904296875,0.29636842012405396,0.22827491164207458,0.5731039047241211,0.2872385084629059,0.26689383387565613,0.2336735874414444,0.19378016889095306,0.14119619131088257,0.004826758988201618
1273,0.00015713033971342572,0.8255914449691772,0.8255914449691772,0.8587297201156616,0.8587297201156616,0.8587297201156616,False,16384,0.04739108500001521,345719.03133246984,1.639304280281067,0.2993210256099701,0.23668645322322845,0.5638218522071838,0.2902703583240509,0.27391210198402405,0.23395752906799316,0.19735483825206757,0.14461921155452728,0.004857991822063923
1274,0.00015663890954032485,0.8191556930541992,0.8191556930541992,0.885532557964325,0.885532557964325,0.885532557964325,False,16384,0.04740142500000388,345643.61725409434,1.6437972784042358,0.3355023264884949,0.23659773170948029,0.5879262685775757,0.283550888299942,0.2725648880004883,0.2356121838092804,0.1979450285434723,0.1433737874031067,0.00512358732521534
1275,0.00015614946014106085,0.8291157484054565,0.8291157484054565,0.8807956576347351,0.8807956576347351,0.8807956576347351,False,16384,0.0473916140000199,345715.1723086097,1.6429632902145386,0.3318159580230713,0.2353595644235611,0.5757594108581543,0.2873762845993042,0.2739551365375519,0.2414296567440033,0.20291735231876373,0.14724230766296387,0.0050511835142970085
1276,0.0001556619939802615,0.8199344873428345,0.8199344873428345,0.9203475117683411,0.9203475117683411,0.9203475117683411,False,16384,0.04739389499999902,345698.53353475884,1.6392587423324585,0.38804423809051514,0.23611843585968018,0.6022384166717529,0.2993573248386383,0.2707109749317169,0.236256405711174,0.19658386707305908,0.14364676177501678,0.004723539110273123
1277,0.00015517651351256738,0.8316726684570312,0.8316726684570312,0.9216112494468689,0.9216112494468689,0.9216112494468689,False,16384,0.047565098000006856,344454.24668309605,1.636085867881775,0.3933878540992737,0.2294476330280304,0.6092708706855774,0.2950180172920227,0.2627570629119873,0.23697048425674438,0.19558484852313995,0.1422904133796692,0.004913437180221081
1278,0.00015469302118262056,0.8108271360397339,0.8108271360397339,0.8434204459190369,0.8434204459190369,0.8434204459190369,False,16384,0.04745777599998746,345233.2026685011,1.6359727382659912,0.26277774572372437,0.24463540315628052,0.5588471293449402,0.2864629030227661,0.2762068510055542,0.2376825362443924,0.1907004565000534,0.1375456601381302,0.004421618301421404
1279,0.0001542115194250517,0.8080365061759949,0.8080365061759949,0.8542636632919312,0.8542636632919312,0.8542636632919312,False,16384,0.047460465999989765,345213.6352812788,1.639229416847229,0.30902278423309326,0.21907617151737213,0.5574071407318115,0.2856924533843994,0.27298805117607117,0.24155563116073608,0.19687719643115997,0.14932288229465485,0.004956158809363842
1280,0.0001537320106644679,0.7959536910057068,0.7959536910057068,0.9025235176086426,0.9025235176086426,0.9025235176086426,False,16384,0.04740463499999237,345620.21203206474,1.647030234336853,0.38400986790657043,0.22895850241184235,0.5845747590065002,0.3002244532108307,0.26456359028816223,0.2366873174905777,0.1917022466659546,0.14146576821804047,0.004873286467045546
1281,0.00015325449731544048,0.8146779537200928,0.8146779537200928,0.9335139989852905,0.9335139989852905,0.9335139989852905,False,16384,0.0474139359999981,345552.413113323,1.6505745649337769,0.4228160083293915,0.23109185695648193,0.5953177213668823,0.3022310435771942,0.27462178468704224,0.2392846643924713,0.1988137811422348,0.1459452211856842,0.004862096626311541
1282,0.00015277898178249266,0.8187756538391113,0.8187756538391113,0.9487004280090332,0.9487004280090332,0.9487004280090332,False,16384,0.04738126500001272,345790.68330057466,1.6514623165130615,0.39158254861831665,0.23190365731716156,0.6207312345504761,0.3334927558898926,0.27930858731269836,0.24235746264457703,0.1990283876657486,0.1414293497800827,0.005164535250514746
1283,0.00015230546646008794,0.7822726964950562,0.7822726964950562,0.9370635151863098,0.9370635151863098,0.9370635151863098,False,16384,0.04740112499999327,345645.8048200823,1.6533063650131226,0.392500102519989,0.23464840650558472,0.6318875551223755,0.30816754698753357,0.25869131088256836,0.22970661520957947,0.1898098737001419,0.13776104152202606,0.005516170524060726
1284,0.00015183395373261768,0.8414354920387268,0.8414354920387268,0.9134330153465271,0.9134330153465271,0.9134330153465271,False,16384,0.04753783699999303,344651.7770676525,1.6596890687942505,0.35521233081817627,0.23689250648021698,0.594208836555481,0.2993635833263397,0.28166213631629944,0.24921450018882751,0.20881250500679016,0.15587536990642548,0.004689904395490885
1285,0.0001513644459743891,0.8095977306365967,0.8095977306365967,0.945531964302063,0.945531964302063,0.945531964302063,False,16384,0.04764355900002215,343886.98795554676,1.664968729019165,0.39636749029159546,0.2248711735010147,0.6339825987815857,0.3121458888053894,0.2697884738445282,0.23632556200027466,0.1964307427406311,0.14052020013332367,0.004571390338242054
1286,0.00015089694554961322,0.8051177859306335,0.8051177859306335,0.8792407512664795,0.8792407512664795,0.8792407512664795,False,16384,0.04745231600000466,345272.92619391624,1.669076681137085,0.32425376772880554,0.22396856546401978,0.5878323912620544,0.29004302620887756,0.26918765902519226,0.2388722449541092,0.19561348855495453,0.1424255073070526,0.004290521610528231
1287,0.00015043145481239345,0.8163567781448364,0.8163567781448364,0.8802551031112671,0.8802551031112671,0.8802551031112671,False,16384,0.047389795000015056,345728.4421676607,1.6710658073425293,0.30920395255088806,0.2331959307193756,0.5800974369049072,0.28607177734375,0.2802797257900238,0.2456100434064865,0.20746132731437683,0.15673275291919708,0.005011111032217741
1288,0.00014996797610671307,0.8220654726028442,0.8220654726028442,0.9080579280853271,0.9080579280853271,0.9080579280853271,False,16384,0.04753933800000709,344640.8950835107,1.6693097352981567,0.3502950370311737,0.23785659670829773,0.6009038686752319,0.29331380128860474,0.27660757303237915,0.24440015852451324,0.20208057761192322,0.14515364170074463,0.004377597011625767
1289,0.00014950651176642388,0.8282506465911865,0.8282506465911865,1.0274916887283325,1.0274916887283325,0.9999990463256836,True,16384,0.04740022499998986,345652.3676839826,1.6664890050888062,0.4794270694255829,0.2512907087802887,0.6674036979675293,0.320934534072876,0.29160037636756897,0.25300636887550354,0.20619985461235046,0.15075241029262543,0.005237457808107138
1290,0.0001490470641152345,0.8139455914497375,0.8139455914497375,0.8760707378387451,0.8760707378387451,0.8760707378387451,False,16384,0.047433505000014975,345409.8532249478,1.662846565246582,0.3207630515098572,0.23595011234283447,0.5711185932159424,0.2855373024940491,0.28120115399360657,0.2431725710630417,0.20538686215877533,0.14428992569446564,0.004495090804994106
1291,0.00014858963546669814,0.8132221698760986,0.8132221698760986,0.8661937117576599,0.8661937117576599,0.8661937117576599,False,16384,0.04741240399999924,345563.578678699,1.6623021364212036,0.30415457487106323,0.2379249781370163,0.5663806796073914,0.29045963287353516,0.2772059142589569,0.23977670073509216,0.19950871169567108,0.1478380709886551,0.004853830207139254
1292,0.00014813422812420162,0.7962988615036011,0.7962988615036011,0.9518600106239319,0.9518600106239319,0.9518600106239319,False,16384,0.047445194999994555,345324.7478485836,1.6628891229629517,0.4236197769641876,0.23209010064601898,0.611699104309082,0.30826884508132935,0.28372928500175476,0.2426336258649826,0.20473520457744598,0.1489809900522232,0.0052223801612854
1293,0.00014768084438095328,0.8080956935882568,0.8080956935882568,0.8897075057029724,0.8897075057029724,0.8897075057029724,False,16384,0.047446805000021186,345313.030034218,1.6638015508651733,0.33464494347572327,0.23488062620162964,0.5940154194831848,0.28826555609703064,0.2695060074329376,0.23602837324142456,0.19828300178050995,0.14418743550777435,0.004790967795997858
1294,0.00014722948651997158,0.7993127107620239,0.7993127107620239,0.9421132206916809,0.9421132206916809,0.9421132206916809,False,16384,0.04739558500000385,345686.20684814145,1.6676387786865234,0.37931638956069946,0.23971357941627502,0.6182177662849426,0.324441134929657,0.2805728614330292,0.24250441789627075,0.20015384256839752,0.14549432694911957,0.004342568572610617
1295,0.0001467801568140737,0.7756673693656921,0.7756673693656921,0.9435692429542542,0.9435692429542542,0.9435692429542542,False,16384,0.04749514600001703,344961.56723034655,1.670563817024231,0.4010602831840515,0.23797234892845154,0.6169471144676208,0.31005820631980896,0.27613386511802673,0.24220556020736694,0.20180201530456543,0.14289389550685883,0.005175516474992037
1296,0.0001463328575258641,0.7603929042816162,0.7603929042816162,0.8582737445831299,0.8582737445831299,0.8582737445831299,False,16384,0.0474008749999939,345647.6278128222,1.6776676177978516,0.28531935811042786,0.217217817902565,0.5876301527023315,0.2889159619808197,0.26566722989082336,0.2332330346107483,0.18975012004375458,0.13511386513710022,0.004888535011559725
1297,0.00014588759090772302,0.8062232732772827,0.8062232732772827,0.9485601782798767,0.9485601782798767,0.9485601782798767,False,16384,0.047410463999995045,345577.71887661156,1.688596487045288,0.3678072988986969,0.25269415974617004,0.6249386668205261,0.32005125284194946,0.28428515791893005,0.25228777527809143,0.20398898422718048,0.14679257571697235,0.004696097690612078
1298,0.0001454443592017949,0.789006769657135,0.789006769657135,0.9331851005554199,0.9331851005554199,0.9331851005554199,False,16384,0.04738546400000132,345760.0415182079,1.6920156478881836,0.3615991473197937,0.23164169490337372,0.6168155670166016,0.3268479108810425,0.2798393964767456,0.2461596578359604,0.2003069669008255,0.14171180129051208,0.004670195747166872
1299,0.00014500316463997786,0.8178304433822632,0.8178304433822632,0.9697737097740173,0.9697737097740173,0.9697737097740173,False,16384,0.04742640500001016,345461.5630258395,1.6898565292358398,0.36152639985084534,0.24632875621318817,0.648451030254364,0.32668590545654297,0.29586514830589294,0.25777310132980347,0.21000002324581146,0.15414512157440186,0.005048222374171019
1300,0.00014456400944391144,0.7937190532684326,0.7937190532684326,0.9288246631622314,0.9288246631622314,0.9288246631622314,False,16384,0.04739116400000398,345718.455026735,1.68394136428833,0.32432517409324646,0.24684691429138184,0.6347781419754028,0.3141828179359436,0.2743355631828308,0.244982048869133,0.1995607614517212,0.14077971875667572,0.004616807214915752
1301,0.00014412689582496622,0.7843736410140991,0.7843736410140991,0.910306990146637,0.910306990146637,0.910306990146637,False,16384,0.04768781999999305,343567.8124938902,1.6767570972442627,0.32255998253822327,0.22899334132671356,0.6143255829811096,0.3059428632259369,0.2833700478076935,0.24506862461566925,0.19946351647377014,0.14495274424552917,0.004978295415639877
1302,0.00014369182598423247,0.7816189527511597,0.7816189527511597,0.8542090654373169,0.8542090654373169,0.8542090654373169,False,16384,0.047500605999999834,344921.91531198693,1.6699273586273193,0.29764997959136963,0.23693373799324036,0.5667212009429932,0.28483057022094727,0.27208930253982544,0.23313623666763306,0.1894802749156952,0.1353798359632492,0.004815470427274704
1303,0.00014325880211250869,0.7611201405525208,0.7611201405525208,0.9199485182762146,0.9199485182762146,0.9199485182762146,False,16384,0.04742142500001023,345497.8419563829,1.668236255645752,0.32486119866371155,0.23524142801761627,0.6353439688682556,0.31093335151672363,0.26725882291793823,0.23821163177490234,0.19317948818206787,0.1399150937795639,0.004877053201198578
1304,0.0001428278263902913,0.7510320544242859,0.7510320544242859,0.9213220477104187,0.9213220477104187,0.9213220477104187,False,16384,0.04755716799999732,344511.68328612257,1.6709891557693481,0.3116408884525299,0.2220352739095688,0.6351820230484009,0.32493966817855835,0.2787972092628479,0.2417188286781311,0.19408760964870453,0.1397043615579605,0.005424452014267445
1305,0.00014239890098776268,0.7932255268096924,0.7932255268096924,0.8819958567619324,0.8819958567619324,0.8819958567619324,False,16384,0.047431233999986944,345426.39139442396,1.6814054250717163,0.30723369121551514,0.23394443094730377,0.5794162154197693,0.29541319608688354,0.28210514783859253,0.2500578761100769,0.206351175904274,0.1452135294675827,0.004696101415902376
1306,0.00014197202806478138,0.8230775594711304,0.8230775594711304,1.1063923835754395,1.1063923835754395,0.9999991059303284,True,16384,0.047489615999978696,345001.7368008903,1.6861869096755981,0.4570622742176056,0.2515247166156769,0.7465358972549438,0.3805530369281769,0.32127997279167175,0.2684737741947174,0.221917524933815,0.1588333547115326,0.004742470104247332
1307,0.00014154720977087038,0.8213698863983154,0.8213698863983154,1.0067999362945557,1.0067999362945557,0.9999990463256836,True,16384,0.047365393999996286,345906.5494103413,1.6822439432144165,0.3643130660057068,0.25199154019355774,0.6724039912223816,0.3461812734603882,0.32095083594322205,0.26420554518699646,0.21673883497714996,0.16012437641620636,0.004919382743537426
1308,0.00014112444824520648,0.8132941126823425,0.8132941126823425,0.927927553653717,0.927927553653717,0.927927553653717,False,16384,0.047489875999986,344999.847967698,1.671586275100708,0.3428805470466614,0.24110227823257446,0.6146968603134155,0.3130841851234436,0.2925581932067871,0.24696794152259827,0.20288027822971344,0.14735530316829681,0.0045645516365766525
1309,0.00014070374561660993,0.797954797744751,0.797954797744751,0.950901210308075,0.950901210308075,0.950901210308075,False,16384,0.04753343699999846,344683.6802480858,1.6668756008148193,0.40083155035972595,0.23301026225090027,0.6093995571136475,0.32837679982185364,0.29470816254615784,0.2452111840248108,0.20149250328540802,0.14983730018138885,0.004726003389805555
1310,0.00014028510400353287,0.7650937438011169,0.7650937438011169,0.987254798412323,0.987254798412323,0.987254798412323,False,16384,0.04741438499999617,345549.1408356625,1.6672354936599731,0.3816423714160919,0.22598877549171448,0.6709427237510681,0.35687118768692017,0.28422513604164124,0.24017594754695892,0.1993546038866043,0.14895816147327423,0.005461496766656637
1311,0.00013986852551404962,0.7720531225204468,0.7720531225204468,0.9052509069442749,0.9052509069442749,0.9052509069442749,False,16384,0.04739065399999731,345722.17551589245,1.6782121658325195,0.3024372160434723,0.2428196668624878,0.6171472072601318,0.29861870408058167,0.28462478518486023,0.24038992822170258,0.19817577302455902,0.14459128677845,0.005178235005587339
1312,0.00013945401224584546,0.7914600372314453,0.7914600372314453,1.0568914413452148,1.0568914413452148,0.9999991059303284,True,16384,0.047439634999989266,345365.22045339737,1.6950643062591553,0.3953186571598053,0.2520191967487335,0.7096643447875977,0.3695013225078583,0.3186671733856201,0.2760707139968872,0.22720175981521606,0.1663476526737213,0.004274603445082903
1313,0.00013904156628620642,0.8054412007331848,0.8054412007331848,1.052570104598999,1.052570104598999,0.9999991655349731,True,16384,0.047435164999996005,345397.7655606633,1.700301170349121,0.395327627658844,0.24365480244159698,0.7056494951248169,0.37202590703964233,0.3232170343399048,0.27520880103111267,0.22550083696842194,0.1575806885957718,0.004049826413393021
1314,0.00013863118971200816,0.7775223255157471,0.7775223255157471,0.9144160151481628,0.9144160151481628,0.9144160151481628,False,16384,0.04750778599998284,344869.7861863299,1.6917401552200317,0.3309434652328491,0.24655626714229584,0.608698844909668,0.3052358031272888,0.28009310364723206,0.2479972094297409,0.20356614887714386,0.14403527975082397,0.004445100203156471
1315,0.00013822288458970608,0.767863392829895,0.767863392829895,1.0029983520507812,1.0029983520507812,0.9999989867210388,True,16384,0.047420703999989655,345503.0950194998,1.6814686059951782,0.4113357961177826,0.2361455261707306,0.6723295450210571,0.3593595623970032,0.28267064690589905,0.24491837620735168,0.1982465535402298,0.1437443494796753,0.00506129814311862
1316,0.0001378166529753251,0.7720510959625244,0.7720510959625244,0.9199385643005371,0.9199385643005371,0.9199385643005371,False,16384,0.047579396999992696,344350.72811037337,1.6741187572479248,0.3083265423774719,0.23283961415290833,0.6017758846282959,0.3284790813922882,0.3052652180194855,0.26021841168403625,0.2080525904893875,0.15086062252521515,0.005414617247879505
1317,0.00013741249691444848,0.7765936851501465,0.7765936851501465,0.9258311986923218,0.9258311986923218,0.9258311986923218,False,16384,0.04739757400000144,345671.7004123355,1.675431728363037,0.34571123123168945,0.24038316309452057,0.6051111221313477,0.3118009567260742,0.2981422543525696,0.24918405711650848,0.20548705756664276,0.15247789025306702,0.005284195765852928
1318,0.0001370104184422085,0.7903957366943359,0.7903957366943359,0.9754192233085632,0.9754192233085632,0.9754192233085632,False,16384,0.04741317500000264,345557.959364651,1.6811379194259644,0.3467884659767151,0.25306472182273865,0.6612465381622314,0.33681565523147583,0.29744604229927063,0.25074586272239685,0.2060999572277069,0.1503393054008484,0.004496216308325529
1319,0.0001366104195832753,0.7844950556755066,0.7844950556755066,0.8820592761039734,0.8820592761039734,0.8820592761039734,False,16384,0.04753501700000129,344672.2234263544,1.6872302293777466,0.3121351897716522,0.230413019657135,0.5765474438667297,0.2969154715538025,0.287252813577652,0.24919502437114716,0.20251600444316864,0.14594785869121552,0.004299761727452278
1320,0.00013621250235184724,0.7826149463653564,0.7826149463653564,0.8941509127616882,0.8941509127616882,0.8941509127616882,False,16384,0.047422124999997095,345492.7420481685,1.6909587383270264,0.31526774168014526,0.23606528341770172,0.5871671438217163,0.29783791303634644,0.2893650531768799,0.250754177570343,0.2072368562221527,0.1460648775100708,0.004559767432510853
1321,0.00013581666875164074,0.7675374746322632,0.7675374746322632,0.9582297801971436,0.9582297801971436,0.9582297801971436,False,16384,0.04738677499997834,345750.4757394334,1.693345546722412,0.3522997200489044,0.24198782444000244,0.6515902876853943,0.32104092836380005,0.28533339500427246,0.25044897198677063,0.2052699327468872,0.14694111049175262,0.00517565943300724
1322,0.00013542292077587995,0.795927882194519,0.795927882194519,0.9285321831703186,0.9285321831703186,0.9285321831703186,False,16384,0.0474957360000019,344957.28206000105,1.6930805444717407,0.31866908073425293,0.24966157972812653,0.6118910312652588,0.3242332339286804,0.2961215376853943,0.2558469772338867,0.2095169872045517,0.14727835357189178,0.00441091088578105
1323,0.0001350312604072868,0.7884179353713989,0.7884179353713989,0.9655323028564453,0.9655323028564453,0.9655323028564453,False,16384,0.04742897500000254,345442.8437468683,1.6921062469482422,0.4281027913093567,0.24102771282196045,0.6223397850990295,0.30316194891929626,0.2921121418476105,0.25147485733032227,0.20487292110919952,0.1452963948249817,0.004387395456433296
1324,0.0001346416896180712,0.7998831272125244,0.7998831272125244,0.9297589063644409,0.9297589063644409,0.9297589063644409,False,16384,0.04738328499999511,345775.9418748972,1.6922852993011475,0.3350297212600708,0.2457558512687683,0.6097489595413208,0.32256385684013367,0.2931932210922241,0.2529459595680237,0.2078550010919571,0.1509934514760971,0.004783096257597208
1325,0.00013425421036992097,0.7583829164505005,0.7583829164505005,0.8867865204811096,0.8867865204811096,0.8867865204811096,False,16384,0.04741111499998851,345572.97376372543,1.6939040422439575,0.2681947946548462,0.23243993520736694,0.6029400825500488,0.3079952895641327,0.28388315439224243,0.24446959793567657,0.19957703351974487,0.14773742854595184,0.004839195404201746
1326,0.0001338688246139918,0.8131722211837769,0.8131722211837769,0.9551772475242615,0.9551772475242615,0.9551772475242615,False,16384,0.04747133499998313,345134.59543545224,1.695327877998352,0.34376171231269836,0.26184579730033875,0.6299911737442017,0.32162973284721375,0.30472609400749207,0.25773534178733826,0.2090337872505188,0.14930889010429382,0.0044596209190785885
1327,0.00013348553429089752,0.7632725238800049,0.7632725238800049,0.9085437059402466,0.9085437059402466,0.9085437059402466,False,16384,0.047429644999994025,345437.9639569738,1.694362759590149,0.29187190532684326,0.23992818593978882,0.6086816787719727,0.3143494427204132,0.28928855061531067,0.2559371590614319,0.20466430485248566,0.1492851972579956,0.004760349169373512
1328,0.00013310434133070065,0.789857804775238,0.789857804775238,0.8990272283554077,0.8990272283554077,0.8990272283554077,False,16384,0.0474058140000011,345611.61633042776,1.6937845945358276,0.3111606538295746,0.24369113147258759,0.5862215757369995,0.30194228887557983,0.29098546504974365,0.25629252195358276,0.21003685891628265,0.15073980391025543,0.004738570656627417
1329,0.00013272524765290224,0.7488280534744263,0.7488280534744263,0.8561756014823914,0.8561756014823914,0.8561756014823914,False,16384,0.04747043599999756,345141.13162981777,1.6925345659255981,0.3055047392845154,0.22496621310710907,0.5612553954124451,0.28935354948043823,0.27254512906074524,0.23794569075107574,0.19635920226573944,0.1444922238588333,0.005165779963135719
1330,0.00013234825516643254,0.7864136099815369,0.7864136099815369,0.9327396154403687,0.9327396154403687,0.9327396154403687,False,16384,0.047407443999986754,345599.7332403025,1.6932283639907837,0.30320367217063904,0.24354861676692963,0.6311166286468506,0.3214937448501587,0.2881755828857422,0.2539766728878021,0.21173027157783508,0.15711919963359833,0.004785685800015926
1331,0.00013197336576964086,0.7725205421447754,0.7725205421447754,0.9181129336357117,0.9181129336357117,0.9181129336357117,False,16384,0.04744674500000201,345313.4667088186,1.6907968521118164,0.35727164149284363,0.23009876906871796,0.5942990183830261,0.3042788803577423,0.29528552293777466,0.2530519366264343,0.20628230273723602,0.15086401998996735,0.004990098997950554
1332,0.0001316005813502869,0.7995799779891968,0.7995799779891968,0.9096447825431824,0.9096447825431824,0.9096447825431824,False,16384,0.04748258600000099,345052.8157838677,1.687318205833435,0.3032378554344177,0.24152302742004395,0.5950169563293457,0.3160136342048645,0.30010873079299927,0.2579621374607086,0.2088545709848404,0.15167830884456635,0.0045896233059465885
1333,0.00013122990378553032,0.7968716621398926,0.7968716621398926,0.9029653072357178,0.9029653072357178,0.9029653072357178,False,16384,0.04761316800002646,344106.4875160354,1.6804181337356567,0.28850072622299194,0.24024598300457,0.594482958316803,0.3049214780330658,0.29588860273361206,0.26228010654449463,0.21661271154880524,0.15723711252212524,0.004791040904819965
1334,0.00013086133494192174,0.770870566368103,0.770870566368103,0.9097639918327332,0.9097639918327332,0.9097639918327332,False,16384,0.04753870700000107,344645.4696380285,1.6766226291656494,0.32162782549858093,0.22765524685382843,0.6053675413131714,0.3110530376434326,0.2883387506008148,0.24619676172733307,0.20560449361801147,0.15207278728485107,0.004892029333859682
1335,0.00013049487667539362,0.7946258783340454,0.7946258783340454,0.8886054754257202,0.8886054754257202,0.8886054754257202,False,16384,0.047425145000005386,345470.74131240166,1.6795315742492676,0.28778699040412903,0.2357914000749588,0.5923592448234558,0.2971302568912506,0.2837197482585907,0.2506052851676941,0.2102392017841339,0.156533882021904,0.0046459645964205265
1336,0.0001301305308312501,0.7700113654136658,0.7700113654136658,0.889623761177063,0.889623761177063,0.889623761177063,False,16384,0.047553087000011374,344541.24923574534,1.6855597496032715,0.2760322093963623,0.2286418229341507,0.5953803062438965,0.3025452196598053,0.2881346344947815,0.2545601725578308,0.2135941982269287,0.15322045981884003,0.005179582163691521
1337,0.0001297682992441587,0.7728230953216553,0.7728230953216553,0.9315864443778992,0.9315864443778992,0.9315864443778992,False,16384,0.047504855999989104,344891.0570322276,1.6980178356170654,0.3250274658203125,0.23985645174980164,0.6243647933006287,0.3115222454071045,0.2934272885322571,0.254528284072876,0.209840327501297,0.1512027084827423,0.004725025966763496
1338,0.00012940818373814012,0.7715883255004883,0.7715883255004883,0.8850601315498352,0.8850601315498352,0.8850601315498352,False,16384,0.047481575999995584,345060.1555433106,1.7076741456985474,0.2731248438358307,0.23357883095741272,0.5807663798332214,0.30303704738616943,0.2960771322250366,0.259461909532547,0.21533982455730438,0.1538826823234558,0.004573962185531855
1339,0.00012905018612655974,0.7913260459899902,0.7913260459899902,0.9398914575576782,0.9398914575576782,0.9398914575576782,False,16384,0.0475520569999901,344548.71216198726,1.710428237915039,0.30280131101608276,0.24678805470466614,0.6254980564117432,0.318177193403244,0.2995472848415375,0.26968663930892944,0.22222131490707397,0.1626168042421341,0.005697519518435001
1340,0.00012869430821211826,0.7878658771514893,0.7878658771514893,0.941046416759491,0.941046416759491,0.941046416759491,False,16384,0.047623217999984035,344033.8702018308,1.705583095550537,0.34969645738601685,0.25726717710494995,0.6060643792152405,0.30512410402297974,0.30353155732154846,0.26733699440956116,0.2183491736650467,0.15930652618408203,0.004919428378343582
1341,0.00012834055178684263,0.7815665006637573,0.7815665006637573,0.9063496589660645,0.9063496589660645,0.9063496589660645,False,16384,0.04755413699999167,344533.6417313781,1.6954039335250854,0.34921371936798096,0.23019880056381226,0.591580867767334,0.29598698019981384,0.29793721437454224,0.24586114287376404,0.19781363010406494,0.1434658318758011,0.004973818082362413
1342,0.000127988918632077,0.7865543365478516,0.7865543365478516,0.9040971994400024,0.9040971994400024,0.9040971994400024,False,16384,0.04748275599999374,345051.5804095735,1.6849820613861084,0.3374808728694916,0.23997096717357635,0.5770847201347351,0.30287525057792664,0.3023850917816162,0.25428685545921326,0.20697903633117676,0.14897775650024414,0.004342739004641771
1343,0.00012763941051847368,0.7659025192260742,0.7659025192260742,0.9337635636329651,0.9337635636329651,0.9337635636329651,False,16384,0.04744148500000733,345351.752796049,1.6767103672027588,0.29575586318969727,0.22935155034065247,0.6319648623466492,0.3345911204814911,0.290152907371521,0.25715047121047974,0.21202148497104645,0.15877562761306763,0.005664518568664789
1344,0.00012729202920598446,0.7696322798728943,0.7696322798728943,0.9129582643508911,0.9129582643508911,0.9129582643508911,False,16384,0.04741616499998713,345536.1689416351,1.6743035316467285,0.3110882639884949,0.2436084747314453,0.6106733083724976,0.3080025911331177,0.2832072675228119,0.25282132625579834,0.2076295018196106,0.14941038191318512,0.005088218487799168
1345,0.00012694677644385145,0.783558189868927,0.783558189868927,0.8982844948768616,0.8982844948768616,0.8982844948768616,False,16384,0.04747509599999944,345107.25370624196,1.6827747821807861,0.33591437339782715,0.2493564337491989,0.5765780806541443,0.30613943934440613,0.28432056307792664,0.24738581478595734,0.20600934326648712,0.1457207351922989,0.004687777254730463
1346,0.00012660365397059855,0.7569960355758667,0.7569960355758667,0.9122846126556396,0.9122846126556396,0.9122846126556396,False,16384,0.04740859500000738,345591.34266681917,1.6959694623947144,0.3099030554294586,0.2418825328350067,0.6010430455207825,0.3154493272304535,0.29711297154426575,0.25219133496284485,0.2075117826461792,0.1482902616262436,0.005234586074948311
1347,0.00012626266351402257,0.7930397987365723,0.7930397987365723,1.011812686920166,1.011812686920166,0.9999990463256836,True,16384,0.04737415399998213,345842.5875004793,1.7104042768478394,0.39569705724716187,0.2550622224807739,0.643000602722168,0.3450714647769928,0.3378353714942932,0.2781263291835785,0.23014186322689056,0.15854161977767944,0.004490616265684366
1348,0.00012592380679118438,0.7215187549591064,0.7215187549591064,0.9391334056854248,0.9391334056854248,0.9391334056854248,False,16384,0.047413414999994075,345556.21019920305,1.7137463092803955,0.373354434967041,0.23879149556159973,0.6142773628234863,0.31160035729408264,0.28920701146125793,0.2513071894645691,0.20730337500572205,0.1460457742214203,0.005011397413909435
1349,0.00012558708550840057,0.7674548625946045,0.7674548625946045,0.9369956851005554,0.9369956851005554,0.9369956851005554,False,16384,0.04740380499998764,345626.2635458118,1.711592197418213,0.3169402778148651,0.2399965077638626,0.6248856782913208,0.3187551498413086,0.3024173676967621,0.263639897108078,0.21175514161586761,0.14833110570907593,0.004453962203115225
1350,0.0001252525013612346,0.8009740114212036,0.8009740114212036,0.9711726903915405,0.9711726903915405,0.9711726903915405,False,16384,0.047373334000013756,345848.573798822,1.7027904987335205,0.3507390022277832,0.2680952548980713,0.6289752125740051,0.3332720100879669,0.31444990634918213,0.2671518623828888,0.21778930723667145,0.1546126753091812,0.004171335604041815
1351,0.00012492005603448845,0.7549158930778503,0.7549158930778503,0.9569647908210754,0.9569647908210754,0.9569647908210754,False,16384,0.047474996000005376,345107.9806304385,1.690183401107788,0.39061981439590454,0.24489238858222961,0.6155452132225037,0.32706815004348755,0.3069131374359131,0.24798347055912018,0.20412836968898773,0.14132225513458252,0.004917229525744915
1352,0.00012458975120219402,0.7652493715286255,0.7652493715286255,0.9146722555160522,0.9146722555160522,0.9146722555160522,False,16384,0.04755159699999467,344552.04522367223,1.6893502473831177,0.37569475173950195,0.2303045094013214,0.5868459939956665,0.30132076144218445,0.2890011668205261,0.24545130133628845,0.20301657915115356,0.1491534560918808,0.0050667934119701385
1353,0.00012426158852760463,0.7697670459747314,0.7697670459747314,0.9393193125724792,0.9393193125724792,0.9393193125724792,False,16384,0.0474736259999986,345117.939800943,1.693598985671997,0.3767857849597931,0.24136321246623993,0.600006639957428,0.315518319606781,0.2958952784538269,0.25686243176460266,0.21321839094161987,0.1533634215593338,0.0047507877461612225
1354,0.00012393556966318691,0.7580742835998535,0.7580742835998535,0.9053570628166199,0.9053570628166199,0.9053570628166199,False,16384,0.04756996700001537,344418.9902421986,1.7016395330429077,0.33984655141830444,0.24530567228794098,0.5876184701919556,0.3031829297542572,0.2853281497955322,0.2513889968395233,0.20353475213050842,0.14398619532585144,0.0043015009723603725
1355,0.00012361169625061208,0.7685254812240601,0.7685254812240601,0.919204831123352,0.919204831123352,0.919204831123352,False,16384,0.04744737499999019,345308.88168214547,1.7101149559020996,0.28817829489707947,0.2515299618244171,0.6038395762443542,0.32147493958473206,0.3053097724914551,0.26306048035621643,0.21274562180042267,0.1515294909477234,0.00428490387275815
1356,0.0001232899699207481,0.7573459148406982,0.7573459148406982,0.9298308491706848,0.9298308491706848,0.9298308491706848,False,16384,0.04746391500000868,345188.55008056125,1.7131688594818115,0.34185755252838135,0.23853406310081482,0.6029217839241028,0.32057929039001465,0.29803264141082764,0.260441392660141,0.2131240963935852,0.1497778296470642,0.00510441605001688
1357,0.00012297039229365136,0.7680177092552185,0.7680177092552185,0.9199599027633667,0.9199599027633667,0.9199599027633667,False,16384,0.047418385000014496,345519.99187646294,1.7138781547546387,0.33638933300971985,0.24239245057106018,0.5995297431945801,0.30797022581100464,0.2952563762664795,0.25726160407066345,0.21259623765945435,0.1468191146850586,0.004462043289095163
1358,0.00012265296497855827,0.73374342918396,0.73374342918396,0.9273747205734253,0.9273747205734253,0.9273747205734253,False,16384,0.047407335000002604,345600.5278507872,1.7106530666351318,0.3718712031841278,0.252991646528244,0.6001589298248291,0.3050691783428192,0.2830031216144562,0.24822379648685455,0.20295743644237518,0.1468038558959961,0.004907367285341024
1359,0.00012233768957387725,0.7687984704971313,0.7687984704971313,0.9940300583839417,0.9940300583839417,0.9940300583839417,False,16384,0.047548046999992266,344577.7699345394,1.712169885635376,0.3437454104423523,0.26792651414871216,0.658988356590271,0.3513437509536743,0.31433597207069397,0.26575836539268494,0.2154623419046402,0.1567029058933258,0.005261044483631849
1360,0.00012202456766718092,0.7220538854598999,0.7220538854598999,0.8875324130058289,0.8875324130058289,0.8875324130058289,False,16384,0.0474690260000159,345151.38355681684,1.7151397466659546,0.30136537551879883,0.23455031216144562,0.5800175666809082,0.3020919859409332,0.2934305965900421,0.2537980079650879,0.20460939407348633,0.14762336015701294,0.005133648402988911
1361,0.00012171360083519791,0.7637048959732056,0.7637048959732056,0.979249894618988,0.979249894618988,0.979249894618988,False,16384,0.047411694000004445,345568.75356528,1.7214897871017456,0.32093945145606995,0.25843682885169983,0.6623035669326782,0.3390132486820221,0.3044458329677582,0.2698359191417694,0.21660304069519043,0.1520751267671585,0.004480636212974787
1362,0.00012140479064380477,0.7820417881011963,0.7820417881011963,1.0510330200195312,1.0510330200195312,0.9999991655349731,True,16384,0.04749025600000323,344997.0874024955,1.722840428352356,0.4779335558414459,0.25983181595802307,0.6661785840988159,0.34398436546325684,0.319385826587677,0.26872679591178894,0.21953228116035461,0.15550188720226288,0.004656133241951466
1363,0.0001210981386480186,0.7867721319198608,0.7867721319198608,0.9221826195716858,0.9221826195716858,0.9221826195716858,False,16384,0.047423184999985324,345485.01961656666,1.7185269594192505,0.298166424036026,0.24051737785339355,0.6102570295333862,0.31223729252815247,0.298371285200119,0.2670048475265503,0.219829723238945,0.1584206521511078,0.004898435901850462
1364,0.00012079364639198862,0.7681249380111694,0.7681249380111694,0.9226338863372803,0.9226338863372803,0.9226338863372803,False,16384,0.047418434999997316,345519.62754571985,1.7117807865142822,0.3273352384567261,0.24657009541988373,0.595012903213501,0.31671372056007385,0.3044257164001465,0.2567589581012726,0.213384211063385,0.1574763059616089,0.005316560622304678
1365,0.00012049131540898868,0.7751436233520508,0.7751436233520508,0.9417611956596375,0.9417611956596375,0.9417611956596375,False,16384,0.04745666600001641,345241.27758984023,1.7084829807281494,0.3487280309200287,0.25655797123908997,0.6103715896606445,0.3315075933933258,0.29473239183425903,0.2533529996871948,0.20907942950725555,0.14912420511245728,0.004791335202753544
1366,0.00012019114722140965,0.7563971281051636,0.7563971281051636,0.9614647030830383,0.9614647030830383,0.9614647030830383,False,16384,0.04742061499999295,345503.7434668959,1.7079966068267822,0.42973294854164124,0.24360620975494385,0.608479380607605,0.30905473232269287,0.2913556396961212,0.2550676167011261,0.2081393003463745,0.1461029052734375,0.0047287894412875175
1367,0.00011989314334075144,0.75200355052948,0.75200355052948,0.8914446234703064,0.8914446234703064,0.8914446234703064,False,16384,0.04741544399999498,345541.42317009065,1.7106398344039917,0.3054254353046417,0.2366085797548294,0.5801286101341248,0.30175817012786865,0.28133881092071533,0.2584482729434967,0.22011831402778625,0.152888685464859,0.004889423958957195
1368,0.00011959730526761583,0.7623486518859863,0.7623486518859863,0.9257245063781738,0.9257245063781738,0.9257245063781738,False,16384,0.04765616900002101,343795.9941763841,1.7167282104492188,0.3247595727443695,0.2283584028482437,0.6198873519897461,0.3114514648914337,0.2911423146724701,0.2552262544631958,0.21171070635318756,0.15276919305324554,0.004794209264218807
1369,0.0001193036344916983,0.7406700849533081,0.7406700849533081,0.8884673714637756,0.8884673714637756,0.8884673714637756,False,16384,0.04750051599998528,344922.56884125376,1.7217437028884888,0.29429614543914795,0.22805309295654297,0.5933500528335571,0.2972744405269623,0.286452978849411,0.2511104941368103,0.20819810032844543,0.14778682589530945,0.004503934178501368
1370,0.0001190121324917813,0.7523143887519836,0.7523143887519836,0.9255070090293884,0.9255070090293884,0.9255070090293884,False,16384,0.047447206000015285,345310.11162163527,1.7259737253189087,0.3060867488384247,0.2537330687046051,0.6110738515853882,0.31412070989608765,0.2991480231285095,0.2590983211994171,0.2136446088552475,0.15530510246753693,0.0050450218841433525
1371,0.00011872280073572602,0.7570093870162964,0.7570093870162964,0.9432426691055298,0.9432426691055298,0.9432426691055298,False,16384,0.04752463700000931,344747.50433121226,1.7297534942626953,0.30449357628822327,0.24982833862304688,0.6220460534095764,0.3212362825870514,0.309118390083313,0.2735130488872528,0.2224051058292389,0.1568002700805664,0.005305425729602575
1372,0.00011843564068046551,0.7450790405273438,0.7450790405273438,0.9400339126586914,0.9400339126586914,0.9400339126586914,False,16384,0.04739293400001543,345705.543362111,1.7315552234649658,0.34258028864860535,0.24628722667694092,0.6185173392295837,0.31494131684303284,0.2977732717990875,0.2581726014614105,0.21289311349391937,0.15237759053707123,0.00537724606692791
1373,0.00011815065377199719,0.7675004005432129,0.7675004005432129,0.9184706211090088,0.9184706211090088,0.9184706211090088,False,16384,0.047393894000009595,345698.5408288393,1.73319411277771,0.2824164927005768,0.24222835898399353,0.6120299100875854,0.3142392039299011,0.30118250846862793,0.2635497450828552,0.21920956671237946,0.15357261896133423,0.004578304942697287
1374,0.00011786784144537563,0.7623976469039917,0.7623976469039917,0.9629932641983032,0.9629932641983032,0.9629932641983032,False,16384,0.04738775399999895,345743.3327606192,1.733224868774414,0.3118389844894409,0.2525678277015686,0.6390076279640198,0.338853120803833,0.3105345070362091,0.272162526845932,0.21996168792247772,0.15574516355991364,0.0051011014729738235
1375,0.00011758720512470524,0.7696939706802368,0.7696939706802368,0.9637607336044312,0.9637607336044312,0.9637607336044312,False,16384,0.04737732299997788,345819.45459450403,1.7319533824920654,0.31351810693740845,0.26588931679725647,0.6329317092895508,0.32744866609573364,0.31818440556526184,0.2746824622154236,0.22624742984771729,0.15529291331768036,0.004834536463022232
1376,0.00011730874622313302,0.772456705570221,0.772456705570221,0.9759795069694519,0.9759795069694519,0.9759795069694519,False,16384,0.047529047000011815,344715.5168079833,1.725890040397644,0.3229273557662964,0.255366712808609,0.6489408612251282,0.3345070481300354,0.3183533251285553,0.27302950620651245,0.2214892953634262,0.15826956927776337,0.00467848451808095
1377,0.0001170324661428418,0.7387920618057251,0.7387920618057251,0.9113709926605225,0.9113709926605225,0.9113709926605225,False,16384,0.04746248600000058,345198.9430136424,1.7178150415420532,0.29265332221984863,0.2481328845024109,0.5995727777481079,0.31593790650367737,0.295406699180603,0.2624027729034424,0.21140924096107483,0.152425616979599,0.00539516843855381
1378,0.00011675836627504263,0.7391661405563354,0.7391661405563354,0.9115511775016785,0.9115511775016785,0.9115511775016785,False,16384,0.047529075999989345,344715.3064789998,1.7121148109436035,0.31144827604293823,0.2424430549144745,0.5975311994552612,0.30637991428375244,0.30074766278266907,0.2585464119911194,0.21105419099330902,0.1495731920003891,0.004825567360967398
1379,0.00011648644799996821,0.7628018260002136,0.7628018260002136,0.9694530963897705,0.9694530963897705,0.9694530963897705,False,16384,0.047614337999988265,344098.03198364406,1.7100965976715088,0.35195696353912354,0.23925334215164185,0.637046754360199,0.3391138017177582,0.3152352273464203,0.2656894624233246,0.21242128312587738,0.15096090734004974,0.0045439573004841805
1380,0.00011621671268686605,0.7409526109695435,0.7409526109695435,0.9669157862663269,0.9669157862663269,0.9669157862663269,False,16384,0.04744100499999604,345355.2470062843,1.7093312740325928,0.37828347086906433,0.22641298174858093,0.639370858669281,0.32414665818214417,0.303206205368042,0.25995180010795593,0.21030013263225555,0.15144406259059906,0.005323799792677164
1381,0.00011594916169399086,0.7417604923248291,0.7417604923248291,0.933272659778595,0.933272659778595,0.933272659778595,False,16384,0.04749068600000328,344993.9636584502,1.7113568782806396,0.35353177785873413,0.23372268676757812,0.6016758680343628,0.30955180525779724,0.30727359652519226,0.2641304135322571,0.21423090994358063,0.15312522649765015,0.005160780623555183
1382,0.0001156837963685986,0.7522135972976685,0.7522135972976685,0.9536573886871338,0.9536573886871338,0.9536573886871338,False,16384,0.047656368999980714,343794.551364302,1.7158137559890747,0.3194374740123749,0.24837295711040497,0.6264573931694031,0.342157244682312,0.30614060163497925,0.2649894952774048,0.2184659093618393,0.15659743547439575,0.0045673782005906105
1383,0.00011542061804693893,0.7586867809295654,0.7586867809295654,0.9598097205162048,0.9598097205162048,0.9598097205162048,False,16384,0.04748808600001553,345012.85227614024,1.72122061252594,0.35156628489494324,0.265606164932251,0.6215912103652954,0.3266417384147644,0.3094945251941681,0.26484864950180054,0.21241264045238495,0.1514875441789627,0.0044116671197116375
1384,0.00011515962805424925,0.7619692087173462,0.7619692087173462,0.9690955281257629,0.9690955281257629,0.9690955281257629,False,16384,0.04740184400000658,345640.5620000295,1.725207805633545,0.33691203594207764,0.24943587183952332,0.637898325920105,0.3387754261493683,0.3110092282295227,0.26806357502937317,0.22000980377197266,0.1572500765323639,0.004295188467949629
1385,0.00011490082770474714,0.7220540046691895,0.7220540046691895,0.9575497508049011,0.9575497508049011,0.9575497508049011,False,16384,0.04742563499999619,345467.1719208676,1.7266677618026733,0.3304296135902405,0.253650426864624,0.6460022330284119,0.33797487616539,0.29278063774108887,0.25208908319473267,0.20330852270126343,0.1456037312746048,0.005396601278334856
1386,0.0001146442183016245,0.7662054300308228,0.7662054300308228,0.929713249206543,0.929713249206543,0.929713249206543,False,16384,0.0474912560000007,344989.82296866935,1.7278677225112915,0.30419138073921204,0.2618447244167328,0.6097944378852844,0.3173946440219879,0.30457326769828796,0.2646503150463104,0.21471330523490906,0.1475127935409546,0.004063161090016365
1387,0.00011438980113704075,0.7578041553497314,0.7578041553497314,0.9586851596832275,0.9586851596832275,0.9586851596832275,False,16384,0.04752589599999624,344738.3716869072,1.723731279373169,0.31780901551246643,0.248579740524292,0.629241406917572,0.3395095467567444,0.3146476447582245,0.2709144949913025,0.21869707107543945,0.157560795545578,0.004440695513039827
1388,0.00011413757749211603,0.7378171682357788,0.7378171682357788,0.9786962270736694,0.9786962270736694,0.9786962270736694,False,16384,0.04743110500001535,345427.3308621989,1.7182056903839111,0.3612118363380432,0.2491687685251236,0.6457958221435547,0.3317277729511261,0.30970609188079834,0.267208456993103,0.21736395359039307,0.15363261103630066,0.0048252129927277565
1389,0.00011388754863692515,0.769120454788208,0.769120454788208,0.9583520889282227,0.9583520889282227,0.9583520889282227,False,16384,0.04740384400000153,345625.97919273115,1.715936303138733,0.31797805428504944,0.253805935382843,0.6287220120429993,0.3347635269165039,0.3106534779071808,0.2707589864730835,0.2242298573255539,0.15948349237442017,0.004809962119907141
1390,0.00011363971583049091,0.7388966083526611,0.7388966083526611,0.9788737893104553,0.9788737893104553,0.9788737893104553,False,16384,0.04744408600001293,345332.81977432413,1.7136852741241455,0.3449820578098297,0.25289201736450195,0.6589356660842896,0.34055936336517334,0.2959626019001007,0.2631849944591522,0.21379339694976807,0.14986056089401245,0.0048966603353619576
1391,0.0001133940803207781,0.7412582039833069,0.7412582039833069,0.9213736057281494,0.9213736057281494,0.9213736057281494,False,16384,0.04760135800000853,344191.8610808764,1.7151341438293457,0.32382500171661377,0.23455750942230225,0.6070728898048401,0.32494422793388367,0.2938104569911957,0.2526001036167145,0.20832858979701996,0.14616703987121582,0.005122961476445198
1392,0.00011315064334468685,0.751017689704895,0.751017689704895,0.9693777561187744,0.9693777561187744,0.9693777561187744,False,16384,0.04748798599999304,345013.5788029082,1.723516583442688,0.367170125246048,0.2589198648929596,0.622874915599823,0.32167285680770874,0.3096502125263214,0.2694767713546753,0.22715289890766144,0.16208595037460327,0.004693226423114538
1393,0.00011290940612804649,0.7550357580184937,0.7550357580184937,0.9721879363059998,0.9721879363059998,0.9721879363059998,False,16384,0.04760766800001193,344146.2413154935,1.7277641296386719,0.33832934498786926,0.2502736747264862,0.6417753100395203,0.32919010519981384,0.313006192445755,0.2739333212375641,0.22281914949417114,0.15850035846233368,0.004579193890094757
1394,0.00011267036988560957,0.726321816444397,0.726321816444397,0.9517825245857239,0.9517825245857239,0.9517825245857239,False,16384,0.04747227500001827,345127.76141429273,1.7311062812805176,0.35527440905570984,0.24961093068122864,0.6231929063796997,0.3149939179420471,0.3029668629169464,0.2650817930698395,0.21348002552986145,0.14873169362545013,0.004666339140385389
1395,0.00011243353582104556,0.7532171607017517,0.7532171607017517,0.9753308296203613,0.9753308296203613,0.9753308296203613,False,16384,0.047403414000001476,345629.11439246737,1.7366347312927246,0.31734487414360046,0.2546071410179138,0.6521795392036438,0.3394363522529602,0.32075071334838867,0.2694913446903229,0.21484050154685974,0.15329188108444214,0.0045939418487250805
1396,0.00011219890512693479,0.7310808897018433,0.7310808897018433,1.0157626867294312,1.0157626867294312,0.9999990463256836,True,16384,0.047370524000001524,345869.0893940602,1.7394306659698486,0.4418260157108307,0.25701621174812317,0.648909330368042,0.33705803751945496,0.3072405159473419,0.26744985580444336,0.21710601449012756,0.15077142417430878,0.004658781457692385
1397,0.00011196647898476267,0.7289528250694275,0.7289528250694275,0.9619331955909729,0.9619331955909729,0.9619331955909729,False,16384,0.047378412999989905,345811.4985827721,1.7405354976654053,0.3745478093624115,0.25584539771080017,0.6213244199752808,0.312218576669693,0.30725717544555664,0.2666521966457367,0.2175319492816925,0.152289479970932,0.005056962836533785
1398,0.00011173625856491323,0.7169842720031738,0.7169842720031738,0.9529931545257568,0.9529931545257568,0.9529931545257568,False,16384,0.04764262900002336,343893.7007441795,1.7432652711868286,0.3578309118747711,0.23743878304958344,0.6177002191543579,0.32298171520233154,0.3114283084869385,0.2670356333255768,0.21413713693618774,0.1540287882089615,0.005465487018227577
1399,0.00011150824502666401,0.7483116388320923,0.7483116388320923,0.978621244430542,0.978621244430542,0.978621244430542,False,16384,0.047609806999986404,344130.77961027395,1.7486480474472046,0.3842240869998932,0.24021762609481812,0.6330950260162354,0.3310803174972534,0.3075687289237976,0.2701006531715393,0.22476857900619507,0.15443480014801025,0.004412527661770582
1400,0.00011128243951817938,0.7560498714447021,0.7560498714447021,1.0520716905593872,1.0520716905593872,0.9999990463256836,True,16384,0.04739318399998638,345703.7197586199,1.7513792514801025,0.4862886667251587,0.25075778365135193,0.6663913130760193,0.3409373462200165,0.31330257654190063,0.27239033579826355,0.2252967655658722,0.15508070588111877,0.004399338737130165
1401,0.00011105884317650543,0.7408176064491272,0.7408176064491272,0.9443330764770508,0.9443330764770508,0.9443330764770508,False,16384,0.04758795699999041,344288.7871820869,1.7510961294174194,0.35167396068573,0.24769388139247894,0.6085500121116638,0.31967687606811523,0.30346497893333435,0.26546603441238403,0.21878749132156372,0.15414877235889435,0.004322879482060671
1402,0.00011083745712756366,0.7094337940216064,0.7094337940216064,0.9663037657737732,0.9663037657737732,0.9663037657737732,False,16384,0.04755580599999121,344521.55011320865,1.7488517761230469,0.3687403202056885,0.24410711228847504,0.6325253248214722,0.32774266600608826,0.29578787088394165,0.26912450790405273,0.2181585282087326,0.1521271914243698,0.005237209610641003
1403,0.000110618282486146,0.7539767026901245,0.7539767026901245,0.9740999937057495,0.9740999937057495,0.9740999937057495,False,16384,0.047788170000018226,342846.3571631588,1.7487379312515259,0.3372897803783417,0.25248411297798157,0.6440008878707886,0.3372938930988312,0.3114786148071289,0.2722301185131073,0.21873274445533752,0.1544685661792755,0.00459743058308959
1404,0.00011040132035590859,0.7458831071853638,0.7458831071853638,0.9635438919067383,0.9635438919067383,0.9635438919067383,False,16384,0.047624568000003364,344024.11797202745,1.7486995458602905,0.34980782866477966,0.25250494480133057,0.6288850903511047,0.3251834809780121,0.3098183870315552,0.26936593651771545,0.2189251035451889,0.1566941738128662,0.005015129689127207
1405,0.0001101865718293664,0.7243533134460449,0.7243533134460449,0.9539238810539246,0.9539238810539246,0.9539238810539246,False,16384,0.04741154399999914,345569.84687105526,1.7482552528381348,0.33215299248695374,0.24947822093963623,0.6264258623123169,0.33447501063346863,0.30249232053756714,0.268012136220932,0.21541862189769745,0.15283772349357605,0.0051155793480575085
1406,0.00010997403798788789,0.7226827144622803,0.7226827144622803,0.9383260607719421,0.9383260607719421,0.9383260607719421,False,16384,0.04743222400000491,345419.1816938271,1.7533949613571167,0.307721346616745,0.2622602581977844,0.6196798086166382,0.3214280307292938,0.2965276837348938,0.26706433296203613,0.21529564261436462,0.1550401747226715,0.004723593592643738
1407,0.00010976371990168942,0.727925181388855,0.727925181388855,0.9236548542976379,0.9236548542976379,0.9236548542976379,False,16384,0.047477945000025557,345086.54492082965,1.7588609457015991,0.29073822498321533,0.24175281822681427,0.6067515015602112,0.32371193170547485,0.30402079224586487,0.2706120014190674,0.22057831287384033,0.15130652487277985,0.0045225778594613075
1408,0.00010955561862982986,0.736865222454071,0.736865222454071,0.9859653115272522,0.9859653115272522,0.9859653115272522,False,16384,0.04737053400000946,345869.0163804514,1.7665672302246094,0.31712570786476135,0.26542848348617554,0.6502941846847534,0.3550501763820648,0.31469786167144775,0.27901962399482727,0.22387561202049255,0.15855063498020172,0.00426050741225481
1409,0.00010934973522020537,0.7205259799957275,0.7205259799957275,1.0067534446716309,1.0067534446716309,0.9999990463256836,True,16384,0.04766448000000878,343736.0483109641,1.7702181339263916,0.3663496971130371,0.25236746668815613,0.6797962784767151,0.3252904415130615,0.3142985701560974,0.27258142828941345,0.22276413440704346,0.1580498367547989,0.005131326615810394
1410,0.00010914607070954404,0.7139984369277954,0.7139984369277954,1.0152519941329956,1.0152519941329956,0.9999991059303284,True,16384,0.04744834600001013,345301.81515698147,1.7698137760162354,0.4301300048828125,0.253671795129776,0.6478890776634216,0.33839771151542664,0.31251639127731323,0.2757549285888672,0.22265766561031342,0.1542544662952423,0.004902702756226063
1411,0.00010894462612340047,0.7318006753921509,0.7318006753921509,1.0040228366851807,1.0040228366851807,0.9999991059303284,True,16384,0.047415455000020756,345541.3430071024,1.7650951147079468,0.3449800908565521,0.2607131600379944,0.6720659732818604,0.3512738347053528,0.3113640546798706,0.27013134956359863,0.22483818233013153,0.15974168479442596,0.005028592422604561
1412,0.000108745402476151,0.7136574983596802,0.7136574983596802,0.9332150220870972,0.9332150220870972,0.9332150220870972,False,16384,0.04741336499998283,345556.57460730604,1.7584552764892578,0.31405943632125854,0.24194931983947754,0.6152496933937073,0.3105146884918213,0.30543503165245056,0.26960644125938416,0.22050677239894867,0.15536539256572723,0.005111117847263813
1413,0.00010854840077098845,0.7205607891082764,0.7205607891082764,0.9358551502227783,0.9358551502227783,0.9358551502227783,False,16384,0.047574046999983466,344389.4525098042,1.7542141675949097,0.32114356756210327,0.24898803234100342,0.6165686249732971,0.3188270032405853,0.30084747076034546,0.2627944052219391,0.21427851915359497,0.15288731455802917,0.005397789645940065
1414,0.0001083536219999168,0.7504193782806396,0.7504193782806396,0.9643315076828003,0.9643315076828003,0.9643315076828003,False,16384,0.047464926000003516,345181.1975857454,1.7535051107406616,0.31469568610191345,0.2526886463165283,0.6296254396438599,0.35196608304977417,0.3110417425632477,0.2735622227191925,0.22222407162189484,0.16047975420951843,0.004642902873456478
1415,0.00010816106714374672,0.7292249798774719,0.7292249798774719,1.036819577217102,1.036819577217102,0.9999990463256836,True,16384,0.04741553599998838,345540.7527187717,1.7523808479309082,0.4267469346523285,0.25340035557746887,0.6821504831314087,0.34635189175605774,0.3080788850784302,0.2713799774646759,0.22174464166164398,0.16005709767341614,0.005702374503016472
1416,0.00010797073717209013,0.7271008491516113,0.7271008491516113,0.9402874708175659,0.9402874708175659,0.9402874708175659,False,16384,0.04739547500000185,345687.0091501216,1.7543154954910278,0.3110366761684418,0.24809089303016663,0.6306821703910828,0.31486839056015015,0.29453155398368835,0.2661213278770447,0.21764306724071503,0.15486878156661987,0.004826591815799475
1417,0.00010778263304335551,0.7405014038085938,0.7405014038085938,0.9699397683143616,0.9699397683143616,0.9699397683143616,False,16384,0.047483155999998417,345048.67368126387,1.7585588693618774,0.3252130448818207,0.266844242811203,0.6424210667610168,0.33436119556427,0.30664077401161194,0.26980867981910706,0.2197190672159195,0.15553505718708038,0.004321997053921223
1418,0.00010759675570474315,0.7100043296813965,0.7100043296813965,0.9745843410491943,0.9745843410491943,0.9745843410491943,False,16384,0.04747173600000565,345131.6800379504,1.761130452156067,0.32753729820251465,0.24202018976211548,0.6508970260620117,0.3417074978351593,0.3048003315925598,0.2750399112701416,0.22386768460273743,0.15759697556495667,0.005050969310104847
1419,0.00010741310609224035,0.7247610688209534,0.7247610688209534,0.9445550441741943,0.9445550441741943,0.9445550441741943,False,16384,0.047402965000003405,345632.38818497583,1.7667392492294312,0.31611284613609314,0.24263669550418854,0.6272284984588623,0.3209366202354431,0.306399941444397,0.27062079310417175,0.21654647588729858,0.15145310759544373,0.004639745224267244
1420,0.00010723168513061666,0.7261924743652344,0.7261924743652344,1.080940842628479,1.080940842628479,0.9999991655349731,True,16384,0.04758891800000242,344281.83469099185,1.7714779376983643,0.4096001982688904,0.24980121850967407,0.7340717911720276,0.3686199188232422,0.3191401958465576,0.28052598237991333,0.2330358922481537,0.16923467814922333,0.005182770546525717
1421,0.00010705249373341914,0.7422894239425659,0.7422894239425659,0.9609944224357605,0.9609944224357605,0.9609944224357605,False,16384,0.04746244599999727,345199.23393752065,1.77423095703125,0.32573121786117554,0.24033187329769135,0.6253215074539185,0.329773485660553,0.3216173052787781,0.28192320466041565,0.22915978729724884,0.1562615931034088,0.0047257207334041595
1422,0.00010687553280296797,0.716877281665802,0.716877281665802,0.9775818586349487,0.9775818586349487,0.9775818586349487,False,16384,0.04744017600000916,345361.28196482314,1.772713541984558,0.37272435426712036,0.2352122664451599,0.6297138929367065,0.3379409909248352,0.31397002935409546,0.2746414244174957,0.22762317955493927,0.15758170187473297,0.004979411140084267
1423,0.00010670080323035177,0.7507247924804688,0.7507247924804688,1.0352797508239746,1.0352797508239746,0.9999990463256836,True,16384,0.047429835999992065,345436.57287793997,1.7707808017730713,0.3763575255870819,0.26437339186668396,0.6877664923667908,0.34489235281944275,0.324694961309433,0.28902938961982727,0.2318289577960968,0.15987610816955566,0.004741522017866373
1424,0.000106528305895423,0.7171574831008911,0.7171574831008911,1.0624845027923584,1.0624845027923584,0.9999991059303284,True,16384,0.04738050500000668,345796.22990505677,1.7638506889343262,0.44289708137512207,0.2506210505962372,0.7035833597183228,0.35808879137039185,0.3124805688858032,0.27357518672943115,0.22203639149665833,0.15757159888744354,0.005565315019339323
1425,0.00010635804166679385,0.7314884662628174,0.7314884662628174,1.0128607749938965,1.0128607749938965,0.9999990463256836,True,16384,0.04737525400000209,345834.55742526,1.7560265064239502,0.33512717485427856,0.263032466173172,0.6791835427284241,0.3541202247142792,0.32089176774024963,0.2751101553440094,0.22944048047065735,0.16240304708480835,0.004940463695675135
1426,0.00010619001140183161,0.6960386633872986,0.6960386633872986,0.9483447670936584,0.9483447670936584,0.9483447670936584,False,16384,0.047365353999992976,345906.84152814373,1.7517127990722656,0.35021713376045227,0.24093198776245117,0.6178871989250183,0.3251959979534149,0.2998709976673126,0.2668365240097046,0.21673227846622467,0.15163947641849518,0.00536191975697875
1427,0.00010602421594665441,0.7213672399520874,0.7213672399520874,0.9847857356071472,0.9847857356071472,0.9847857356071472,False,16384,0.047602737999994815,344181.882983323,1.7585126161575317,0.36877745389938354,0.2518608570098877,0.646963357925415,0.3333356976509094,0.3107028305530548,0.26757222414016724,0.21925610303878784,0.15642718970775604,0.004920019768178463
1428,0.00010586065613612695,0.6926507949829102,0.6926507949829102,0.954864501953125,0.954864501953125,0.954864501953125,False,16384,0.04745457499998906,345256.49002237985,1.7679293155670166,0.31451499462127686,0.24937455356121063,0.6359110474586487,0.3276197910308838,0.30817103385925293,0.268912672996521,0.22021062672138214,0.15212975442409515,0.00466121593490243
1429,0.00010569933279385639,0.7294468879699707,0.7294468879699707,0.9901608824729919,0.9901608824729919,0.9901608824729919,False,16384,0.0475206860000128,344776.16758300975,1.7761059999465942,0.34388798475265503,0.2653476893901825,0.6375191807746887,0.34025827050209045,0.32892000675201416,0.28472840785980225,0.23207448422908783,0.16249534487724304,0.004680342972278595
1430,0.00010554024673218806,0.733827531337738,0.733827531337738,0.9973872303962708,0.9973872303962708,0.9973872303962708,False,16384,0.04763070800001401,343979.7703614899,1.7759795188903809,0.3445207476615906,0.26741278171539307,0.6455839276313782,0.3499479591846466,0.3292599022388458,0.2816888988018036,0.22931267321109772,0.15800955891609192,0.004790902137756348
1431,0.0001053833987522014,0.7034738659858704,0.7034738659858704,0.961031436920166,0.961031436920166,0.961031436920166,False,16384,0.04743884500001627,345370.9718268727,1.7721469402313232,0.3009481132030487,0.26100289821624756,0.6376519203186035,0.3383808135986328,0.31401488184928894,0.27061912417411804,0.22067327797412872,0.15240170061588287,0.0049447291530668736
1432,0.0001052287896437062,0.7150792479515076,0.7150792479515076,0.9852259755134583,0.9852259755134583,0.9852259755134583,False,16384,0.04810251600000015,340605.8843159046,1.7658296823501587,0.36791205406188965,0.2571379244327545,0.6371252536773682,0.33789655566215515,0.3166804611682892,0.2727127969264984,0.22497820854187012,0.15423360466957092,0.005133689381182194
1433,0.00010507642018523809,0.7129157781600952,0.7129157781600952,1.050112009048462,1.050112009048462,0.9999991059303284,True,16384,0.047478655999981356,345081.37719834433,1.7591361999511719,0.4130263328552246,0.27245032787323,0.6955000758171082,0.3678439259529114,0.3073910176753998,0.2656526565551758,0.22119052708148956,0.15770402550697327,0.005420248955488205
1434,0.00010492629114405506,0.6828866004943848,0.6828866004943848,0.9205611348152161,0.9205611348152161,0.9205611348152161,False,16384,0.04770672899999795,343431.63623732625,1.7580159902572632,0.29613572359085083,0.24715769290924072,0.6009290218353271,0.32399633526802063,0.3103221356868744,0.2629467844963074,0.2122490406036377,0.1484442502260208,0.0058294301852583885
1435,0.00010477840327613352,0.7051870822906494,0.7051870822906494,0.9616961479187012,0.9616961479187012,0.9616961479187012,False,16384,0.04744266500000549,345343.16316332784,1.7625547647476196,0.3316531777381897,0.2532542943954468,0.6385400295257568,0.32564327120780945,0.3117679953575134,0.26871252059936523,0.21312427520751953,0.14864873886108398,0.005190367344766855
1436,0.0001046327573261643,0.7253124713897705,0.7253124713897705,1.0116854906082153,1.0116854906082153,0.9999990463256836,True,16384,0.04741283499998872,345560.43737953866,1.7721880674362183,0.38167113065719604,0.2688693702220917,0.657781183719635,0.33938857913017273,0.31706997752189636,0.28194183111190796,0.22751890122890472,0.16085116565227509,0.004548077937215567
1437,0.00010448935402754912,0.7529854774475098,0.7529854774475098,1.0163352489471436,1.0163352489471436,0.9999990463256836,True,16384,0.04739141400000335,345716.6312868158,1.777352213859558,0.33597689867019653,0.2737037241458893,0.6614243388175964,0.35772034525871277,0.33934834599494934,0.29051271080970764,0.233615905046463,0.1598477065563202,0.003808703040704131
1438,0.00010434819410239672,0.7135286331176758,0.7135286331176758,0.9706795811653137,0.9706795811653137,0.9706795811653137,False,16384,0.047377793999999085,345816.01667651127,1.773393988609314,0.32843464612960815,0.2591618001461029,0.6287145614624023,0.3374004662036896,0.3235672414302826,0.27632319927215576,0.227952778339386,0.1582033336162567,0.004754884168505669
1439,0.00010420927826151942,0.706411600112915,0.706411600112915,0.9812445044517517,0.9812445044517517,0.9812445044517517,False,16384,0.04771207900000718,343393.1269269892,1.7660534381866455,0.34776967763900757,0.25380003452301025,0.6497046947479248,0.3365119993686676,0.30637025833129883,0.27517566084861755,0.2212228626012802,0.1535603106021881,0.004633687436580658
1440,0.00010407260720442939,0.7146888375282288,0.7146888375282288,1.0144238471984863,1.0144238471984863,0.9999991059303284,True,16384,0.04763399799998069,343956.0122584428,1.7590669393539429,0.3871644139289856,0.26719796657562256,0.6626883745193481,0.3423822820186615,0.31622251868247986,0.2790454030036926,0.22261293232440948,0.1547241061925888,0.0049209389835596085
1441,0.00010393818161933504,0.7215547561645508,0.7215547561645508,0.9785923361778259,0.9785923361778259,0.9785923361778259,False,16384,0.048004873999985875,341298.6772969099,1.7559995651245117,0.36010345816612244,0.24985909461975098,0.6304509043693542,0.3438016474246979,0.3200211822986603,0.2721711993217468,0.22301489114761353,0.15368041396141052,0.005184940528124571
1442,0.00010380600218313792,0.7255523204803467,0.7255523204803467,0.9622265100479126,0.9622265100479126,0.9622265100479126,False,16384,0.04766676899998856,343719.54180498223,1.761622667312622,0.2888812720775604,0.2623104155063629,0.6393392086029053,0.3400168716907501,0.32001444697380066,0.27301302552223206,0.22288541495800018,0.1503603756427765,0.004804846830666065
1443,0.00010367606956142887,0.7127675414085388,0.7127675414085388,0.972442626953125,0.972442626953125,0.972442626953125,False,16384,0.047456495000005816,345242.521597897,1.7701499462127686,0.30519169569015503,0.2610119879245758,0.644673764705658,0.3331333100795746,0.3174003064632416,0.28342336416244507,0.22780823707580566,0.15748071670532227,0.004986552055925131
1444,0.00010354838440848502,0.7052364349365234,0.7052364349365234,0.9705927968025208,0.9705927968025208,0.9705927968025208,False,16384,0.047618278000015835,344069.5608521281,1.7821038961410522,0.32850369811058044,0.2510891556739807,0.6388713121414185,0.3348531723022461,0.31394386291503906,0.2748490869998932,0.2263803333044052,0.159464493393898,0.005196256097406149
1445,0.00010342294736726618,0.7205871343612671,0.7205871343612671,1.0988812446594238,1.0988812446594238,0.9999991655349731,True,16384,0.047616278000020884,344084.01261419075,1.7931469678878784,0.481169193983078,0.2750834822654724,0.7039703130722046,0.3608139157295227,0.33020687103271484,0.28965333104133606,0.23487401008605957,0.16267476975917816,0.004453481640666723
1446,0.00010329975906941192,0.708500862121582,0.708500862121582,0.9975528717041016,0.9975528717041016,0.9975528717041016,False,16384,0.04767924899999798,343629.57352790295,1.7965785264968872,0.3339976370334625,0.2569662630558014,0.6401048898696899,0.35918691754341125,0.3343440890312195,0.2897586226463318,0.23781335353851318,0.16265703737735748,0.004199421964585781
1447,0.00010317882013523816,0.7476844191551208,0.7476844191551208,1.0693320035934448,1.0693320035934448,0.9999991655349731,True,16384,0.04746330500000795,345192.9864554787,1.790533423423767,0.3566468060016632,0.27426689863204956,0.7107864022254944,0.37652650475502014,0.34330838918685913,0.30154794454574585,0.2413720041513443,0.16429732739925385,0.004035155288875103
1448,0.0001030601311737342,0.7130476236343384,0.7130476236343384,1.0958075523376465,1.0958075523376465,0.9999991059303284,True,16384,0.04744297400000619,345340.9139148373,1.7757517099380493,0.4533117711544037,0.2658805847167969,0.7281765937805176,0.3561607301235199,0.3261371850967407,0.28769317269325256,0.22963084280490875,0.16010697185993195,0.004603649955242872
1449,0.00010294369278255957,0.7294997572898865,0.7294997572898865,1.0112251043319702,1.0112251043319702,0.9999991655349731,True,16384,0.04739651400001321,345679.4311918263,1.7658603191375732,0.3646923899650574,0.26751509308815,0.6591475605964661,0.3420686423778534,0.32444414496421814,0.28500449657440186,0.22891859710216522,0.16614565253257751,0.005032304674386978
1450,0.00010282950554804084,0.6717524528503418,0.6717524528503418,0.9741817116737366,0.9741817116737366,0.9741817116737366,False,16384,0.047377473000011605,345818.3597085473,1.7582752704620361,0.38068875670433044,0.24288314580917358,0.6248895525932312,0.3267218768596649,0.3183489441871643,0.27484503388404846,0.21757663786411285,0.1536899358034134,0.005799140315502882
1451,0.00010271757004516919,0.6952155232429504,0.6952155232429504,0.9367544651031494,0.9367544651031494,0.9367544651031494,False,16384,0.04765738800000463,343787.2004231203,1.7619779109954834,0.30851611495018005,0.2581172287464142,0.6070377230644226,0.3224095106124878,0.30897900462150574,0.26923125982284546,0.2252744436264038,0.15660439431667328,0.005704439245164394
1452,0.00010260788683759685,0.7210853099822998,0.7210853099822998,1.020440936088562,1.020440936088562,0.9999991655349731,True,16384,0.04787854200000652,342199.225699015,1.7750202417373657,0.3539363741874695,0.2669164836406708,0.677444577217102,0.35431593656539917,0.3239607512950897,0.2796878516674042,0.2271040380001068,0.15979760885238647,0.00512025598436594
1453,0.00010250045647763478,0.7338117361068726,0.7338117361068726,1.0527915954589844,1.0527915954589844,0.9999991059303284,True,16384,0.04771645900001431,343361.606107341,1.7878516912460327,0.35340753197669983,0.27917516231536865,0.6972817778587341,0.3637777268886566,0.3353523910045624,0.29861849546432495,0.24143344163894653,0.16449055075645447,0.0041141812689602375
1454,0.00010239527950624975,0.7039642333984375,0.7039642333984375,1.026538372039795,1.026538372039795,0.9999990463256836,True,16384,0.04779401000001826,342804.4644086935,1.7917522192001343,0.39956316351890564,0.26140469312667847,0.6639851927757263,0.3420066833496094,0.32296836376190186,0.285527765750885,0.23606981337070465,0.16236861050128937,0.0050665829330682755
1455,0.00010229235645306145,0.7358717918395996,0.7358717918395996,1.0539851188659668,1.0539851188659668,0.9999991059303284,True,16384,0.047658898000008776,343776.3080463376,1.7922799587249756,0.4058867394924164,0.267835408449173,0.6880534887313843,0.3612871766090393,0.329556405544281,0.2857822775840759,0.23391015827655792,0.1595207005739212,0.0043545253574848175
1456,0.00010219168783633995,0.6761264801025391,0.6761264801025391,1.0143293142318726,1.0143293142318726,0.9999990463256836,True,16384,0.04766694799999982,343718.2510615125,1.787743330001831,0.41395485401153564,0.24996306002140045,0.6659735441207886,0.32001665234565735,0.3128674626350403,0.2757004499435425,0.2244437336921692,0.15745986998081207,0.005194664467126131
1457,0.00010209327416300313,0.6930975914001465,0.6930975914001465,0.9719523787498474,0.9719523787498474,0.9719523787498474,False,16384,0.04746331500001588,345192.91372704407,1.785568118095398,0.35318708419799805,0.2616908848285675,0.6258148550987244,0.3226751983165741,0.31489297747612,0.279134064912796,0.2281072586774826,0.16298870742321014,0.0057518575340509415
1458,0.000101997115928614,0.6901017427444458,0.6901017427444458,0.9745944738388062,0.9745944738388062,0.9745944738388062,False,16384,0.047391322999999375,345717.2951259499,1.786062479019165,0.3285348415374756,0.2559105455875397,0.655322253704071,0.31974780559539795,0.3142477571964264,0.2727195918560028,0.21906328201293945,0.1535828858613968,0.0043662176467478275
1459,0.00010190321361737841,0.6940656900405884,0.6940656900405884,1.0250301361083984,1.0250301361083984,0.9999991059303284,True,16384,0.047675399000013385,343657.32314050273,1.7871296405792236,0.34459933638572693,0.2645106613636017,0.686410665512085,0.343008428812027,0.33216750621795654,0.29004478454589844,0.23040936887264252,0.15996235609054565,0.004481673706322908
1460,0.00010181156770214242,0.7116410732269287,0.7116410732269287,0.9600438475608826,0.9600438475608826,0.9600438475608826,False,16384,0.04747482600001263,345109.21640862135,1.787890076637268,0.2906529903411865,0.26480287313461304,0.6233963370323181,0.33507540822029114,0.32654204964637756,0.2863015830516815,0.2281145304441452,0.15978312492370605,0.00455135852098465
1461,0.00010172217864438997,0.7125908732414246,0.7125908732414246,1.0162590742111206,1.0162590742111206,0.9999991655349731,True,16384,0.04741981500001202,345509.5723168858,1.7892954349517822,0.3579593598842621,0.2675643265247345,0.671418309211731,0.33997952938079834,0.3314019739627838,0.2817787826061249,0.22891059517860413,0.1581915318965912,0.004151234868913889
1462,0.00010163504689424062,0.6796582937240601,0.6796582937240601,0.9913275241851807,0.9913275241851807,0.9913275241851807,False,16384,0.047448016000004145,345304.21672422654,1.7883970737457275,0.35877397656440735,0.2558319568634033,0.6518411636352539,0.33408284187316895,0.3175523281097412,0.27732324600219727,0.22336770594120026,0.1561507135629654,0.0054323868826031685
1463,0.00010155017289044713,0.6768871545791626,0.6768871545791626,0.985515832901001,0.985515832901001,0.985515832901001,False,16384,0.0475171669999952,344801.70082533866,1.792399525642395,0.33750611543655396,0.24093301594257355,0.656882107257843,0.3451277017593384,0.3172191381454468,0.2696968615055084,0.22338619828224182,0.15929296612739563,0.005921841599047184
1464,0.00010146755706039344,0.6883304119110107,0.6883304119110107,1.0149575471878052,1.0149575471878052,0.9999991059303284,True,16384,0.04744879599999763,345298.54034654156,1.801926851272583,0.3439336121082306,0.2708325684070587,0.6614891290664673,0.35237783193588257,0.3318382203578949,0.2887430191040039,0.23606020212173462,0.16588877141475677,0.005252852104604244
1465,0.00010138719982009242,0.6891372203826904,0.6891372203826904,1.0080217123031616,1.0080217123031616,0.999998927116394,True,16384,0.047622918000001846,344036.0374389357,1.8098267316818237,0.34822121262550354,0.26771652698516846,0.6627265214920044,0.34628885984420776,0.3248894512653351,0.2829669117927551,0.22983314096927643,0.15995511412620544,0.004761517979204655
1466,0.0001013091015741838,0.6757153868675232,0.6757153868675232,1.0381829738616943,1.0381829738616943,0.9999991655349731,True,16384,0.04744667599999275,345313.9688858816,1.8149296045303345,0.38896170258522034,0.275456041097641,0.6689977645874023,0.3517441153526306,0.33992913365364075,0.2910570800304413,0.23331357538700104,0.15699155628681183,0.0052155242301523685
1467,0.0001012332627159321,0.7038432359695435,0.7038432359695435,1.0333404541015625,1.0333404541015625,0.9999991059303284,True,16384,0.04737070499999163,345867.7678536322,1.8164479732513428,0.33181092143058777,0.2779853940010071,0.6813707947731018,0.35666462779045105,0.3416588306427002,0.2954486012458801,0.23989832401275635,0.1653783917427063,0.004510423634201288
1468,0.00010115968362722468,0.6790893077850342,0.6790893077850342,0.98680579662323,0.98680579662323,0.98680579662323,False,16384,0.04763173899999629,343972.3248399828,1.810858130455017,0.3133738338947296,0.24527660012245178,0.6567425727844238,0.3410538136959076,0.3277356028556824,0.2826237678527832,0.23101510107517242,0.164652481675148,0.005301546771079302
1469,0.00010108836467856983,0.6903953552246094,0.6903953552246094,1.0299272537231445,1.0299272537231445,0.9999992251396179,True,16384,0.047484227000012424,345040.89115730394,1.8066964149475098,0.3670419156551361,0.25120240449905396,0.6989626884460449,0.34248554706573486,0.32113227248191833,0.2801418900489807,0.22589528560638428,0.15629057586193085,0.00467684306204319
1470,0.00010101930622909477,0.7236543893814087,0.7236543893814087,1.0278311967849731,1.0278311967849731,0.9999991059303284,True,16384,0.04740219499998943,345638.00262843637,1.8036749362945557,0.3774169385433197,0.26780158281326294,0.6543682217597961,0.35889050364494324,0.3488870859146118,0.2872016429901123,0.23357407748699188,0.16277723014354706,0.003915991168469191
1471,0.00010095250862654407,0.6949722766876221,0.6949722766876221,1.0143625736236572,1.0143625736236572,0.9999990463256836,True,16384,0.04742194499999641,345494.05343878746,1.79883873462677,0.39203181862831116,0.2632637917995453,0.6474242210388184,0.3408508598804474,0.3350467085838318,0.28514957427978516,0.22824686765670776,0.1578400582075119,0.004538496024906635
1472,0.0001008879722072778,0.7111294269561768,0.7111294269561768,1.0221574306488037,1.0221574306488037,0.9999991059303284,True,16384,0.047538056999997025,344650.1820636259,1.7962353229522705,0.3369140923023224,0.270997017621994,0.6808449029922485,0.3577163815498352,0.3309939503669739,0.2804143726825714,0.22735679149627686,0.1625937521457672,0.005236305762082338
1473,0.00010082569729626974,0.7072494029998779,0.7072494029998779,1.027356505393982,1.027356505393982,0.9999990463256836,True,16384,0.047429935000025125,345435.8518516064,1.7975846529006958,0.3761223554611206,0.24564196169376373,0.6596782803535461,0.35906410217285156,0.33862143754959106,0.2949834167957306,0.24111613631248474,0.17234845459461212,0.005498177371919155
1474,0.0001007656842071058,0.705855131149292,0.705855131149292,1.0188170671463013,1.0188170671463013,0.9999990463256836,True,16384,0.04782532300001208,342580.0177030872,1.798850417137146,0.3653830885887146,0.26018500328063965,0.6465431451797485,0.35429638624191284,0.35376060009002686,0.29193636775016785,0.23543862998485565,0.16556547582149506,0.005148696713149548
1475,0.00010070793324198254,0.7078574299812317,0.7078574299812317,1.0474601984024048,1.0474601984024048,0.9999991059303284,True,16384,0.04741791600000056,345523.409337513,1.7993947267532349,0.3412729501724243,0.25594964623451233,0.7103199362754822,0.3687261641025543,0.33354470133781433,0.28799229860305786,0.23410196602344513,0.16021548211574554,0.0041966671124100685
1476,0.00010065244469170559,0.6978875994682312,0.6978875994682312,1.0216995477676392,1.0216995477676392,0.9999989867210388,True,16384,0.04762644900000623,344010.5307871653,1.7992238998413086,0.34985169768333435,0.2664332091808319,0.6684433221817017,0.3665769100189209,0.32839062809944153,0.2869265079498291,0.23184962570667267,0.15921735763549805,0.00447876425459981
1477,0.00010059921883568806,0.673916220664978,0.673916220664978,1.006531834602356,1.006531834602356,0.9999990463256836,True,16384,0.04750845699999218,344864.9153139766,1.8022311925888062,0.36845433712005615,0.25180691480636597,0.6587530970573425,0.35301700234413147,0.31976544857025146,0.27769166231155396,0.22693747282028198,0.15643805265426636,0.0053179338574409485
1478,0.00010054825594194929,0.6881034970283508,0.6881034970283508,1.037837028503418,1.037837028503418,0.9999991059303284,True,16384,0.04764952799999378,343843.9096396115,1.8076053857803345,0.3444610834121704,0.2755295932292938,0.6805891394615173,0.3776874244213104,0.33410751819610596,0.2908371090888977,0.23392076790332794,0.16040575504302979,0.0048316000029444695
1479,0.00010049955626711355,0.7069562673568726,0.7069562673568726,1.0387742519378662,1.0387742519378662,0.9999990463256836,True,16384,0.04744216400001733,345346.8100652832,1.8137115240097046,0.3202909231185913,0.2617899775505066,0.7016593813896179,0.3707098662853241,0.3395514190196991,0.2857268452644348,0.2345225065946579,0.16194172203540802,0.0043705664575099945
1480,0.00010045312005640844,0.6915841698646545,0.6915841698646545,1.0172131061553955,1.0172131061553955,0.9999990463256836,True,16384,0.04741582400001221,345538.65393113875,1.8169410228729248,0.37041306495666504,0.25108686089515686,0.6553221344947815,0.36296749114990234,0.32931753993034363,0.2900981903076172,0.23288878798484802,0.16252338886260986,0.004639622755348682
1481,0.000100408947543664,0.6944737434387207,0.6944737434387207,1.062098503112793,1.062098503112793,0.9999990463256836,True,16384,0.047516965999989225,344803.15936004237,1.8154700994491577,0.3853771984577179,0.2822316288948059,0.6829774379730225,0.38521477580070496,0.34274181723594666,0.29499509930610657,0.23560109734535217,0.1581568866968155,0.004332026466727257
1482,0.00010036703895131144,0.6726839542388916,0.6726839542388916,1.0020060539245605,1.0020060539245605,0.9999989867210388,True,16384,0.04747438500001522,345112.4222039895,1.807664394378662,0.3085673451423645,0.2647710144519806,0.6587357521057129,0.3715977072715759,0.32675182819366455,0.2847469449043274,0.2290145307779312,0.16235944628715515,0.005006290506571531
1483,0.00010032739449038187,0.6840196847915649,0.6840196847915649,1.0245575904846191,1.0245575904846191,0.9999989867210388,True,16384,0.04738200299999562,345785.2974261454,1.804236888885498,0.3324318528175354,0.2765829265117645,0.6793959140777588,0.3580740690231323,0.33138132095336914,0.28914427757263184,0.23083260655403137,0.16181336343288422,0.00529063493013382
1484,0.0001002900143605054,0.6995806694030762,0.6995806694030762,1.0142130851745605,1.0142130851745605,0.9999989867210388,True,16384,0.04744656399998348,345314.78401693545,1.803204894065857,0.3069254457950592,0.2554488480091095,0.6773925423622131,0.3707483410835266,0.3281232714653015,0.2875500023365021,0.23234912753105164,0.168789803981781,0.0054488335736095905
1485,0.00010025489874991002,0.6946951150894165,0.6946951150894165,1.1212457418441772,1.1212457418441772,0.9999991655349731,True,16384,0.047409244000022,345586.6117585085,1.8053022623062134,0.5132498145103455,0.26675933599472046,0.7127293944358826,0.36918124556541443,0.32983455061912537,0.29214903712272644,0.23701539635658264,0.16728585958480835,0.005028778687119484
1486,0.00010022204783542078,0.7216283082962036,0.7216283082962036,1.0391895771026611,1.0391895771026611,0.9999990463256836,True,16384,0.047386074000002054,345755.5905559783,1.8082319498062134,0.33227506279945374,0.2678413689136505,0.687961757183075,0.3659432530403137,0.3384397029876709,0.2959510385990143,0.24351352453231812,0.17062920331954956,0.004670946858823299
1487,0.00010019146178245883,0.6854601502418518,0.6854601502418518,1.0153414011001587,1.0153414011001587,0.9999990463256836,True,16384,0.04740274399998157,345633.999584631,1.8108494281768799,0.3352639377117157,0.2718692123889923,0.6640340089797974,0.35561326146125793,0.3313833475112915,0.28949904441833496,0.23637264966964722,0.16637958586215973,0.004756427835673094
1488,0.0001001631407450405,0.6809351444244385,0.6809351444244385,1.0251944065093994,1.0251944065093994,0.9999991059303284,True,16384,0.047397974000006116,345668.78322685027,1.8110804557800293,0.32875579595565796,0.2650100886821747,0.6949439644813538,0.351115882396698,0.3274509906768799,0.2838786542415619,0.23106804490089417,0.15893182158470154,0.004507151897996664
1489,0.00010013708486577671,0.6854771971702576,0.6854771971702576,1.090949535369873,1.090949535369873,0.9999991655349731,True,16384,0.04765160800002377,343828.90079998615,1.8112355470657349,0.43156030774116516,0.2642119228839874,0.7190135717391968,0.3670336902141571,0.3356649875640869,0.2945186197757721,0.23782554268836975,0.16255639493465424,0.00516586285084486
1490,0.00010011329427587207,0.6658530235290527,0.6658530235290527,0.9948327541351318,0.9948327541351318,0.9948327541351318,False,16384,0.04758952700001373,344277.4289392553,1.8102390766143799,0.317905068397522,0.2568747401237488,0.6548013091087341,0.35399872064590454,0.32442039251327515,0.28462302684783936,0.23515421152114868,0.16424624621868134,0.005563389044255018
1491,0.00010009176909512434,0.6650436520576477,0.6650436520576477,1.0181151628494263,1.0181151628494263,0.9999989867210388,True,16384,0.04754703700001528,344585.0894976849,1.8127975463867188,0.40623849630355835,0.26324790716171265,0.6454384922981262,0.3436565399169922,0.3304953873157501,0.2820068895816803,0.2299923598766327,0.1608046293258667,0.005369147285819054
1492,0.00010007250943192382,0.6772360801696777,0.6772360801696777,1.083278775215149,1.083278775215149,0.9999991655349731,True,16384,0.04768311899999844,343601.68427741766,1.813277244567871,0.38593220710754395,0.2595010995864868,0.7146692276000977,0.3842451572418213,0.3529980182647705,0.2969819903373718,0.24179181456565857,0.165888249874115,0.004902323242276907
1493,0.00010005551538325273,0.673224687576294,0.673224687576294,1.0447916984558105,1.0447916984558105,0.9999991655349731,True,16384,0.047480325000009316,345069.24710386427,1.8111763000488281,0.34402135014533997,0.28045588731765747,0.7041972875595093,0.3565738797187805,0.33545175194740295,0.28315192461013794,0.23070435225963593,0.15999799966812134,0.004266098607331514
1494,0.00010004078703468479,0.697887659072876,0.697887659072876,1.0088859796524048,1.0088859796524048,0.9999990463256836,True,16384,0.04760070699998664,344196.5683409828,1.8099255561828613,0.31451550126075745,0.27934184670448303,0.670457124710083,0.3461362421512604,0.3306390047073364,0.28540220856666565,0.2326234132051468,0.16329261660575867,0.004620066378265619
1495,0.00010002832446038475,0.6893935799598694,0.6893935799598694,1.0176430940628052,1.0176430940628052,0.9999991059303284,True,16384,0.04761393700002259,344100.9299439411,1.806489109992981,0.35630813241004944,0.2739855647087097,0.655540406703949,0.35089510679244995,0.33301982283592224,0.29043909907341003,0.24033038318157196,0.16636423766613007,0.0045485771261155605
1496,0.00010001812772310801,0.668457567691803,0.668457567691803,1.0695501565933228,1.0695501565933228,0.9999991059303284,True,16384,0.047449244000006274,345295.2801523631,1.8038592338562012,0.39590704441070557,0.2660592198371887,0.687971830368042,0.3808053731918335,0.3431095778942108,0.29955437779426575,0.24561725556850433,0.17400211095809937,0.0052969916723668575
1497,0.00010001019687420036,0.7044950723648071,0.7044950723648071,1.0490374565124512,1.0490374565124512,0.9999990463256836,True,16384,0.047408024999981535,345595.4978087862,1.803586721420288,0.3653920888900757,0.2610037326812744,0.6776014566421509,0.3789842426776886,0.3468729257583618,0.29589495062828064,0.2418774515390396,0.17225928604602814,0.004452298860996962
1498,0.00010000453195359765,0.6673035025596619,0.6673035025596619,1.0381300449371338,1.0381300449371338,0.9999991059303284,True,16384,0.04739401500000895,345697.6582380055,1.801411747932434,0.3806276321411133,0.260962575674057,0.671522319316864,0.3584154546260834,0.3376741409301758,0.29256924986839294,0.24009855091571808,0.1674444079399109,0.005063613411039114
1499,0.00010000113298982572,0.7198803424835205,0.7198803424835205,1.0584046840667725,1.0584046840667725,0.9999991059303284,True,16384,0.04741815500000257,345521.6678084399,1.7998660802841187,0.3260655999183655,0.26892057061195374,0.7032291293144226,0.37907740473747253,0.3524344563484192,0.3041097819805145,0.24425111711025238,0.16427507996559143,0.003844850230962038
1500,0.0001,0.6946697235107422,0.6946697235107422,1.0734186172485352,1.0734186172485352,0.9999990463256836,True,16384,0.04760913900000219,344135.6080814494,1.7963809967041016,0.34568899869918823,0.26900342106819153,0.7229775786399841,0.3901268541812897,0.34290117025375366,0.29594719409942627,0.23433876037597656,0.15926344692707062,0.004762832075357437
